-- MySQL dump 10.13  Distrib 8.0.21, for Win64 (x86_64)
--
-- Host: localhost    Database: ry_vue
-- ------------------------------------------------------
-- Server version	8.0.21

/*!40101 SET @OLD_CHARACTER_SET_CLIENT=@@CHARACTER_SET_CLIENT */;
/*!40101 SET @OLD_CHARACTER_SET_RESULTS=@@CHARACTER_SET_RESULTS */;
/*!40101 SET @OLD_COLLATION_CONNECTION=@@COLLATION_CONNECTION */;
/*!50503 SET NAMES utf8mb4 */;
/*!40103 SET @OLD_TIME_ZONE=@@TIME_ZONE */;
/*!40103 SET TIME_ZONE='+00:00' */;
/*!40014 SET @OLD_UNIQUE_CHECKS=@@UNIQUE_CHECKS, UNIQUE_CHECKS=0 */;
/*!40014 SET @OLD_FOREIGN_KEY_CHECKS=@@FOREIGN_KEY_CHECKS, FOREIGN_KEY_CHECKS=0 */;
/*!40101 SET @OLD_SQL_MODE=@@SQL_MODE, SQL_MODE='NO_AUTO_VALUE_ON_ZERO' */;
/*!40111 SET @OLD_SQL_NOTES=@@SQL_NOTES, SQL_NOTES=0 */;

--
-- Table structure for table `busi_article`
--

DROP TABLE IF EXISTS `busi_article`;
/*!40101 SET @saved_cs_client     = @@character_set_client */;
/*!50503 SET character_set_client = utf8mb4 */;
CREATE TABLE `busi_article` (
  `article_id` int NOT NULL AUTO_INCREMENT,
  `article_content` longtext CHARACTER SET utf8 COLLATE utf8_general_ci COMMENT 'æ–‡ç« å†…å®¹',
  `article_imgurls` longtext CHARACTER SET utf8 COLLATE utf8_general_ci COMMENT 'å›¾ç‰‡é“¾æ¥',
  `create_user` varchar(20) CHARACTER SET utf8 COLLATE utf8_general_ci NOT NULL COMMENT 'å‘å¸ƒç”¨æˆ·',
  `create_time` datetime DEFAULT NULL COMMENT 'åˆ›å»ºæ—¶é—´',
  `update_time` datetime DEFAULT NULL COMMENT 'ä¿®æ”¹æ—¶é—´',
  `article_lable` varchar(20) CHARACTER SET utf8 COLLATE utf8_general_ci DEFAULT NULL COMMENT 'æ–‡ç« æ ‡ç­¾',
  `article_title` varchar(30) CHARACTER SET utf8 COLLATE utf8_general_ci DEFAULT NULL COMMENT 'æ–‡ç« æ ‡é¢˜',
  `article_view_count` int DEFAULT '0' COMMENT 'è®¿é—®é‡',
  `article_comment_count` int DEFAULT '0' COMMENT 'ç‚¹èµæ•°',
  `article_collect_count` int DEFAULT '0' COMMENT 'æ”¶è—æ•°',
  `article_transmit_count` int DEFAULT '0' COMMENT 'è½¬å‘æ•°',
  `article_trample_count` int DEFAULT '0' COMMENT 'è¸©æ•°',
  `article_vediourls` longtext CHARACTER SET utf8 COLLATE utf8_general_ci COMMENT 'è§†é¢‘é“¾æ¥',
  PRIMARY KEY (`article_id`) USING BTREE
) ENGINE=InnoDB AUTO_INCREMENT=33 DEFAULT CHARSET=utf8 ROW_FORMAT=DYNAMIC;
/*!40101 SET character_set_client = @saved_cs_client */;

--
-- Dumping data for table `busi_article`
--

LOCK TABLES `busi_article` WRITE;
/*!40000 ALTER TABLE `busi_article` DISABLE KEYS */;
INSERT INTO `busi_article` VALUES (11,'é˜¿æ¾åœ°æ³•è‰°è‹¦æ’’æ—¦èŒƒå¾·è¨',NULL,'qwerty','2021-05-06 01:41:14',NULL,'','å•Šæ‰‹åŠ¨é˜€æ‰‹åŠ¨é˜€å¯èƒ½çš„',0,0,0,0,0,NULL),(12,'å®šæ—¶å‘å¸ƒå¯¹ä¸å¯¹',NULL,'ry','2021-05-06 01:43:18',NULL,'','ç”µé¥­ç…²ç”µé¥­ç…²',0,0,0,0,0,NULL),(13,'æ‰©å¤§è§£æ”¾å¦‡å¥³ç©ºé—´çš„åé¦ˆæ˜¯æ³•å›½ç«‹åˆ»é©¬ä¸Šå‘è¿‡æ¥æ’’','http://localhost:8080/profile/upload/2021/05/06/235810a6-4402-4bf8-82b6-d3b9ffa04b3b.png','dfm','2021-05-06 01:50:03',NULL,'','çš„ä¸–ç•Œå¦‡å¥³çš„é£æœºå–€ä»€ç»™ä½ ç­”å¤',0,0,0,0,0,NULL),(14,'çœ‹åˆ°å¢ƒå†…å‘ç©ºé—´å‘åˆ°ä½ å¼€ä»·å¤šå°‘ç¬¬ä¸‰æ–¹vç©ºé—´çš„\nå£«å¤§å¤«vçœ‹è§å¯¹æ–¹æ˜¯å¥³æ¬¾æ¥å†³å®šæ˜¯å¦\næ˜¯vç¦»å¼€æˆ¿é—´å¥³ç”Ÿçš„çœ‹é£æ™¯å¥³å¤§å¤«',NULL,'ry','2021-05-06 01:50:38',NULL,'mysql','æ´’æ€å›å•Šçš„æ•°æ®åº“çš„',0,0,0,0,0,'http://localhost:8080/profile/upload/2021/05/06/9519ba41-82af-40db-82ad-aa6198d42218.mp4'),(15,'ä¹å¹´ç››å¤§å¼€æ”¾å°±æ˜¯é‚£ä»¶ç–¯ç‹‚çš„çœ‹å¾—è§å•Šv\né˜¿æ–¯è¾¾å…‹vç¼´çº³ç¨æ¬¾å·¨å¤§v\né˜¿è¨çš„è€ƒè™‘ä»Šå¹´æ’’æ—¦vçœ‹è§æ’’æ—¦\né˜¿é‡Œå±±æ‰©å¤§éº»çƒ¦å¯„åˆ°iaf','http://localhost:8080/profile/upload/2021/05/06/6c898a79-ece0-41fb-8062-97d3007e5275.png,http://localhost:8080/profile/upload/2021/05/06/d38868ee-e5e3-4c0c-9efd-171a9d18b70d.png,http://localhost:8080/profile/upload/2021/05/06/19192bf1-f3c7-4a1b-9b23-8a82dfa16e2a.png,http://localhost:8080/profile/upload/2021/05/06/54f1b28e-2db6-406f-b007-4b7571b02f59.png,http://localhost:8080/profile/upload/2021/05/06/cd9a8703-eede-4f71-abc2-62e2d1c9db61.png','tanhong','2021-05-06 02:33:56',NULL,'','æˆè¯¾æ•™å¸ˆçš„å¥³å¤§æ¬¾å°±æ˜¯vä½ ',0,0,0,0,0,NULL),(16,'ä½ çš„å–€ä»€åœ°æ–¹',NULL,'tanhong','2021-05-06 02:34:10',NULL,'','é˜¿æ–¯é¡¿è¦…æ¬§å‰å®‰åˆ°',0,0,0,0,0,'http://localhost:8080/profile/upload/2021/05/06/78f5d850-d731-436b-ab6b-a77e9248e1f2.mp4'),(17,'é‚£ä½ çš„ç©ºé—´å¦‡å¥³è‚¯å®šæ˜¯åˆ†å±€','http://localhost:8080/profile/upload/2021/05/06/d0bb3d09-dc67-428c-82c1-c5c1cc643aa7.png','admin','2021-05-06 02:34:42',NULL,'','å¥¥è¿ªå“¦åˆ†çš„è²å°¼å…‹æ–¯åƒåœ¾',0,0,0,0,0,NULL),(18,'å“¦iæ²¡å¾—åˆ°çœ‹vç¾ä¸½çš„å¼€å‘vå—',NULL,'tanhong','2021-05-06 02:34:56',NULL,'','åˆ°iå°±æ˜¯ä¸œæ–¹',0,0,0,0,0,'http://localhost:8080/profile/upload/2021/05/06/6946ca35-042b-4bc7-a842-e426fc6a0469.mp4'),(19,'æ¬§ç¾å¤šä½vçœ‹åˆ°ä»€ä¹ˆæ—…å®¢çˆ±ä¸Šäº†æ‰“å¼€vç›®çš„æ˜¯\næ’’æ—¦vä¸¤å¹´çš„é€Ÿç‡',NULL,'qwerty','2021-05-06 02:35:03',NULL,'','å½“æˆ‘æ”¾å±å°±æ˜¯å¤§è¦…å—',0,0,0,0,0,NULL),(20,'é˜¿è¨DVDæ’’vä½†æ˜¯vvé˜¿æ–¯é¡¿',NULL,'qwerty','2021-05-06 02:35:12',NULL,'','é˜¿æ¾ié£æœºé€åŸƒå¾·åŠ ä½›å—ä¸ºé€€å“¦æ—¥ä¿„å„¿ç«¥',0,0,0,0,0,NULL),(21,'è‚¯å®šæ²¡äº‹çš„å—vå¼€æœ—å¤§æ–¹v',NULL,'admin','2021-05-06 02:44:51',NULL,'','å¸æ³•å“ªé‡Œçš„å¼€å‘äº†',0,0,0,0,0,NULL),(22,'äº†è‚¯å®šæ²¡äº‹vå¢å¡æ–¯å®šå¾‹v',NULL,'admin','2021-05-06 02:45:12',NULL,'','çˆ±ä¸Šäº†è´·æ¬¾ä¹°æˆ¿ç»¿å¡çš„æ’’',0,0,0,0,0,'http://localhost:8080/profile/upload/2021/05/06/b46d3aa5-663d-4d31-b680-cfb670fd7435.mp4'),(23,'è·¯å£æ”¾å¤§æ¥çœ‹é˜²ç©ºæ´å‘ç”Ÿè¿‡æ˜¯ä¸œæ–¹å…­å›½å¼€å‘çš„é¦–æ¬¾ä¸¤ä¸ª\nå­™å¤§å‘æ„Ÿæ…¨çš„å‘ç”Ÿç‡çœ‹è¿‡','http://localhost:8080/profile/upload/2021/05/06/28288361-1583-48ad-af5a-cc1fa0301ae3.png,http://localhost:8080/profile/upload/2021/05/06/931a0280-7873-494e-a5cd-a90aa67f8b7e.png','admin','2021-05-06 02:45:37',NULL,'','åˆ˜åº·åº·æ”¾å•Š',0,0,0,0,0,NULL),(24,'OKæ‰“ç¿»äº†å¯èƒ½è¿ªæ–¯ç§‘æµªè´¹',NULL,'tanhongw','2021-05-06 10:36:08',NULL,'','å¶çˆ±ä½ çš„æ³•å¾‹çœ‹',0,0,0,0,0,'http://localhost:8080/profile/upload/2021/05/06/cacff88c-026d-4cda-b8ad-c1ac73924822.mp4'),(25,'å¥åº·çš„ä¸‰ç©ºé—´ä¸¹æ±Ÿå£è¨èŠ¬é˜¿è¿ªæ–¯vå¡åˆ·é“å…·å¡å‰è¨å¤§v\né˜¿æ–¯é¡¿vç¦»å¼€ä½ çš„æ’’vä½ æ‡‚æ’’é˜¿æ–¯é¡¿vå°½å¿«çš„VS\né˜¿æ–¯é¡¿vè‚¯å®šæ˜¯vå¿«ä¹å¥³å£°çš„v\nç¦»å¼€æ‹‰è¨çš„væ¿€åŠ¨æ’’v','http://localhost:8080/profile/upload/2021/05/06/37891ca0-f326-4113-bc26-1a95ab7c5b0e.png','tanhong','2021-05-06 10:44:12',NULL,'','å¡çš„ä½ å‘äº†å¤šå°‘çœ‹æ³•å¡å•å',0,0,0,0,0,NULL),(26,'è§åˆ°ä½ çš„ç§‘æŠ€ç¤ºèŒƒä»˜æ¬¾æ—¶é—´çš„é‚£ä»½ç§‘æŠ€å¤§å¦å‘\næ’’æ—¦ç«‹åˆ»åå‡»ä½ æ‰“ç®—ä¼šè®¡æ³•\nADSLç–¯ç‹‚ä¹ç‚¹ä¸‰ä¹å¹´é™„ä»¶æ˜¯å¡å•åå¢å¡æ–¯å¤§å®¶é˜¿æ–¯è¾¾å…‹è­¦æ–¹çº³æ–¯è¾¾å…‹å°±æœä½ åœ°æ–¹æ’’ç«‹åˆ»æ­è¡—åŠçš„æ’’\nå•Šæ”¶åˆ°äº†ç–¯ç‹‚æ‡’å¾—è¯´äº†å¼€å‘ä½ å¡è¨ä¸å—æ–¹çš„','http://localhost:8080/profile/upload/2021/05/06/592d4b43-6601-49c5-ab24-790bb3e37b01.png,http://localhost:8080/profile/upload/2021/05/06/ada2a287-18a4-4e94-93d2-a1b88524a53d.png,http://localhost:8080/profile/upload/2021/05/06/fabba868-03d0-45a0-8af7-f17699755b85.png','qwerty','2021-05-06 10:54:32',NULL,'iå®‰ä¸œå°¼çš„ç©ºé—´æ˜¯å¦èƒ½','å—²å—²æ–¯æ´›ä¼å…‹ä½ å¤šå°‘ç©ºé—´',0,0,0,0,0,NULL),(27,'æ¬§èµ›å°†å¤§å¹…æ‹‰å‡é˜¶æ®µäº†åæŠ—æ’’æ—¦å®¶ä¹ç¦çš„æ˜¯','http://localhost:8080/profile/upload/2021/05/06/84b1af7c-f691-456b-bb9c-fd4a65229b9d.png,http://localhost:8080/profile/upload/2021/05/06/077081c3-1b70-4557-9fdb-45d8a6346fd6.png,http://localhost:8080/profile/upload/2021/05/06/9f5306a0-a4fe-4457-9e72-d58e44df886d.png','qwerty','2021-05-06 10:54:54',NULL,'iå®‰ä¸œå°¼çš„ç©ºé—´æ˜¯å¦èƒ½','å¥¥çš„æ–¯æ”¾å‡å“¦iæ˜¯å¤§å®¶å¹…åº¦è¨èŠ¬',0,0,0,0,0,''),(28,'å“¦iè§£æ”¾å†›å•Šå¯æ˜¯å¯¹æ–¹è€ƒè™‘çš„è¨èŠ¬ç»¿å¡çš„æ’’',NULL,'tanhong','2021-05-06 10:55:05',NULL,'iå®‰ä¸œå°¼çš„ç©ºé—´æ˜¯å¦èƒ½','é˜¿æ¾åœ°æ–¹éƒ½æ˜¯åƒåœ¾ä»˜æ¬¾äº†æ’’æ—¦è§£æ”¾',0,0,0,0,0,''),(29,'å•Špodsé‡‘ä½›içš„äº‹ä»¶åˆ†çº§è€ƒè¯•çš„é“¾æ¥å‘æ¥çš„æ˜¯',NULL,'admin','2021-05-06 10:55:19',NULL,'','é˜¿æ–¯é¡¿ä½›ä¸•ä¹ç‚¹ä¸‰é›¶é™„è¿‘çš„æ’’å¼€å‘',0,0,0,0,0,'http://localhost:8080/profile/upload/2021/05/06/9d6df790-1baf-4345-963c-50adfdb6de91.mp4'),(30,'å¥¥çš„æ–¯ä¹åˆ†é›¶å››å¤§å®¶åˆ†å˜å¡è¿ªæ–¯ç§‘æµªè´¹',NULL,'tanhong','2021-05-06 10:55:25',NULL,'','é˜¿ç‘Ÿä¸œè¦…çš„è¯´æ³•éƒ½æ˜¯å’–å•¡ç¢±æ’’æ³•',0,0,0,0,0,''),(31,'å•Šç©ºé—´çš„å—éå½“å±€é‡Šæ”¾æŠ€èƒ½çš„è®¾è®¡å¼€å‘ä½ çœ‹',NULL,'ry','2021-05-06 10:55:39',NULL,'','ç››å¤§èŒƒå¾·è¨å‘äº†å¡å•åçœ‹ç‚¹ä¸‰é›¶åˆ†',0,0,0,0,0,'http://localhost:8080/profile/upload/2021/05/06/812695e1-b35a-4c4c-a90f-42d881f02210.mp4'),(32,'é™„è¿‘çš„æŠ€æœ¯æ¡†æ¶è¨å¼—å…‹æ‹‰çš„æ—¶é—´',NULL,'ry','2021-05-06 10:55:56',NULL,'iå®‰ä¸œå°¼çš„ç©ºé—´æ˜¯å¦èƒ½','é˜¿è¨çš„ä½›æ•™å¤§å«‚è¦…ç»å…¸èµ›è²',0,0,0,0,0,'http://localhost:8080/profile/upload/2021/05/06/518dc2f1-773b-41bf-90eb-0bb3ed1ba376.mp4');
/*!40000 ALTER TABLE `busi_article` ENABLE KEYS */;
UNLOCK TABLES;

--
-- Table structure for table `busi_comment`
--

DROP TABLE IF EXISTS `busi_comment`;
/*!40101 SET @saved_cs_client     = @@character_set_client */;
/*!50503 SET character_set_client = utf8mb4 */;
CREATE TABLE `busi_comment` (
  `id` int NOT NULL AUTO_INCREMENT,
  `parent_id` int DEFAULT NULL COMMENT 'ä¸Šçº§è¯„è®º',
  `article_id` int DEFAULT NULL COMMENT 'è¯„è®ºæ–‡ç« ',
  `create_time` datetime DEFAULT NULL COMMENT 'åˆ›å»ºæ—¶é—´',
  `update_time` datetime DEFAULT NULL COMMENT 'ä¿®æ”¹æ—¶é—´',
  `update_by` varchar(40) CHARACTER SET utf8 COLLATE utf8_general_ci DEFAULT NULL COMMENT 'ä¿®æ”¹ç”¨æˆ·',
  `create_by` varchar(40) CHARACTER SET utf8 COLLATE utf8_general_ci NOT NULL COMMENT ' åˆ›å»ºç”¨æˆ·id',
  `content` longtext CHARACTER SET utf8 COLLATE utf8_general_ci COMMENT 'è¯„è®ºå†…å®¹',
  `imgurls` longtext CHARACTER SET utf8 COLLATE utf8_general_ci COMMENT 'å›¾ç‰‡é“¾æ¥',
  `praise_count` int DEFAULT '0' COMMENT ' ç‚¹èµé‡',
  `trample_count` int DEFAULT '0' COMMENT 'è¸©ä¸€è¸© é‡',
  `answer_user` int DEFAULT NULL COMMENT 'å›å¤ç”¨æˆ·ï¼ˆäºŒçº§è¯„è®ºï¼‰',
  PRIMARY KEY (`id`) USING BTREE
) ENGINE=InnoDB AUTO_INCREMENT=24 DEFAULT CHARSET=utf8 ROW_FORMAT=DYNAMIC;
/*!40101 SET character_set_client = @saved_cs_client */;

--
-- Dumping data for table `busi_comment`
--

LOCK TABLES `busi_comment` WRITE;
/*!40000 ALTER TABLE `busi_comment` DISABLE KEYS */;
INSERT INTO `busi_comment` VALUES (1,1,1,'2021-04-03 18:57:09',NULL,NULL,'admin','è¯„è®ºä¸€ä¸‹å’¯','http://localhost:8080/profile/upload/2021/05/06/63f29c20-0e08-47d7-9e46-8f069b7b1166.png',25,251,NULL),(2,1,1,'2021-04-09 18:57:16',NULL,NULL,'ry','äºŒçº§è¯„è®º','http://localhost:8080/profile/upload/2021/05/06/63f29c20-0e08-47d7-9e46-8f069b7b1166.png',2,2,1),(4,1,2,'2021-04-15 12:41:59',NULL,NULL,'admin',NULL,NULL,0,0,NULL),(5,NULL,1,'2021-04-17 19:32:39',NULL,NULL,'admin','å†Œæ•°æ‰“åˆ†',NULL,0,0,0),(6,NULL,1,'2021-04-17 19:35:20',NULL,NULL,'ry','å†Œæ•°æ‰“åˆ†',NULL,0,0,0),(7,NULL,1,'2021-04-17 19:57:47',NULL,NULL,'admin','å†Œæ•°æ‰“åˆ†',NULL,0,0,0),(8,NULL,11,'2021-05-06 01:41:27',NULL,NULL,'ry','içš„åå°„ç‡çš„ä»˜æ¬¾æ—¶é—´ä¸èƒ½è‚¯å®šå°±æ˜¯æ–¹ä¾¿',NULL,0,0,1),(9,NULL,11,'2021-05-06 01:51:27',NULL,NULL,'admin','çˆ±ä¸Šè¦…çš„è¨èŠ¬åˆ°äº†å¼€å§‹æ‰“','http://localhost:8080/profile/upload/2021/05/06/63f29c20-0e08-47d7-9e46-8f069b7b1166.png',0,0,1),(10,9,11,'2021-05-06 01:51:34',NULL,NULL,'ry','å—·å—·iuå‘åŠ¨å‘åŠ¨æ”»å‡»å¿«é€’å¸ˆå‚…ä½ ',NULL,0,0,1),(11,9,11,'2021-05-06 01:51:40',NULL,NULL,'admin','æ’’æ—¦vå“¦å•¤é…’æ‰“æ‰«vå¶æ˜¯ä½›ç‰Œå“¦ä¸',NULL,0,0,1),(12,9,11,'2021-05-06 01:51:49',NULL,NULL,'ry','æ­»å•Šuvçš„æ˜¯å¦“å¥³çœ‹è§çš„éƒ½æ˜¯vv',NULL,0,0,1),(13,NULL,12,'2021-05-06 10:27:13',NULL,NULL,'tanhongq','æš—ç¤ºçš„éª„å‚²å¤šå°‘åˆ†å‘¢','http://localhost:8080/profile/upload/2021/05/06/dc549fcc-fcf2-4e49-9a40-a4c131af0355.png',0,0,2),(14,NULL,11,'2021-05-06 10:27:49',NULL,NULL,'tanhongq','æ’’æ—¦å¼€å‘ä½ ',NULL,0,0,5),(15,9,11,'2021-05-06 10:28:06',NULL,NULL,'tanhongq','é€åˆ°fig',NULL,0,0,1),(16,9,11,'2021-05-06 10:28:23',NULL,NULL,'tanhongq','æ”¶åˆ°å‘ç¥¨ç»™iéƒ½ååˆ†',NULL,0,0,2),(17,NULL,16,'2021-05-06 10:34:44',NULL,NULL,'tanhongw','è§£å¼€äº†åˆ»å½•æœº',NULL,0,0,6),(18,NULL,13,'2021-05-06 10:35:16',NULL,NULL,'tanhongw','å“¦é˜¿æ–¯é¡¿å‘ä½ äº†',NULL,0,0,3),(19,9,11,'2021-05-06 10:57:01',NULL,NULL,'tanhong','å¶æ»´æ¿€å‘ä½†æ˜¯å¯èƒ½ä»˜æ¬¾æ°´å•','http://localhost:8080/profile/upload/2021/05/06/0afad688-82d8-4e9b-bfe6-7b3305f8efd6.png',0,0,2),(20,NULL,11,'2021-05-06 11:26:09',NULL,NULL,'admin','iusadyfisd',NULL,0,0,5),(21,20,11,'2021-05-06 13:21:55',NULL,NULL,'admin','çš„væ•¢æ­»é˜Ÿé£æ ¼',NULL,0,0,1),(22,9,11,'2021-05-06 13:30:02',NULL,NULL,'admin','é£æ ¼çš„æœé¥°éƒ¨åˆ†',NULL,0,0,12),(23,20,11,'2021-05-06 13:33:14',NULL,NULL,'admin','uiwenfjren',NULL,0,0,1);
/*!40000 ALTER TABLE `busi_comment` ENABLE KEYS */;
UNLOCK TABLES;

--
-- Table structure for table `busi_follows`
--

DROP TABLE IF EXISTS `busi_follows`;
/*!40101 SET @saved_cs_client     = @@character_set_client */;
/*!50503 SET character_set_client = utf8mb4 */;
CREATE TABLE `busi_follows` (
  `id` int NOT NULL AUTO_INCREMENT,
  `user_id` int NOT NULL COMMENT 'è¢«å…³æ³¨ç”¨æˆ·',
  `follow_id` int NOT NULL COMMENT 'å…³æ³¨ç”¨æˆ·',
  `create_by` varchar(40) CHARACTER SET utf8 COLLATE utf8_general_ci DEFAULT NULL COMMENT 'åˆ›å»ºç”¨æˆ·å',
  `create_time` datetime DEFAULT NULL COMMENT 'åˆ›å»ºæ—¶é—´',
  `update_by` varchar(40) CHARACTER SET utf8 COLLATE utf8_general_ci DEFAULT NULL COMMENT 'ä¿®æ”¹ç”¨æˆ·',
  `update_time` datetime DEFAULT NULL COMMENT 'ä¿®æ”¹æ—¶é—´',
  PRIMARY KEY (`id`) USING BTREE
) ENGINE=InnoDB AUTO_INCREMENT=12 DEFAULT CHARSET=utf8 ROW_FORMAT=DYNAMIC COMMENT='å…³æ³¨ä¿¡æ¯è¡¨';
/*!40101 SET character_set_client = @saved_cs_client */;

--
-- Dumping data for table `busi_follows`
--

LOCK TABLES `busi_follows` WRITE;
/*!40000 ALTER TABLE `busi_follows` DISABLE KEYS */;
INSERT INTO `busi_follows` VALUES (1,1,3,'admin',NULL,NULL,NULL),(2,1,2,'admin',NULL,NULL,NULL),(3,2,3,'admin',NULL,NULL,NULL),(4,1,3,'dfm','2021-05-05 11:29:55',NULL,NULL),(5,3,1,'admin','2021-05-06 02:00:20',NULL,NULL),(6,6,1,'admin','2021-05-06 02:36:41',NULL,NULL),(7,2,12,'tanhongq','2021-05-06 10:28:35',NULL,NULL),(8,5,13,'tanhongw','2021-05-06 10:36:42',NULL,NULL),(9,2,6,'tanhong','2021-05-06 10:44:53',NULL,NULL),(10,1,1,'admin','2021-05-06 10:59:36',NULL,NULL),(11,5,1,'admin','2021-05-06 11:26:14',NULL,NULL);
/*!40000 ALTER TABLE `busi_follows` ENABLE KEYS */;
UNLOCK TABLES;

--
-- Table structure for table `busi_image`
--

DROP TABLE IF EXISTS `busi_image`;
/*!40101 SET @saved_cs_client     = @@character_set_client */;
/*!50503 SET character_set_client = utf8mb4 */;
CREATE TABLE `busi_image` (
  `id` int NOT NULL,
  `img_src` varchar(255) CHARACTER SET utf8 COLLATE utf8_general_ci DEFAULT NULL COMMENT 'åœ°å€',
  `img_description` varchar(30) CHARACTER SET utf8 COLLATE utf8_general_ci DEFAULT NULL COMMENT 'å›¾ç‰‡æè¿°',
  `create_time` datetime DEFAULT NULL COMMENT 'åˆ›å»ºæ—¶é—´',
  `update_time` datetime DEFAULT NULL COMMENT 'ä¿®æ”¹æ—¶é—´',
  `create_by` int DEFAULT NULL COMMENT 'ä¸Šä¼ ç”¨æˆ·',
  `img_name` varchar(40) CHARACTER SET utf8 COLLATE utf8_general_ci DEFAULT NULL COMMENT 'å›¾ç‰‡åç§°',
  `common_id` int DEFAULT NULL COMMENT 'å¯¹åº”idï¼ˆä¸ img_typeå¯¹åº”ï¼‰',
  `img_type` int DEFAULT NULL COMMENT 'å›¾ç‰‡å‡ºç°æ¿å—ï¼ˆ1æ–‡ç« ï¼Œ2è¯„è®ºï¼Œ3ç•™è¨€ï¼Œ4å…¶ä»–ï¼‰',
  PRIMARY KEY (`id`) USING BTREE
) ENGINE=InnoDB DEFAULT CHARSET=utf8 ROW_FORMAT=DYNAMIC;
/*!40101 SET character_set_client = @saved_cs_client */;

--
-- Dumping data for table `busi_image`
--

LOCK TABLES `busi_image` WRITE;
/*!40000 ALTER TABLE `busi_image` DISABLE KEYS */;
/*!40000 ALTER TABLE `busi_image` ENABLE KEYS */;
UNLOCK TABLES;

--
-- Table structure for table `busi_lable`
--

DROP TABLE IF EXISTS `busi_lable`;
/*!40101 SET @saved_cs_client     = @@character_set_client */;
/*!50503 SET character_set_client = utf8mb4 */;
CREATE TABLE `busi_lable` (
  `lable_id` int NOT NULL AUTO_INCREMENT,
  `lable_name` varchar(40) CHARACTER SET utf8 COLLATE utf8_general_ci DEFAULT NULL COMMENT 'æ ‡ç­¾åå­—',
  `create_by` varchar(40) CHARACTER SET utf8 COLLATE utf8_general_ci DEFAULT NULL COMMENT 'åˆ›å»ºç”¨æˆ·id',
  `create_time` datetime DEFAULT NULL COMMENT 'åˆ›å»ºæ—¶é—´',
  `lable_description` varchar(30) CHARACTER SET utf8 COLLATE utf8_general_ci DEFAULT NULL COMMENT 'æ ‡ç­¾æè¿°',
  `update_by` varchar(40) CHARACTER SET utf8 COLLATE utf8_general_ci DEFAULT NULL COMMENT 'ä¿®æ”¹ç”¨æˆ·',
  `update_time` datetime DEFAULT NULL COMMENT 'ä¿®æ”¹æ—¶é—´',
  `lable_img` varchar(200) CHARACTER SET utf8 COLLATE utf8_general_ci DEFAULT NULL COMMENT 'å›¾ç‰‡åœ°å€',
  PRIMARY KEY (`lable_id`) USING BTREE
) ENGINE=InnoDB AUTO_INCREMENT=13 DEFAULT CHARSET=utf8 ROW_FORMAT=DYNAMIC COMMENT='æ ‡ç­¾è¡¨';
/*!40101 SET character_set_client = @saved_cs_client */;

--
-- Dumping data for table `busi_lable`
--

LOCK TABLES `busi_lable` WRITE;
/*!40000 ALTER TABLE `busi_lable` DISABLE KEYS */;
INSERT INTO `busi_lable` VALUES (1,'mysql','1',NULL,'æŒä¹…åŒ–çš„ä¸€ç§æ•°æ®åº“',NULL,NULL,NULL),(2,'vue','1',NULL,'å‰ç«¯js',NULL,NULL,NULL),(3,'iå®‰ä¸œå°¼çš„ç©ºé—´æ˜¯å¦èƒ½','admin','2021-05-06 02:46:31','æµå—å¸‚vç§‘æŠ€å¤§å¦å‘vå—æ–¹çš„',NULL,NULL,'http://localhost:8080/profile/upload/2021/05/06/b8898ad3-ef50-402a-8738-e717bd02fb00.png'),(4,'å¥¥æ–¯å¡çš„å¥¶ç²‰','admin','2021-05-06 02:46:51','æ‹‰å…‹ä¸çš„åˆ†å˜å¡å£«å¤§å¤«',NULL,NULL,'http://localhost:8080/profile/upload/2021/05/06/1b30080f-e675-4fb5-a760-d30034245f15.png'),(5,'é˜¿æ–¯é¡¿é˜¿æ–¯å…°çš„çœ‹æ³•æ¥å¾—æ·±åˆ»','admin','2021-05-06 02:47:03','é˜¿ç‘Ÿä¸œè¦…å£«å¤§å¤«çš„',NULL,NULL,'http://localhost:8080/profile/upload/2021/05/06/2d29aadd-fafb-4a69-bc24-49868b81188f.png'),(6,'é˜¿æ–¯è’‚èŠ¬æ’’éƒ½iç§¯åˆ†å¤šå°‘','admin','2021-05-06 02:47:16','çˆ±ä¸Šä½ çš„æ¥å£ç¬¬ä¸‰æ–¹çš„åœ£è¯èŠ‚å®‰æŠš',NULL,NULL,'http://localhost:8080/profile/upload/2021/05/06/648fd2e0-a706-4e1f-b2ba-7bd4d0c26ef3.png'),(7,'çœ‹è§æ’’æ—¦ä½ ','admin','2021-05-06 05:20:19','äºŒåå…­æŸä¸ªåœ°æ–¹è€ƒè™‘ä¹°ä¸ª',NULL,NULL,'http://localhost:8080/profile/upload/2021/05/06/049ed9c1-ca7f-41e2-b84f-ab5930e00777.png'),(8,'çˆ±çš„åé¢æ’’å¤§äº†','admin','2021-05-06 05:20:30','çœ‹æ¥å…è´¹çœ‹æ–¯æ‹‰å¤«ä½†æ˜¯',NULL,NULL,'http://localhost:8080/profile/upload/2021/05/06/dae77a54-6b03-4b3d-b7d1-3a15a76f422f.png'),(9,'çˆ±çš„è¦…é™å®‰å¯ºå','admin','2021-05-06 05:20:45','å¢è¨å¡éƒ½æ²¡æ³•ç»¿å¡çš„æ’’æ³•',NULL,NULL,'http://localhost:8080/profile/upload/2021/05/06/6d92368d-b108-4266-b13a-bd030080b10d.png'),(10,'å¥¥è¿ªå‘','admin','2021-05-06 05:20:55','çˆ±ä¸Šå¯¹æ–¹',NULL,NULL,'http://localhost:8080/profile/upload/2021/05/06/40b7b1d9-486e-468b-b402-e1568f383848.png'),(11,'å•Šæ‰“å‘æ’’æ—¦å‘','admin','2021-05-06 05:21:07','å•Šæ’’æ—¦èŒƒå¾·è¨ç»™',NULL,NULL,'http://localhost:8080/profile/upload/2021/05/06/02a4b92a-82b8-485e-a5a6-6b114a41fccf.png'),(12,'è¯¥æ–¹æ³•','admin','2021-05-06 13:30:59','æ–¹å¼ç»™',NULL,NULL,'http://localhost:8080/profile/upload/2021/05/06/c034d4fb-2653-450a-b75d-b6927bfae9bd.png');
/*!40000 ALTER TABLE `busi_lable` ENABLE KEYS */;
UNLOCK TABLES;

--
-- Table structure for table `busi_lable_notice`
--

DROP TABLE IF EXISTS `busi_lable_notice`;
/*!40101 SET @saved_cs_client     = @@character_set_client */;
/*!50503 SET character_set_client = utf8mb4 */;
CREATE TABLE `busi_lable_notice` (
  `notice_id` int NOT NULL AUTO_INCREMENT COMMENT 'å…¬å‘ŠID',
  `notice_title` varchar(50) CHARACTER SET utf8 COLLATE utf8_general_ci NOT NULL COMMENT 'å…¬å‘Šæ ‡é¢˜',
  `notice_type` char(1) CHARACTER SET utf8 COLLATE utf8_general_ci DEFAULT NULL COMMENT 'å…¬å‘Šç±»å‹ï¼ˆ1é€šçŸ¥ 2å…¬å‘Š3è¯é¢˜å…¬å‘Šï¼‰',
  `notice_content` longblob COMMENT 'å…¬å‘Šå†…å®¹',
  `status` char(1) CHARACTER SET utf8 COLLATE utf8_general_ci DEFAULT '0' COMMENT 'å…¬å‘ŠçŠ¶æ€ï¼ˆ0æ­£å¸¸ 1å…³é—­ï¼‰',
  `create_by` varchar(64) CHARACTER SET utf8 COLLATE utf8_general_ci DEFAULT '' COMMENT 'åˆ›å»ºè€…',
  `create_time` datetime DEFAULT NULL COMMENT 'åˆ›å»ºæ—¶é—´',
  `update_by` varchar(64) CHARACTER SET utf8 COLLATE utf8_general_ci DEFAULT '' COMMENT 'æ›´æ–°è€…',
  `update_time` datetime DEFAULT NULL COMMENT 'æ›´æ–°æ—¶é—´',
  `remark` varchar(255) CHARACTER SET utf8 COLLATE utf8_general_ci DEFAULT NULL COMMENT 'å¤‡æ³¨',
  `lable_id` int DEFAULT NULL COMMENT 'å¯¹åº”è¯é¢˜id',
  PRIMARY KEY (`notice_id`) USING BTREE
) ENGINE=InnoDB AUTO_INCREMENT=3 DEFAULT CHARSET=utf8 ROW_FORMAT=DYNAMIC COMMENT='é€šçŸ¥å…¬å‘Šè¡¨';
/*!40101 SET character_set_client = @saved_cs_client */;

--
-- Dumping data for table `busi_lable_notice`
--

LOCK TABLES `busi_lable_notice` WRITE;
/*!40000 ALTER TABLE `busi_lable_notice` DISABLE KEYS */;
INSERT INTO `busi_lable_notice` VALUES (1,'è¯é¢˜1','3',_binary '<p>æ–°ç‰ˆæœ¬å†…å®¹å•¥çš„ï¼ï¼ï¼ä½ æ˜¯æ€ä¹ˆå­˜çš„\ï¼?img src=\"data:image/png;base64,iVBORw0KGgoAAAANSUhEUgAAA/IAAAElCAYAAABHxtmGAAAgAElEQVR4nOydCbyd07n/V3IISQRJUCLmqppCDDGkmio1Va+hlE9qqmu4rWu8HyVcBFUNrRqqLXINKa0OippVRChClRtDcitmEjGE5CCJJEf+/99qn9113vMOa+/1Ds97zu/7+ezP2WfvZ+/3t9e7hudZo2lvb1+a9pg5c+ZSH2BbhR31hdlRX5gd9YXZUV+YHfWF2VFfmB31hdlRX5gd9YXZUV+YHfWF2VFfc3YLFiyIjdN7G0IIIYQQQgghhNQGBvKEEEIIIYQQQkiNYCBPCCGEEEIIIYTUCAbyhBBCCCGEEEJIjWAgTwghhBBCCCGE1AgG8oQQQgghhBBCSI1gIE8IIYQQQgghhNSIXjiDLs3go48+MgMGDChLT9NQXxjUFwb1hUF9Ybj6PvjgA/P3v/+9YkWdWbBggenbt2/VMhKhvjCoL4yepG/dddc1a6yxRi7fJdSpftYI9YVBfWFQX3O0tbWZjo6OLq8v4/Nhnx/i+4NpRzva0Y52+dv95S9/MU888YRZe+21Mz9HCCFl8f7775u33nrLHHjggZXXk7SjHe1oV0e7hQsXth7IE0II0c+wYcPM/vvvX7UMQghpgA7GF154oWoZhBDS7eAaeUIIIYQQQgghpEYwkCeEEEIIIYQQQmoEA3lCCCGkG4D1c5999lnVMgghhBBSAgzkCSGEEGUsXbrUbnqD0wiee+458+abb6baz58/35x33nnm1FNPNS+//LL9vA+PP/642Wmnncy3vvUtuyFZFLyG97bbbjvz2GOPeeuHnrlz52Y+Fi9ebO3nzJljrrjiCnPGGWeYjz/+OPY7//a3v5mtt97aHH744fazhBBCSE+Gm90RQgghJYEA97bbbjPt7e32fwSyzz//vD3qCyBAnTlzZpfPIYD94Q9/aFZZZZXY7/zJT35i7rzzTrPMMsuYLbfc0h73heNq0sBu4tddd539/HvvvWfGjBljevXq1XgfnQIIntExgO+97LLLzC9/+Uv73oorrmi++93vmosuusjqd9ljjz3MCiusYP7whz9kpsfVV19tfxt+/6RJk+xv32uvvcyXvvQlmxYnnnhiI8iPAm3HHHOMOeKII8zxxx+feS1CCCGkO8FAnhBCCCmJRYsWmfvuu69L8JsFgtZ7773XjB492vTu/a/JdBLEo3OgT58+Nhjfe++9rQ1G5Z955hkzbdo0O6qO94V33nnHjuDje9dcc02z7LLLmpdeesmst956NmgHDz/8sA3G8f/QoUPNG2+8YVZddVWz8sore+vGd6+00kp2ZB+dF9H/BZwxjpkBf/7zn20HA5cIEEIIIekwkCeEEEIqYLPNNrNT1iUwxyj2BhtsYP/v16+fDXrxvH///jbQjjJv3jwzbtw42zEwePBg89///d82GJZR9aefftqcdNJJNtjHNP1///d/t8E8gmRMqX/qqafsaDgC+l/96lc2aD/44IPNLrvsYoP6u+++255du+eee5rdd9/dTntffvnlzdixY836669vvwcj5a+99po5/fTTzaBBg8wFF1xg/2KkH+Ca+Oz5559vOyKi/4Pbb7/dahDwHh74beDtt982BxxwQON9dIJAIyGEENKT8Qrk4QDQjna0ox3t9NrJ1GxSH/bff3+zzz77tPRZTHc/99xz7fncCP7POeccs+mmm3ay2Wqrrez0eATX48ePtwH+0UcfbafcI5hG3tl+++1tcP7Vr37VBvd475577jEXXnihOeqoo8zPfvYz20mAUfQjjzzSTnNHhwNG09HBgCn2AwYMsB0O+Czs8L90Jjz00EN2ff+MGTNi/yc9A8xEAVXXk7SjHe1oV0e7pKVyXoE8GmWfi9KOdrSjHe2qsevbty+D+ZqBoBajzc2w66672qnyCLARVK+22mrm29/+tt0g7oknnrA2r7/+ut0kD2ANPkb28do111xjX0Mwj++49NJLu3z/2Wef3XiO4B+PKBi9x1R4jMZjKn4amJ6PR9L/AJ0K22yzjZ0tgOUAH374oe1cwDXwe0n9kWUdVdeTtKMd7WhXRzvMjsPJNFE4tZ4QQgipgLigNovhw4eb//3f/7VBPHj33Xc7TUvPAlPeMcKOzfAA1rxjczoEzj7Mnj3b3HHHHd7XO/TQQ22QjuAfU/mj/4OJEyfaDgT8jh122MH84Ac/sA4LNrz7n//5H6/ryKZ5hBBCSE+BgTwhhBBSAV/+8pfNRhtt1NRnVl99dTtKjU3qMI0dG9FhSj2muQOMfH7hC1/osqYe69mxId4DDzxg19R///vfNz//+c/NK6+8YjeyczfCSwMb0W277bZWB65/5plnNta6Y3YB1q5jF3kBI/YI3DFdP+5/+U0AG/Bh3T9G5JEumLZPCCGEkHgYyBNCCCEV8JWvfKWlNfLrrLOO3SCuWTbccEPz+c9/3u5gjyAcPPnkk+bHP/5xU98jo9+Y6pcFRtndGQPR/wE2x8M0+lmzZtkgHsE8gnvsIYAd+AGm3OO6v/vd7+y6f8wicJGODEIIIaSnwECeEEIIKYlPPvnEPgBG02+44QY7tTwLjE6fdtppZq211rL/R3d690HWtUsQ74Ld6rF2PgkE1xh9nz59euO15ZZbzu5Wf9BBB3XatR7T9X2nxAPoGThwoA3icXY8dtnHLIHHHnvMTJgwwdogkMeRdeD3v/+93VFfiKYNIYQQ0hNgIE8IIYSUBHbvlpFsjDpjajt2ns8CQfiSJUsK04Xz25977rnE93HtV199tdNr2Jkem/JEd63H0XnHH3+8fQD8XjluDmvho7MQELhj0z6s90d6AATl2AcgLm1w3J1L0WlDCCGEaISBPCGEEFIS7733nl1LjtF49zgZHCGHNfN43SVrc7mNN97YjoLHjbILzz77rDn55JODdEMXpuYDjMSngc4K7KqPTfmAO5qOkfpbbrmlYXvYYYfZ340j7f7+97+bKVOm2JF9jOrLhn6YLbDddtvZ3/DTn/7U7s4/depUu87/oosusqP4hBBCSE+DgTwhhBBSEjj/HWA0HtPJBQTJOLc9uns8NrVLC+RlFHzllVdOtPFZP44N6HzX62P0HbvKR8+1xWsI2LEh3syZM2NH0/E6HgKWGWCjPZxRf+yxx9oN+D799FOrWUbZkSbyG/AX/+PamFKfdLYuIYQQ0t1hIE8IIYSUAKaQP/300/Y5znbHyLMWsJM9Hj5go7mzzjrLPsfsgkcffdSuocfzww8/3J4LjzXzYoPA/Cc/+YndCyC6UR2CcnRuIOjHiDw238NI/HHHHWdGjhyZ/w8lhBBCuglegTx2ks0Ca+SqsKM+6qM+6qM+YzcK8z0LnFTDjBkz7NRxsMkmm9jp5O5748ePj51an8aLL75ovve973X5nItsrpdG1mZ3IDpFH6PvJ5xwQmPavICRdBx35wPWzz/44IPml7/8ZafXMcNglVVW8foOop+PPvrI/u2p9TP1UR/1UV+IHWajYTZcFK9AfsiQIZk2qKSrsMOPpT7qoz7q6+n6ME17wYIFmZ8h1YB143feeacdlcdmcDvttJPdLE7AqLRMu2/2ezGSHUrWZncg2iGAPDd48GDT3t5uj9LDSDuWCGD0fa+99or9josvvtg+XP7jP/7DrvXH9P7hw4ebL37xizaIR3olgTPnb775Zvs3rROD6ADOKeip9TP1UR/1UV+IHTq9Fy9e3OV1tn6EEEJIwWAd+EknnWRHqz/++OPGxnGC9s3u4sAIAY7Aw67xslYdHQsI7jfddFPv79lhhx0yZwOsv/76dv08/mK0fr311rMb6mHzwOjsBkIIIaQnwECeEEIIKQEEvmPGjLEj2BiVBxi5HjFihB2x3Gijjbps3oYlE3vuuacN8HFEm4DRawS22EEegTQ6CpLYfPPNrW30O9zrYwQcnQlpQAum8kPrsssua7XivHcX6DjllFO80iMLrLUfNWqU/U6kF3auB5gJsO6669pgHqMUSDcG8oQQQnoaDOQJIYSQkkBQ6q79RvCcFkAjaJUA1gWb5eHhQ9J3+Fzf93uKAHs+JO37gE6EZkb9CSGEkO4GA3lCCOkmvP7663bjMEII0QJOISCEEJI/DOQJIaQbMGzYMDvNGMeARcHrPjva5203d+7c1PPNqU+vPuwij435zjjjDJX6tKcf9f0LLOngUYKEEJI/DOQJIaQbgGnW++23X+x72AVVdo1OI2+7ZnZ9pT5d+q6//noboCXlqar1aU8/6ou3I4QQkh9dD6QjhBBCCCGEEEKIWhjIE0IIIYQQQgghNaJXe3v70jQD3ylTVUF9YVBfGNQXBvWFQX1hUF8y+++/v91vYeLEiYk2TL8wqC8M6guD+sKgvjCorzlwUktHR0eX173WyFexNot2tKMd7WhHO9pVY9e7d2/Tq1evVPs6/A7a0Y52tKMd7epuhz1r4gJ5Tq0nhBBCCCGEEEJqBAN5QgghhBBCCCGkRjCQJ4QQQgghhBBCagQDeUIIIYQQQgghpEYwkCeEEEIIIYQQQmoEA3lCCCGEEEIIIaRGMJAnhBBCCCGEEEJqBAN5QgghhBBCCCGkRvRqb29fmmbge4B9VVBfGNQXBvWFQX1hUF8Y1JfM/vvvb+bNm2cmTpyYaMP0C4P6wqC+MKgvDOoLg/qao62tzXR0dHR5fRmfD/v8EN8fTDva0Y52tKMd7XTb9e7d2/Tq1SvVvg6/g3a0ox3taEe7utstXLgwNpDn1HpCCCGEEEIIIaRGMJAnhBBCCCGEEEJqBAN5QgghhBBCCCGkRjCQJ4QQQgghhBBCagQDeUIIIYQQQgghpEYwkCeEEEIIIYQQQmoEA3lCCCGEEEIIIaRGMJAnhBBCCCGEEEJqRK/29valaQa+B9hXRU/SN3v2bPP222/n8l3CggULTN++fXP9zjyhvjDK0vfee++ZiRMnNv25jo4O09bWVoCifKC+MDTo+/9tnJk+fXqlGurMGmuskfjeZ599Znr31jseoFEf9IgmjfpcqC8MjfoGDx5shgwZYp8vXrzYLLvsshUrSob6wtCib6uttjK77rprl9d7UvyWB/Cl4FNFWcbnwz4/xPcH0651u8mTJ5uXXnrJ7LjjjpnfN3/+fNOvX79Mu48//tgsv/zyuX1f3nbUVw99s2bNMgMHDjQbbrih/f/TTz81yy23XOb3zZs3z6y00kqZdr7fl7cd9dVf3yuvvGIGDRpkttxyyy52CPJXXHHFzO9btGiR6dOnT+l2VepDx/EzzzyT2hHo6yj6BjR522nUB2dsl112sc99729V5Zf6upc+dOxPmzbN7LXXXvb/OXPm2MA+i6r8F+qrv75PPvnEPPzww2a//fbrYqc53tJot3DhwtYDeaIHjI6MGDEi0843wyAAk97ZPL4vbzvqq4c+jMivtdZaZt9991Wpr1U76qu/voceesi8+eab5tBDD1WpLw3q6176oOfqq682Rx55pEp9cXqpr/vogx601TvssINKfXF6qa/e+jCLGIE8KQ5dc34IIYQQQgghhBCSCgN5QgghhBBCCCGkRjCQJ4QQQgghhBBCagQDeUIIIYQQQgghpEYwkCeEEEIIIYQQQmoEA3lCCCGEEEIIIaRGMJAnhBBCCCGEEEJqRK/29valaQY4D9AHnBnoY5u3nS/dQd+DDz5oll12WbPTTjvl8n3N0B3Srwg7X7q7vkmTJpnFixeb3XbbTaW+Vu18ob4witQ3ZcoUe5btfvvtp1JfHlBfGGXpe+edd8xvfvMbc9JJJ6nU1yrUFwbzXxjUF0aR+t59911z0003mZNPPlmlvjwoS1///v1N794x4+8I5NMeM2fOXOoDbKuw60n67rjjjqU333xzbt8HelL6FWFHff/gzjvvXHrrrbc2/X1MvzA76su2mzRp0tIJEybE2mnQlwb1hdlp0wc955xzTqf/y7huq3bUF2anTR/zH/WVcV3XbtasWUvPOuusWDsN+tLQpm/BggWxcTqn1hNCCCGEEEIIITWCgTwhhBBCCCGEEFIjGMgTQgghhBBCCCE1goE8IYQQQgghhBBSIxjIE0IIIYQQQgghNYKBPCGEEEIIIYQQUiMYyBNCCCGEEEIIITWCgTwhhJBuydy5c80nn3xiFi5caJ8TQgghpHg+/PBDM2/ePLNo0SL7fMGCBVVL6pb0wmHyaQYfffSRGTBgQFl6mqan6LvjjjvMCy+8YJYuXWo222wz841vfCMHdT0n/YqC+oz5wQ9+YCZOnGifjxo1yowdO9b7s0y/MKgvnYsvvtjcdddd9vlWW21lLrnkkk7vV60vC+oLQ5u+2bNnm+uvv96cfvrp9n9t+qJQXxia9KEeRP332Wefmc997nPm17/+te3k1KIvDk3pFwf1pXP//febH/7wh/b56quvbn7zm9+YXr16Nd6vWl8W2vS1tbWZjo6OLq8v4/Nhnx/i+4Np15rdrFmzzL333mufr7TSSpnfqfV30K772e2xxx7mgQcesM933313+74mfbTruXbImxLI43n0s1Xro13Psbv11lutU4tAaurUqeZPf/qTKn206952X/va12zHJhg5cqT1I30DeU2/g3b1sUOek0AegzwrrriiKn11s8PMwrhAnlPra8Iuu+zSeL7rrrtWqISQzuywww6mT58+9rHTTjtVLYeQBhiF79evn1luueVsIE9IVcCRRRAPEEj17k33i5TH4MGDzfDhw+1z158kpCgQuG+33Xb2OeOW4mBLUhO22GILWxEPHDiwURkTooHll1/e7LjjjmbEiBGmb9++VcshpAHy5s4772yXI/Xv379qOaQHM2jQINuxBBhIkSpARzvqwa233rpqKaSHgDyHgB4xDCkGr6n1pHrQe48efUytYE9+Obz//vtm+vTpqTYffPCBddCywCYfPkFu3nZl6VtzzTXNkiVLzCOPPKJSX6t2RejbZJNNzNChQzNtST589atfNW+99VbVMgixTu2LL77YCOhJOD7tdHdqP0LsEMR/4QtfMI8//rhKfVGq1JfVTiPf/fWvf2X6Zdjh74Ybbmgee+wxlfrSqELfeuutZ5e9NAMD+RoBJwBrmkg5oLF75plnMoOuOXPmlKSoNcrQJ5XTjBkzmv5sT0o/BJSvvvqqOfbYY4O/i46Enx06mFZZZZVGJ5M2fWnUwZFgIOVvh0AKTi0DqWw73w5P33a6KrS1b2ussUandlqbvihV6PNpp5HvsNeF1nwnaLi/Q4YMSfQNNehLo0x9yHfTpk0zo0ePbupzlQfyr7/+upk8eXKX1z/99FO7rjGL9vb2LhsoxOH7fXnb5akPmxzAbsKECSr1FWHXqj6MeGA6bShYxpDXCQGE4PQJbFyZB3Qk8oH6/kUrjgQDqeaIOrXa9EXRGki5sJ32B7M6seSIJOPbTjPf+YHj57CHEkmnVf+w8kD+2WeftaPMnGpG8uLpp582jz76aC6BPCGaoSNB8qRVR4L50B/fTuyeTJ4dnqQzDOJJ2TCIL5bKA3mAnnzZ2ZCQUN599106AYQQQtTBIJ4QQkhecNc0QkiuYOremWeeaQ4//HAzd+7cWJsrrrjC2sCWkLJg3iSE9HRYDxLSffAK5HE4fdajVTtWEs3DSjgbrMkJzad1SjusJzzssMPs31bez5MXXnjB3HvvveaEE04wK6+8cpf3kWefeuops//++/fIaX5JebPZfFqn/JkHUu+hbou+dvvtt3t9B/NmNsifoDvWk3mCPLf33nu3VKeyDc/Gt56sS/rgfrp1V6tk5TtcIy1fAdaD2WTlPy35DvcK9/tvf/tbU+81Y1Mm0JFnvSe/zy17KDsoQ1p+s0ta+/vZZ5/FfsZrav2AAQMybXCRVux6aiXhggy29tprm3322cfLXirhq6++OrUSRiXdU9MXa3Li8mMz+bSnpR0chPPOO6/pzyEfyrm0qHz/+Mc/2ufHHHNMF1vsW4BjFJ9//vnE94888khzyimndHlvjz32MJtvvrm5+OKLU/XgOy677LLYsqGBpLzp4pNP65Y/kTfOP/98s/rqq5vjjz/evoaG9JxzzrF1IHZLT+Ptt9+2m/vBuWz1+syb2ch6xu5aT6Keu+aaa7zyXBJwBPEdRx99dEvfwTY8G996sq7pgzyEehD1WhLYYd7Np8gXqMOS8p0bgCfVMawH/cjKf1XmO7SbuIdnnXVWl/fceOLDDz+0J5BssMEG3t/tky+B5E2cbBGXT5rBzec41QKbXaKOFL/SR9PZZ58dG0O9/PLLdsNOBO51IK39RdnFpudRVKyR1w4KTSsZFZUaClpagceNwZE0cAqGDRuW6RSwEiZFgUrQtzMJle71119vjjjiiEZlC5CP4aBefvnl5u6777YVsptX4GiceOKJ1oHFuaL33XdfrEONMie2cGblGnDC3XKF/5988snG//gcrk304QYvAhyMwYMHmzvvvLMR3CcBG9g245S4MG8SCcB33333loN4tMHjx4+3TiU6PuM6P6MBWPTzbMMJ8gbqtGbACU/IF3hE8x3u/V577ZX6Puoi1oP1BydfjBgxwt7LQw891L4ms3zQUY73ADYTR0DYbKcDjpxM6+hEPYoOeID73uzIdloHPo6dREcU8p7rWyZpkgGCOKSu3WKLLWydnAXy869+9SvbUVanDkIG8p7ENXxxlZgglVcWyCzItKigfZxZVsLERQJq4YADDrB/fTqRWkHyDByFaA8oKneca/6HP/zB5reRI0fa/CMVIypb5F1o23TTTRt5Dk5xEVqJHpBvUG9EO35Qb6H+QaOOHvM0xwF1GYKnXXbZpcv7yFdxARWuhzqVeZO4ATjqTLfedEka2RHQBgOcjBLNF65TmeQ4sg3vOcQNAiHfpXX0JCGdUFKnRXHzTdQfdb+D9WD9Qf6ROkqWUODeXHDBBQ0b1EUo97ifeLggnkFHIAJ/GeWWfHrqqaeW8RNS8R1QykJm8Z177rmZeRfphQ5Q2Kf5IhphIF8iWdNDEBzFORfiWLASJnGgYUfFg2AIFRZ6YeM6kTAFSgJ9oZmRGTf/xjkLyJMTJkzo9JpbIR911FGNqdGSF7M6ruKIa5jc/3nsoC6kgQQyeuCCugo95kn1lARgsEHd574vgRNGINIaf+ZNgiAI91jaTxfJRwiqMRqeBIIvCazj2lO5RtL7bMN7FjJaGbesqBkQrI0dO9bWgcgnyDNvvPFGp+/CFGKcAIV8kzTIxHqw/riDKS5uh5H4hFh6MnHixIZ/F+3Uw+BhNK+gjrrxxhu7+IpRfEa4myFp5jN8TYzGu8h6d59ZfCgzKBNZuHV3nYJ4wEC+ZLKmrLhEp4ywEiYhNJP3osj6eVTecY6wEJ0hEEfaMpW00QSBo031QkYgk9YD475hFADOBGyjdRam5KcFR74wb/Zc5N7jHsbVXch30ZFxF2mLJR/HfQfuL66Bjvek+pFteM9ERgYRyLcCjtNFkI56EvkCS0OQH1HHIP+4+RvvI7+OGzfO/PCHP7TtvpsfWQ/WG9RPN9xwg30erZfc+4L7/Morr9h18lKnofMHeTCrHY36itEOc3dqvZC1BDkr30Sn6CPfYFo8ltLhNzSLzOJDIJ9FVvugHQbyNYOVMCkbmdLnO3qfNPUvDekVJt0Lqa8Q3KTVO8hTyFvIA/iMm3/wuWbXkibBvNnzcNvMrL1uoss2JL/I/g4+3xFdNx+tN9mG9zwwS86diZk0qhqH5B932rRMo5Z10eiEuuWWW2xw5Y7CJ91n1oP1R+7H0qVL7QAL6gx3KRmC2DiwEV4ocR2SIG0JcjPIpo5yqkKzgby7jCorkPf1UTTDQN4TVLhxazNBUqOLxrQIWAmTKkg6qsZF8qWPswrctYLSyxxdgiLlC/kejRBHm/TjjhRE1xxLIBFt8N1gHsfF4DkacJ8ddJPWyAMJapg3ex7Ia3BoMTp56aWX2qVHrrOWts+Ne1yRjBYl5d2s16OwDe85yFplgGUVyGuoq6ROEWSUE3nUZ1RQRkCRlyTIl/pzm222ScxfrAfrj3vvsVwN93zMmDF2zw3Ztf6QQw4xzz33nF1SiXuHfDh79myz4447Zn5/3DJMEG1nW9nrwQcsNcKspFYDa3S8onMrKwaTfOvTOaoZBvKeFLXZXbOwEiZ543sqQ5pNXIWe5azGTc8CspsvN3KqL7h3WJ8XbSBlF1l0jGJNZ7TelGmDyEu496hz8xqNd2He7BnIbI5WznovCrbhPQvcI9SFElSssMIKds+QVvc8cEfzo/Ur6s+rrrrKdqJijXRWkMV6sH7Iju+yxNHd7A5p/NOf/rRxAtZ7773X2P0d+fDNN9/sst5cmDFjhq1f0Im+/vrr23XyEu/47kWT1+9DvYgOh+g+ED7IxrrIk/jt6LxIo+5BPGAgXzJJPV1pyFESUVgJkzSwPur73/9+p9FMN++Jg5h1fIg4jdHRrCrIOiIP+qIjHaR8sA4vrp5wj6BLy0utrAuuGuZN0ixsw7s/uE+YzYmgBGAEFbOU0C7jPQQa0fPAo/cMRDebRZCS1rmOe4zpxXGzooqE9WCxuEvNkE+w7NHtsMHIvIBgGB3nCMQRe/Tq1csMHDiw8b7bKYQ9GC666CLbRs+bN6/cH/VPkMflVIfhw4fb07zw29wz4GVmQdJ+ExggwIwUpBPKSBR34Ko7BPHAK5BHb2JRdrgpPWUnVhQknIPs9nSlkXY+YlF0l0p40aJFifnRN592h7yZtMFdkoOYJ2lHPAl573xaB9LypkuWTd3yp4zGy47czX5Wpur7khYkMW8mg/wJumM9mRT4JL2OPFQ3ekIb7qI5/6GdxUgngndMFwbw/RBkI4h66qmnOm1sKGBEFQEagirpaEcedQNyvJ7V4YlTEWQjUdS90VmlrAeTycp/VeW7uNOv3AEad/Yw/D+MwsMWQS0CXLn/0qGHARr4gm4+RFBf9m9DecBsAtS50IW17dCEPI/gPIrkW5zi4IJyERecN7MvRZWktb9tbW2xn/EK5PyBz7oAACAASURBVAcMGJBpg4u2Yqe1AtZA9FzIKKyEk+nTp09sfmwmnzJvhtHKOtA00iriaICnuac1KW+6+OTTuuVPrFWO230e/2PkwOd++Y4sueub42DeTAb5E3THejKa9r5r5F3S9suJez1tGjvb8GR860nN+Q+DN8gTcQM3GG0EcccdouMdO9Mj+JZjCJNmzSUdbYfXERgdfPDBiR03rAeTycp/VeU75A1Mq4+75zKTQ7Sh7lhrrbVsoI68iKBdkA49mZovYG05vhftdXTfGXeNfNxyyrS6MQsE6/gsdqkXpNML7LrrrvYvOjLgRwhZcRJA2UEdj7oYx/HJ3jtxyG75vscy501a+4sy3dHR0eV1Tq33ABk7j83u8D159nSxEiZRbr75ZlvJI+Dp27dvpVp8nFQhLS/LzrxoXKIOSdwURKIPOfkAveduw497u/HGG9s6tMw6hXmTtIrv6R0gaxo72/DuTdLooFsfJuUjTCeWExPkO9zgXOpR1C0YuZRRfvk+fO7RRx+1tkmwHqwnskQNfp4gO727I+uSN9C++s6EwxIQ2dneXaLjkjSjs5m6MYqUlWjHQhScAIGZzT7Hyrnf7XaEpe2CL0tg6gQDeQ9wY+MydLOb3fme4egLK2Ei91Q2c0KjLWukqt7gyddJjRv5Qp7EhkBwSFG+6HTWFzkKBg0vRplcUKegpx15BY5BETvgxsG82TMpe2p91jR2tuE9E6xxRjASNxovREflce/w2GSTTWx96t5PTKGeM2dOYwNRWcaUtQM+68F6MmTIEHvvMDouZTtthgfAQGLWcgDENFgKgk4kBMzNUMaSHbezIhpw4z10bJx88snBPkQVSwtC6F21AO24GyuE3FhZD+Vz9IMvKMhyJE7aI84ZiVbCKBh13GCKFA+mZGUd/5UnyLNY24c8KXmYDkJ9wcgTpsIdddRRiXUoRqYQ6I8dOzazR75KmDfriexPg2mVbtuI/zGKhCDEp91sFQTTCLTR7rqwDe95iC/oc5wr/EXUnW77i0ANQRlGZQVMc0b9KZt7yRnize5F4gvrwWrB/UZZx4wLgHuBoD6ap2Tk/LjjjrP/yz4NSaAjCFO6tS7ngX4E2dEBAYBR9mZ9B5QjFymbeQ64lgFH5DNwd1kOQTZrcNd/VIVsnILflLW2hNSbtFMSkirruI3FWtmgrNnRJiFuPWDWRiXRaaNFnW9KmsM9YivttA7cL+yYe9NNN6UezQRnJem8+ChpgRjzZs8iutFTq2Dkc+nSpdZp9P0uOUc8T+eQbXh9kSM2o8TtKu7uUO5+HgG0HCsG3HXCCN5uueUWOxqfld9YD9YbdPC468Xd2RuyKR6C3iOPPNJ29KDOSNqPBvUUzqHHKVmSb+KOsRRCgn3kXXSsunk9C+QVBNmYuh+Xr+PKTxIy2yXOn0DHLjanrBMM5FMI2WXZRc41ROWb5+YJrIRJFq3sWi9OQaiDGDJtL0qS80N0g/vfzCghRu2RL+GgxNUtZW92x7xZf9wR0FCQJ7fddtumj5CFc4jdw6OwDe/ZuEdhAdRvST6i2ykqpOWdaB6Nm/rOerCeuDvXu20iZv5gEGavvfay9Z17f3HvkQekAxC+oXyHu5+XO9rd7Br5JKArGjCn5XUXqdeAu/5e9pBwy4Dvd4JmfRPNMJBPAYE8dkXFmousns24UUwUFnwOo/pJ00FCYCVMBDhjEyZMyHzN5708aKaC7C6VKQknKV/67EzrkpanmDd7FrJ2tJnZcO7RYFHydADZhvcc4u5z2m70cZ/Psz5iPVhP4o4iFPA/ji7E/YrruJFgHgOLCIqjsz0wRd/9rqRO82b9x6wjMZNwZx5Ffws0RPVH6Sn5loF8Cu7RB0nvuw1n0ihm0s6lIbASJoQQQpKRae1J65HdNjx6PjNG0dM2IwuFbTghpFmyOn+yAtwyNqULIRpX+XZ09WQYyBNCCCGk29HMTA6fER5CCCFEE16B/KxZszJtsNNhK3buuZeE5AWWRMTlx2byaUdHh/nTn/5kbr311mA9vXv3Np999lnpdr5QXxjNXHeHHXbIzIM++ZR1JykC1J3Ap54EzIekCJLa8Cg+7XR3aj+or/jr+rTTzfiHPTH9qK81O1neEJf3+vfvb78jSq/29valaV+KyhRnFmYBOzifzdrh+Jff/va3XeywMyx2IMwChamtrS3Tzvf78rajvmr0feUrXzGjR4/uYtdqPk0Cha3I8lEXfdjIacqUKeaRRx5Rqa9VO836Hn74YbvRyzLLZPfHovGIawCKtluyZEnl+nAu7scff2yGDx+uUl8aVejbbbfd7H4uvuXjpZdeMjfeeGNp+pqx4/2trz5stJW1qaDm+lmjPgSdmKGC/R806otCfd1DH9oTlPt77rlHpb4ktOnDUrHFixd3eb3yqfW77LKLfUSpa0IXqQ9nLU+bNq1xdqQ2fUXY5a2PkO7Cl7/8ZfP5z3++R5XfVuxwhi6O6Ik7QlSDvjSq1OcL8iEeZevTnn4MpIq3I4SQnk521yghhBBCCCGEEELUwECeEEIIIYQQQgipEQzkCSGEEEIIIYSQGsFAnhBCCCGEEEIIqREM5AkhhBBCCCGEkBrBQJ4QQgghhBBCCKkRDOQJIYQQQgghhJAa4XWOvO+ZsrQr1m7JkiWVXJd2tMuyW7x4cZf3NOmjXc+1Q725dOnSxM9VrY92Pcdu4cKFXd7TpI923duO+Y92Vdih/f3ss89iP6tBX13s2traYm29AvkBAwZ4XZR2xdots8w/bpdWfbTruXbLLrus/SvvadNHu55rh3qzV69esZ/ToI92Pcdu+eWXt39ZT9KuCjvmP9pVYYf2t3fv3l0+q0VfXezQEdfR0dHldU6tJ4QQQgghhBBCagQDeUIIIYQQQgghpEYwkCeEEEIIIYQQQmoEA3lCCCGEEEIIIaRGMJAnhBBCCCGEEEJqhNeu9YQQQuoJjn6Rh69tT7EjhBBCSLEsWLDA3HTTTZ1ea29vNyuuuGLiZ1ZZZRUzePBgM3/+fNOvX7/Ma+RtN2fOHDNr1qymv2/IkCH2URYM5AnpoaCSeuyxx+xzHGshR9OkkWT39ttv22Mx7rjjjqa+b+7cuWbllVdu+bpF27Wib/jw4Wbo0KGZnymDW265xfzoRz+qWkalIKBfbrnlzFFHHdXlvU8//dS+FweOzNlqq60y7Xy/rxU73+Nq3O+bN2+eOf300zM/UwVZnSvaO35C7di5VB1Tpkwx119/farNkiVLGsf85mHnW87xfYsWLTJvvPFGqh3yD+qlLJLsFi9ebN/beuutM78jDp9ra+OQQw4xJ510UmXXnz59urnkkksSzwB3gQ+Vpx3yVJ8+fRLfh98C3w1nvON4uCxatUOgu9pqq1k9LsiP0ddcrrvuOnvv8HtRRrLI2w42rXzf2LFjzdVXX535ubyoZSD/zjvvmDfffNM+9+0xQW9Q3759S7fLUx8KHQrIU0891dL3DRo0yKy//vqZnyX54DoOeTsIeTgScPhRiSNQCK3IUVHjdam8fL8vrUHabLPNzLrrrmufZzVIQt52CKTw23y/78UXX7Tl/dhjj838TBnAabvwwgvNtttuW8l5qEiLpJ7pO++801xzzTUNnSEOapbdxhtvbC666CJvfTNmzDAPPvhg4z5WdZ5sWvrFfR865iZPnpxpXwV//vOfzRlnnFG1jFTKCrSlU6mZQA+PkSNHptpp6EiKe6/KQErA6N+oUaPMAQcckGhTZfl99tlnbb1zxBFHFKoP9aL4Dr76Hn/8cTNp0qTM8lt1/Rfl1VdfNbfddlvm54sEscpOO+1kDjvssEzbstPvkUceMVOnTjW777676d+/f+b3ffLJJy3ZYTAkbgQ8TR/eQ77bfvvta9P+ymfKxiuQh0hNdk888YS59957rXPm2yCVybvvvmvuvvvu3Hsv4WQgODrnnHOa/qz0GElg5L7u07NXFa4+FKhTTz010VZbPkU+2G677cw+++zj9T1FkFZhoUNo2rRpXg1MFjIC5RO8++h7+OGHzcsvv2xGjx4drC0E3wpfQL00e/bs1LxTZj5F5x8euC9oXLMo0w7l4+STT7adDGWQlE5xr0MzOmfc97TVL3F26HTCKIeW/OeCzuXjjjvO7Lvvvl72edBM+UXHK+pEON1Fgumia6+9tn3uq+/55583999/vx1dLJNm678or7/+urnrrrtUlCPUgygb+JvEsssum/p+kXaob+CjlakP+KZfVr3S7PeVYaehHpf7oCldBNTJ8K9XX311r+/yrQuidvDjm2l/Ae6d+zmN6RdnF9Wd53WTYjWvQL6KnpA0O4w0o2f1oIMOCu6xK8Lu0UcfNeuss47tdc9TH0Y5MdW3FX1oUMePH2/OP//8TnYa0y9JH5zApM9UpS8rn6IXEjMhqtKHRgTXjwOfh0aN+lZYYQU7wi3fofH+xtlher2ru2p90CMzc7SlHzpgoQ3vV33fomA0oY75D/UNnHgt+c+1k7yYtlQl7+uiY8NnaQy+D/ccbQ18i7L0NRMop93XqvXVoRwh/6HOSbOvUh/KhlZ9gPmvNTtZcqcpXQTJcxr14T0Erhr9gzQ7V3fe14W/jE6CKLWcWt9TwegWKlM8soja4bl8Ps3O9/u02RFCCCGEEEJIT4HHzxFCCCGEEEIIITWCgTwhhBBCCCGEEFIjGMgTQgghhBBCCCE1goE8IYQQQgghhBBSIxjIE0IIIYQQQgghNYKBPCGEEEIIIYQQUiMYyBNCCCH/5L333jMffvihPYMczxcsWFC1JC+mTp1qXn31VTNnzhz7vC66CSE6+eyzz8zs2bMb9SGe16VeefbZZ820adPMu+++a55++mnzwQcfVC2JeIJ2F+3Y4sWL7XPkvTrw0ksvmRdeeMF8/PHH5plnnjFvv/12Kdf1Okceh9NrskNF8umnnzbep75su08++cQsWbIk9rMa9PnYdXR0pH6man1RkA8WLlyoKh+4oHJctGiRSn1IO1ebNn1JdrjfUd1V6bvxxhutM7P88svbBmb06NGlXNfXDnUk7rO2/HfVVVeZW2+91T6fPHmymTBhgunVq5cafUk88sgj5vrrrzdLly4177//vrniiitU1fcoG267WNZ1fe2i7XZZ102zQyAlHUvt7e22HK+00kq2TGvQl2YHh3bmzJn28Ze//MWsvfbaZuDAgZXoQ12IoA73F2XjsMMOK+W6vnZoi+fOnWsDgHfeecf069dPjT7Uh3/605/s8yeeeML87ne/s76kFn1JdtD6y1/+0j5/8cUXbd1Ytj7kNZRf3Fd0sq6yyiqlXNfH7q233jJvvvmm1YfnQ4cOLeW6PnboeDnjjDPs8wMPPND88Y9/VJOv0uxeeeUVM2bMGPv/6aefbstK9PMh121ra4u19QrkBwwY4HXRsuz69u1rG128X+Z1m9G33HLLqdLXv39/s8wyy3T5rBZ9PnbIxEmf0aAviuZ8OnHiRPN///d/tgJHg7fddtup0oe069OnT+M9bekXZ4dgz32ssMIKlepD592TTz5ptXzxi19Ul36oI3GftZWPo48+uhHI77PPPmbFFVdUpS/Jbt999zXXXXed/X/PPfeM/VxV+n7xi19YZxqBFB5I4zKu62uH4EnKbe/evW17qUXflVdeaW655Rb7HKM8d911l23LtehLspsxY4a59NJL7fM33nij4dRWoQ+B52OPPWafr7vuuur8iB/96Efm3nvvtc//9re/mRtuuEGNvlNOOcXceeedtlPpoIMOsp0xZVw31O7ggw8211xzjR0A+sY3vlFJO/Ozn/3M/OEPf7DPX3vtNXPRRReVcl0fO7RxUq9Mnz690dGhQd9XvvIVWwfDhxk5cqRZdtll1eSrNDvoht+Hjpsvf/nLttM1z+uiMxz5OUrtptY/9dRTttcDPUl4TrJB79bzzz9vpxYxzcoB04JQGFER4bk2MLIDpx8B/e9///uq5XRC0g6dIHhel6l8P/7xj82FF15o01V6Zatk1113tX8xQjtixIiK1dSHz33uc3b0EMCJqAsYUfnCF75gn3/pS1+qWE1nEEg9/PDDttMQI0DauPzyy+0IChz/733ve1XL6cTxxx9vOxcARqeSgnhtoGNJRpD22muvSrXsuOOOjee77757hUriQQAg7LLLLtUJiQEBhcwQcHVqB7o33nhj+9y9/2Wy8847N55/7Wtfq0RDEm4+05bn0Mm/ww472OfatKWBwSfJa+J/lUHtAvkHHnjAXH311eY3v/mN7eHVBqZvYQoNevgRPGsAQdHZZ59t/vrXv9re/bqBnmA4gghI8Bf/awfpfMEFF9i/559/ftVyurDTTjvZ9MQDDpcmfv7zn5sf/OAH5re//a0dDcCobR1AxY0RPaCh8dliiy3MqquuaoYMGWI22GCDquV04uSTTzaXXXaZDVIwBVwbSLtBgwaZz3/+81VLaYptt93WrLPOOmbNNdesWkonGEi1DgOpcNDBtcYaa9ipzVtttVWlWuJAfYPlEhh5xCwgbWy55ZY2uELdUifQgY02UDo4y2brrbe2I8u4t6NGjapEQxK4pxg9xn3V1skA0ImOTksJ6OsC6jrcb9z7sqhH164DGllMVUEAsscee1QtpwsY4ZRpUZg1gAC6ajbbbLPGc22ViQ/oHDn88MPtc0wBx3otbY5qFOTT22+/3T7XWEliqjWcGox277bbbqo2E8Go02233WafVz2S0wxwGtBoIy2rcrgxLRNTSBEgo1MBQTw68rBuHyBPYr0ZguiVV165Eo0A5QMjtKDMtMJmTdg3QMDa47iponBYMT0OHccA5SStQ2nDDTc06623Xv6C/0lUdxTRh+AJWu6///5UO6Fo3YIEUti8SHMghWmLWgMpdMTXMZDCoEaRgVRW2QDI98jrKNN//vOfU+2kfJRVNgCuiToRSxCi03E1gKUw6JRBR0OdQFkuauAH+Q77kqQtNQDI+8h3Dz30UOZ3Iv8NGzaslHyHAB6+HwYek5YSFYFbXpPaX4BBO5RBpHFW+wtg67MHQauk1TOuPrRxG220kXnwwQdT7YQ86pnaBfJo0LBmEQ0upg9iMwlNIFCWtSZYl6OBwYMH22AeAbEWTc0A7QhIZs2aZTbddFP1QTxAbxxGUdCIYHpV3LqWKsFUTYzEY3frpA00qgKdDLjH2CRp++23r1qON5hWhToJywGKDJIRmD/++OP2ebQhxLIjNMwI5LDmEvcXREdBv/nNb5rvfOc7ZrXVVuv0Opw1nzVcoWD2AmZdIO/hfmPtVxkgGMImXDJDAeVg3rx5XewwUoHG1X1POkOiIFBBmh977LHFiDZddccBfch3Ud1xdqAM3S7o0ETZkFkrmqgikPINBACce+TVSZMmpdqVEQjEObRJjjZ8j0022aTRsZTmkLfq0PqUDYBOEOzPkFY2AMpHXmUDy0h8ZmYiXZBWuHZSJ5zYIf3ycP6xP859993nld+Rbgj2ZL13mt0222xjA5migO4pU6Z0uS4C0zhQ34juNLvNN9+8Kd3Id8gjsuwlifXXX9/et6x8B5DvUL5C852U0bRAGaC9gG+NoNNn5iNs3YHBVnDLa1L7K2DgTt5Pan+BlFffDX1bIauecfWhszrpd7l2edUztQvk0SOIBhcZFI6zNpDJUXBQYWDGAG6UBg444ABz00032caijmC6CirjMtedJOHbo4ieWIzOYsfesnoU3SAvSx8aNGz8A8fBRx+m7Yasz4xzAJP0IZ9C09///nf7KMIB9CWapnGIPvwW1Eu+I6JIUx9H3gWODL4fjZw0hJihdMcdd9jOOgAHEh2eGJGAo4Z7jc3G0BH6+uuv2wdGCVynBptTQftaa63VlJ5WwOgnHCesRUedXlYgD9AZ6NOhiREBn/yOfUcwE6JofHX7kpfuOMc6CtpDpCfyW1ow4DrazTrWoaBtQRkpC99AAKAsDx8+PDMYyCsQSCPJoY1ztNFRh0Amq0Ms1KH1KRvSme7TcZ1X2UB7hw5pn6VNaPsRWGXdY8z0zMP5x8aJaANkP5A8QF2Akeciyy10I03RQeQDyk5W52Grun3yHdp85L24zW+j5JXv3DKalp/geyB9UCbTAmWAMgpfLDSQB1rbsiy06lYTyEed5TTHHQUCjR+c2aweJxAagDSDjHTCoS5jpDNpukc0/XB0DaY2RgOMpPQrc1qZDxhRhAOItd1V49ujiPRze2LL6FF0gzyQpg897Bil8NGHIA9Ohqx5bIU4BzBJHxpp5MuiHUAfommaBPShxzpr1Ed+h6RpKxvRIW2wBMHlW9/6Vqep9ddee62dDYJRPDhrmPIFXViugN+DMuWWcUy5D8V36jpYffXV7Tp0n46kKuqjumwqVjW+jrV0UvoErnkFBMiPslt5GiizcPbRkeXT0ZBXJ4NWxzCLZnRjVlrWPS9Dd1UzzzTfY3Sy5Ln0r6z8VyfdVe3xU0S+yxrQINWgxlOJc5aTAgtMB8UIFJzSrKkZeQQgzYI1n2U5nWnTPdz0g4OCgh1Nq7j0K2vKpc/aNjcQQOWN+4lHlLLXtvlUkhiNR0+sz1TlPBuSuCAvlDyCPNBM44I8mHUfy3IcNKdpEjgxATNxomDpDzr1cDxP3vhOXQcop3CuszqSyp4CTppHq2ONvIjTWnxH73woY9SxO+HTcUNIdwLtFTrT33777dj3MVv3rLPOsjPTyL+oa7pVrVtNIA80O8vRoDNtBAk90Ojd95kxkEfQqbnHNw2ftW1uIICNObJGOjU5/bLTMGkNTTNC6ggaFjzKpq71EemeaO1kIIR0X0466aTGUtCbb77ZBnMYVJw7d6751a9+VZmuqoPOLLSmWxZV6vYK5LHJWBYYdQyxK/JsWdkQL0QfdqOPrnXKWlMC0kakEHSicwDTqVtNP2SSIjbWwlIH9zqh9zfODtqLcPoxWpKkIY/fUWSag+5ajsrIq3nnU1B0msbpSNPnqyetwT7iiCMSg/yQ9Cv6HofeX+364oBdWfW80Iy+srWBZvQVQZo24KOvinQTms1/Lprq8bL0RGH+S6an5D/N6ZelLSTo7M7+cxxiV+b9TtKH5bBxM5y8Anms+/QRE2Lns6Njq8javBB9uIF4FDHSJEdEtaKvqN2xkZHc64Te3zi7srRHrxv6O4rUDbprOSrjfuedT1GZ4hzaokCaxulI09fMPd5///3NkUce2ek1WUefRGg9WQRyj0Pvb5o+2VNAZoKgIwRODs68zxqdyEtfFOQ/2PmmazOaXd0h+jTX40WRpg346Ksi3YRm85+Lpno8K/+hrrv88ssTj9vE++ecc4654ooruswA68n5L4+6MI0y8l9IXZhH+b300kvNaaed1vj/4osvbjxPOzo7j/Qr8tScov3nkHTLQ5+Lm//KvN9J+rApMPY6iqJqaj0hhJAwsAYexwqh1x1Li6688souNhiRJ/8Cve0vv/yy7fgAaDDHjx9vj/BzNz9Lm8lQNrfffrs577zzYt+L27Dt6quvtsdilklIINWTCQmktFCl5mjZwElHAHnx7rvvtuUaoDzfeeedpWpDXXPiiSfaY+mwA/i5555ry4D8L2UFdggGTj311EIDszh9rAvD0TxFvNWgsww0p1sa6qfWE0KycXcMB2hcnnzyycZ6I/yPwCrJqS0S7c5Dd3BcQVW6sS8H8hnOjYfjgnSEllZG5PNGe94DcFyxi/7kyZPN0KFD7YZmcFzPPvtse4SflN1DDz20VF1pQBceAu73JZdcYo8TwhIwLNmqquwwkArTx0AqDJzI8cYbb9jyinsn9TKW8j388MONOrIqUMcg311zzTX2f5y9Pm7cONuhJfnu6KOPrkQb68JwsMGmGygDBsvZaE+3JKrWXYvtROF4ooITUJGceeaZjbOH8f/hhx9uMyH5FwiOUKEJeH7hhReWemZzTwX5FY4NGsCRI0dapwX/w1k85JBDOt2XskCjfMstt9i/AM7DXXfdZf9H2UGZqqIMieMqm0KK4wpnS9IOD7cO0ADqHdEmD+wSH9UtjyI3yMK6qQsuuMAGRdEj5aI6jjnmmMJ0JKE17wno2JDzlKWTA/cLwQDSDH9vuOGG0jsYfEFeRJn57ne/a49n3X777e19rqKeAQikEGhibxmkI8oEygYCKejD/3i9qkBUc350AymkEWbXSCCF//EXHQ7aAilokwfu74477mgd2OOOO848+uijnd4vejQUQdvee+9tfvGLX9iNiqVs1KlTuCpYF4aDzg90Vkl+R2eg1IX4i/JdFRJ0ij+AgBMdrXiOvygvVaE53dKoWnctAnkXTQESGnp0IEAD/r722mud/hdHoArHoK7BURzaOyAwGor7i8YC05rxHKCHHb2bSHM4MyjQeA3pT/5FHR1XoM15jQOjeq4GPNDgkH+B+gV5TsA9RECH+4V9TFBugdSZcBS14OYrdOTISSrYqR33GXW+2+ldFgykWoeBVDjwv6RT9etf/7ptTxCk/PSnPzUff/yxfc/t3KyDH1QGrAvDwfdPmzbNDBo0qNDrtErVQWcS2tMtCQ26VU+tl+miMg0PDgEyGYIhbASAgjpp0iTrrKKSwXFmZaN1ilQdp0cBbVP0fJDRUORDmVqP2RCY0oX8CacMZ3ojqEfDSDoTdVzxXGbh4N5iZA+Oq2ZkGQWcVzwX5xV1Q1VTOHHduGuLE0b+QXQWgxs8AeRDyZNakLYRoJMLdaZbb0brSrfuLwMEUuhcd7VAAwIoCaRcNE0TrxIJpMRnkPYC5RX3GY422hEpv2Xe0yxQPlDnQRPaQwncJZA6//zz7f9lHG0l7YVMFUZ64ppwuhHMS56s4/KtImFdGA5Oifnc5z7Xpe11l/Sgvqsiz0nQOWzYsNKvnYXmdEtDg27VgTwDpNapa3Ckba1TqyBfRp1VgBH7NdZYwxx88MEVqNJHnR1XoMl5Jc0DJ3DjjTdu1JUAeRD5TY7vwzRxTXkOSNso+TcDjAAAIABJREFUgcpVV10Vm7/wG9BWRvdJKBoGUq3BQCofkE5oawV5jj0aMEsAMxU//PDDwq6fhjj3MkAlf0Xjm2++WdlsC9aF4cR1oIu/V7XPrSHoTEJzuqWhQbfqQD4OBkjZ1D04EjSOcvqCRk/LCBMcLa3OQx0dV6DRedWK1rwH4ARi05/oFFHkO8wAw31E8IkRZsxs0tghg9lobtASpYoTChhItQYDqXyQ9jfakYT/sdlilWAzRZmpiZmc+HvHHXeYAw880JYbeb0KWBd2bzQEnSR/ahfIawqQtFLX4EjoDqOc4nihBzRK2dNI4WhpdR7q6LgCjc6rVrTmvTSQ9+C0oq7BsiT8BgSeGE3WNoKM5VxZ+a9sGEi1BgOpfEC+R1k95ZRT7P94vttuu9l1rOhI0pZummFdGAZ9gNaoa7pVodsrkMfh9EXbzZ8/3+uzrQRI8t0h+lCRRSuHPHr2Fy1a1LheK/qiuvKaKurqiruur7404rTnMcoZp70VfUl2cXkhjmaP/oLuUH2+5agVQstRXLrl4bhG73fe+TQrTUOcV3x3ko6k19P05HFkVt71ZB6E1pNClj6pS5AnEcwhL2KmlzixY8eOLVRfkl2a7pD8l1ZXtlqPgzwCqbzq8SLI0gay3vctK80GUj7afPQl2aXpDgmkWq3H4/RI2kgdiFl92HgRAxybbLJJ5fkP+xeJhjlz5th9I5qhjPyXR10Yoi/Jrqy6MK/yizR75513bP73mUmaR/r5amsl6CzLf24l3fLQl2RX9v2Oe62trS32O7wC+QEDBmTa4KIhdv369fORYmk2QJLvDtEXdwPz6Nnv06ePvV6r6RfVlddUUdGVdF1ffWl2cdrzGOWMam9VX5JdWmFGI4JlDTinE5sJXnnllV1skhoT6AZFlaNQ5yG0HPkGeM06ru79LiKfZtVNIc4rvjtOR5q+ZurKVsi7ngSheS+0nszSFwVO7KhRoxqdtVmbaualL8kuSTcClZApkUl1ZUg9DvIIpPKox5PIKz8m4aMvKw1aDaSytPnqS7JL0x0SSLVaj8fpwRIOICcFwQb5EfnSd/llUfkPbVn//v0buvG/27mFMiN+UCvafPUVXRemUUT+y7MuDE2/uAFHdyAqbZldHunne2+bDTpBkf5zaLrloS/Jrsz7naQPfnFHR0eX12sztT4kQCL1mh4FtEzR80FmEkydOtUWXlSIKNjNdjgVSR7OQ9G06rhWTR3yanTNMma8oA4oYy1wHfKeizTKgwcPLi2NmiV6oosPZe7RkEcgVRR1y4/NBlJVERpI5Yn4OigfsnkX2l50IlW9v86zzz5r6xYBxwm6Myg1wbqwdeL8P4A0xalSVRESdJaB1nTLokrdqgP5OgRIoT37RVPX4EjjWqckZCZBFE0dTnVyHuriuAJNzqsbrItTIwE7AhepQ2X6fVnUIe+5jgvSCPuMaEbqnLh6RwMMpPKBgVRrIL9Fy0f02E3kwzFjxhSmIQnkNyx3POSQQ+xSE4y+/du//Zs9536PPfZozJhE24f/yx5kYV3Y/alrsEziUR3Iaw+Q6tSzX6fgCNRhlDMLLR1OcLS0Ow9CHRxXoNF5RbodeuihjTXyAEtUqp5tU5e8R/KDgVTrMJDq3sg+TtH76m4+rKVzmLROUpwC4AuQeOqablXqVh3IJ6ElQKpLz35dgiNB0yhnq8Qd8wGizmwZwNHS7DzUzXEFdF790Zz3SM+D+ZEQUjRYBoz9qjSiOVjWnG5pVKm7doG8pgBJc89+HYMjjaOchBBCCCGE+IBBPmwmrRWtwbL2dEuiat21C+Q1wZ79fOEoJyFhuMt70JFICCGEkHJAuztt2jQzbNiwqqXEUnXQmYT2dEtCg+7elV2ZEEJIrqCRlkAeQb22zTfrBPY2OfPMM1XscRIHOozjjhmNvkZITwTlA+VBQLlAeZYOTvyPGZNay7cmWBf6g93gt91228o39YxDgk7MINaG5nRLQ4NuBvKEENINQCP95JNP2uU+xB84e7I0Cw9x9rF7L04l0bqnCLRieZc4q3JqwXnnndfp9+Cx9957271SyoSBVH4wkAoDWlAusGxv5MiRtkzgfyx7xNLIMssG0iqpXEbLSNmwLgwHAZ3GaetAQ9CZhOZ0S0ODbq+p9Vj7XbTd/PnzvT7bCvLdIfpQmRWxxn3RokWN67WirwxdcddNw9euTO0uob8jSbcc64Udw1tp8KA7VF9SOYLzcMwxx9jnOH4QDZ1U5mj8EABif4K0+xFajpq5382kZfR+551P09IURzi6ezQgXbHhpe++DfjuJB1Jryfpue++++zfTTfd1P794IMPGqPzn3zyiTnggAMatjiWLom868k88l5oPZmmD/dK7hfyHXb6B9g8Fc5g9PSMuH058tKXZJdUdo4++mh7zBscVpzk4S7rEvBZnN8eR1pdmWc9Hnc0ooBAys0TPtqa0Rcl7/zYqr64dMP1cS8F7K0DLc0EUj7afPQl2cXpRoCE8gL9KBvu/XZ/D4imeZLukPyHAFTy2ezZs23ajRs3zgwZMsT07dvXHl+LTZNxOs5f//rX2O8tKv8BlFU5YWTgwIH2NQSXEydONAMGDLB1eVobUlT+y7suDNGXZFdWXdhK+uVBHumXpC1pj7FmKMp/DiUP/znNruz7HfdaW1tb7Hd4BfKoWLLARUPs+vXrl/iZ0ABJvjtEX1Eb1fXp08der9X0a0ZXM+koupKu66svza7oNE26bujvKFI3KKochToPoeUoLt3ycFzd+11EPk1K0zycV3x3nI40fXF6sFEk7uPJJ59s76NcH8dMgmbOkS+ingzNe6H1ZJa+KK+88opdlvDoo4/az2TVnXnpS7JL0h13zFszJNWVofV4HoFUHvV4EnnlxyR89MWlWx6BVJY2X31Jdkl5MTSQarUej9OD8oD8hXTDXkbXXnut2WCDDWy+Q0crOjaRtmmzl4rMf8Bt4+RkoXPPPdd2xCIdsY45aQPnovJfHK3WhWkUkf/yrAvzTL8QHUlk6StyY+0i/WeUA5RRnEqGuuKaa64x3/jGN8yUKVPMwQcfnHrNPPznNLsy73eSPqRJR0dHl9c5tT4ArVOk6jo9CmifotcK0O/ejyqnk8Y5D9CD4BkjUXHOV5HACcU18YATDW1AHNfotDht+QDOK9JNHC75Le4DDhCmcxYJNoq8/PLLbaDupqnoQsMonQi493B2yq4HtOW9NJDPcN8wFRG4mwhqAB03SDu3TLjtkTyqSlPkL3QiIaDDc3QkIZCCQ4Z8IIGUBNFVUJf86AZSUk+iwxN/NZ3YIoEUNMpGwFqQGUk4cuu0005rdIpgZgbStQqmTp1q/UakF7QhiEeZRToiD+KIMHdpSlWwLgwDvvfNN9/MzWebBJ2p6HRbd911beevlvo4CZTVqEbkxzJ013rXencEDGC6aNnnpIf27BdBHr36VZHHKGcVxE0dlfzYzGho0bjOA5wYONsS7MF5wEiAjGJURbMjAFUSOgrQk9Ca9ySIE0cVnS5bbrml/YvlCSi37jIFDaDjBieiRDu20B5J+rnvQXuVQXN0aYeAOhP1eNZoSxFozY9RJJBCGiEvagykvvOd79j15uJLuMsXBKSvLPspG9zDqu+jC9o3PNCZNGHCBFs2oukF/wGdX/AtytLOurAYnnvuuU5+X5W+q7skEDNVdt55Z/s6ZsrAx67Kx3LrjIceesjmM+TDqN+vKV5xQV7DPZW0lQC+jGPR1QfydQiQQqZIlUWdgqPQKXpVgHsuHTpIU4AOFC2NHdDqPETR7riCOjivmtCe9zANF7MWpONz9OjR5oUXXrCBnHQu1mETwWhHrSytqBoGUn4wkCqGaLq6uDrLAmmA+gT1CvIfGDNmTKP+gQ9U1f1lXZg/m2++eea+G2UxY8YMO6MHPjQ6WFEWEQPA364yJkDeQjyH47yxHKtXr17mxhtvtGmGKfbwr7XFKkJ0iWj0edGdD+oD+ToESHXo2a9DcCRwlLMYNDoPdXRcQR2cV01ozHtxwFGQ+4cgDvcY9TocC/yvnbj8B4cN+quEgZQ/DKSKQdLVBWUb6VkF6ODFtTEqiin/LpJuVY7csi5sHZTdE0880Xb0C+5AY1Wjyvj90dkB0Rm6GDB1Y5iywQAtfH/k+1122aXxuuisUlsS7ixoWdtfZseD+kBeOxp79usaHHGUs3g0Og/dxXEF2pxXTWjMe3FgPSNGLNAIY+0l6h/UR1pHA+oCA6nmYCAVDu4jljeedNJJds159D6Lzipxy4WGjiQX1oWts80225irrroq9hQXTL+uAneQLO7UHQ2gnCKeQh2HJcraR+STOqldP7DodoSBfCBae/brGBzVfZTTneWgfWMTjc5D3R1XoMF5BbincLiwiz0aj2aPxSsSjXlPtGAU5YQTTrB5EfcNTgXA5me777575RqTgMO9yiqrqOtIYiAVBgOp1sAGv5gpKUsv4Wxr6kiScoq8j3spbcWoUaPsXyyFxMaQUb1lwbowHJzIER3tFlCGq0b2zHKngVe9dh/1m/hQdRmRR1phOYCA34GNh8vcr60Wu9ZrngYOZHQYPfuyQyYyIDIeRsHjdrUvCwmOkHYIhrA+pm7Bkbt7eXTjC008++yzjXyKPIuZGpqQ/AjEeXA7RuA8IA9XCRphOBGu4zpixAg6rk2CHu0NN9yw0SCj0w4OWFUdTJrzHmYnIcCE44rGV3Y/hl44/6gvkQcx26qKOjwL1InY1RedmrKniHtqAfICKLP9RCB1zjnnNNY8oq2RtHQfVXU0aM6PAHUg6j+U4bhASnNHMepwtH9VttsYcUS+cwMSpF90J/PobL+ykHIK3wx/33jjjU6drOuvv74ZPHhw6ScfsS7MB5RZGYiIe1TdoY57hxjguOOO63QaBjpoEMxXgayRx9R6sOqqq1pN0Id7iefuSTwaQb2NDhIctYoO4bLKbi0Cee0BkuA6Ksh0yHxSSKKNSpnUPThyK2TpydSw7tMFeuBgaZvl4KLVeQB1dlyBBudVQFrCiUDnoSCdjZiVUwWa8x6mF6JeQZoB5EPoc50GaMXGO2PHjlV1BCJ0IhiGPmiV2SBw1HD/JVhB21RmIM9AqjUYSBWHpo4kAffw/vvvtzNAoiA/4l5jRktZsC7MBzlGGddGhyDqEIwwo22OO2K5TOQ4vKOOOsruWI9No+FLY908pq9rHTDVDu4p6m2kITY/R55DPa3m+DkcTl+03fz582NtJUBC4WsV+e4QfdARl8FDp0gtWrSocb1W9CXpAiHTo1xdcdf11ZdGmvYQ4rS7hP6OON3S2ErA5O5BED16CXsmJOkO1ZdUjlzEecC06yjizMYdmxhajuLSTRzXyZMnN6YiyQ6gaJQREOB/pF/SlK/o/c47n2alqexKKs5rdB8Mqcjj8jq+O0lH0utZetAT7I7Gy7XRcKPRxuhoWideEfWk0GreC60n0/S515KRlDjS3stLX5JdUrom7bkSne6XRFpdmXc93uzU5rzq8TTyyI+t6otLNwmkcD3p3MRaW9cZxHvwL9C2I01b0eajL8ku6X5LICUBn/yNriGFTdznW63HffIfykNc2yEdSnGUkf+gSZZiHnvssXZ/ILQh8nuSRm6Lyn9514Uh+pLsyqoLW0k/IHWa6Jk0aZLN+1jaho4s5Dcs+0C58PFnkkizSSsTWG++ySabNK6N51//+tcbMUzIdX3skrRJPSGdWu+9917s1PqkjQLz8J/T7Hx0u2VC8h38VsxO8/Vf0/S1tbXFavQK5HEeeha4aIhdv379Yu3zCJDku0P0JRUK13GXnn38j4oZoGcf09nRsx93/ESfPn3s9VpNvzhdeQRHoisrXbL0pdllNb6trnWKam9VX5JdVDc26cMMDDiDyK8yEis6fY9JhG5QRDlyadV5CC1Hcfc7D8fVvd9F5NO0NA11XvHdcTrS9KXpQbphbR7KfRTcdzSMCPTTNt0sop50NbSS90LrSV99rZKXviS7onUnXTcLn3octBJI5VGP++gKyY9J+OiLS7c8Aqksbb76kuyS7ndoINVqPV522ZDrtpr/4vJ82v1sVpuvvirSTSgi/4XSbP5L0hG9v9J56dZ/aXsf5JF+Sdrgl8jUddEI/8udNZO1Tj5v/1mI1hPNHlmah/+cZuerO0rW74i730n60JnQ0dHR5XXVm93lFSCVQas9+0WQR3BUNSGjnGWDTfqwuQVAXoympVtpo8Gu4li9PJyHIsjDca2SUOc1T1AHoef33HPPbfSsRze5w1+8ltSxWARa8x7pmTA/EkJ6Im6HatRPRZ1YxjRwkj+qA/k6BEhCqz37RVD34Ch0lJOQngY6PcePH2+DeLe8YD8RLKFxkR1hy+pYJIQQQgjpbkRPCALR5RVFU4vN7rTibqghuLtVlnUTuxtIt7jpljLK6U4DIoT8o9MTHZlSJjAFC4H9brvtlriekEF8V9AoY08R2UgMHR6aNnRKoq66CSkKlAnMPJJljigT0c0W8cCMRbEh9U03TbpR92KjaywPRVuM6+H5Aw88oHKTSm0g/WR2gKSdVhDzXXTRRVaj3Fvxw8qa4aB6RJ4QQkjzYHd67JzqNijY6LKs6fR1Je7YPqSb5nOTgWbd0qHAjqPmqGu6adXd7JrbIpGloKeeeqoNBBB0xp05jn2fyjyPOg5N6dYMVelGMIcN5WTmKHb4HzRoUKcTY6q+ryijQ4cObfgHyI/33nuvOfjggyvRA6IzbqPI0mlt58gDtLGYkS17jwlSpou+3xyRJyRH0CBHe+HQI3vhhReq6InVqk+rLh+0aUejjCAOx6AIaPiwa/2vf/3r0vW4aB451nhsnw+adYtTiz1PoiNjGtZjRs+P14L2dEtCi26MumJjTwQn+It6RjNyDGL0gXJdZrBXt3QDWFamWTcC05VWWqnTa1h6K0cxlonsmYXyiaP43OM177nnnkrrGHfGLaaqI2CXo7zR4aV1Ji40SX5D56XohGZoL6Mc12JEXnZcz2KPPfbgiNM/YZoR0jPBrvTYwBINhxxBCcdBwGkfVY2waB45Dj22ryq06kbew/IOjEi515cNGKt2yNyRs2hbWeWoj/Z0S0KTbjjOuL/I/7i3msotAimpjxF4xm3mWxWa0y0JLCvTpBv1MDbhvu2228xaa61lp1zjHg8fPtxsscUWdu00jiqrqr3Dxtd77rmnPRFq+vTpjdfxWpV7ZsX5Ki4Ykc/aUb8KpF6DrqrKcS0CeeCeHRidlgRQiKtYR6E5YNaaZlloTtMkXM0yncZ1BrHpmDvlpuzGW6s+rbp80KhdpmimTem69tprE8+wLRIZOXZP9sDIMQJ5jBxXGaDkcWxfFWjV7TplCFbikLKTdC5wkWgKOqO6NKdbEhp1P/vss3adMnRhdtJpp52WaFtmWmoKOuPQmm5ZaNKN9qxv377m/fffN7vuuqsN3lGvoFMVG3ijfdY4RbxKZH8x1CVos7baais7e88FHSCagnjBncmAmQ6CLAco2verTSCvmboGzJqpY5pCM3bcxygjKm6XFVZYoXFUYlVo1adVlw/atPusC0w7w7ZItI4caz22LwvNunGv4UxjxEfyY1w9XsW0do1Bp6A53ZLA1GZtujFdeMGCBbazH2AWkkwXxnuob7AeuKp2RVPQ6aI93ZLQpBv1MjqncRY47nEUdK5jyrWGDhwMNnz/+99v6ER5rXKATNbJy+k7uIdSX2MmgZZOoyjQPWnSJOtbSb5DfIK0LOM+ewXys2bNyrTB4fUhdu+9917q59CwRkdpo42wFOIo6BUDIfqQmYq4ISjsuF6r6ZemKyTNRFfSdX31pdkVnaZJ1w39HUXqBkWWoxBCy1EZ9zvvfAqKTtM4HWn6itQDiqgnQ0eOQ+vJJH15HduXl744YFe07hB9cfdc1vyGkEc9HkceQWeaNl99VaRbM/qErHocU5vz1h2a/9wNszCKd8cdd9iAzg1OPvjgAxvgucdGJemJEpL/8gg6i8p/RadbM/oEHz8ib92tph/AdyMQlr0ioAHPUefI8zTySL9mfC1MV5eOBaQZlgSkUZT/LINzhxxyiPnwww87LUEBeJ42kyEP/zkOsUtLU3TMYdlEK8Td7yR9/fv3t/VtFK9AfsiQIV5iQuzmzZuX+rmQEVqsBQEh+tIKRUjAjBuG67Wafmm6QtJMdCVd11dfml3RaRqqL8muqB426AZFlqMQQstRkekm18o7n6IyXXXVVYM1JoE0jdORpq/IewzyrifzGDkOrSeT9MmxfYIc24c9BpKO7YsjL31RkP9gV7TuEH1p5dpd5iFE63G0U81oa0ZfHHkEnWnagI++KtKtGX1A8p9LGbpD8x9Gx+BYP/fcc/Z9ueeyPhlgJ3F0IMIJjwvsisp/eQSdReW/otOtGX3AN//lrTu0/LrgfqMTFR3Z48aNy7TPI/18tGEWCJb+YeZgMxTlP+OeyM7vAwcObKzX991RPw//OYqb/5J0o+xiVuaoUaMyvy+OuPudpA/XWrx4cZfXObU+B+o4DVw73SFNo72KmGYNqj56RNCqT6suH+qsvSjyGDkui7oe26dVt7s2UNsU8ZCgs2g0p1saWnTLemQhbn8OMGzYMBswwwkvq27OI+gsCs3plgRmJ2nS7S7dQf2CASf4AQjC5PXZs2dXXjdjZBt71GTNEKgK9zg61CtagT6MlIPoLAJZIw+K3BOhNoF8yAhtT4VpVj1Y13PVVVc1KmxxbrSgVZ9WXT5Urd09x1nDusY8Ro7LQI7tQ+AhoOGFU41j+6raWyALrbrfeustBsstoD3dktCkGxuM4Z4KkydPbuzPIcdtAfyP13GaRlkbj2kKOqNoTrckMDtJk27ZtC0K2rsqd4UH0nHk1m3oVECnkYCYYN99961CnsXtxMdxdNpBnhLfqqr7W4tAHtMW3N4MbSO0GgNm7WmWhcY09QW7VmLdETZA04hWfVp1+aBFO8o51rtFnUItaB05BpqP7UtDq26fNojBclc0p1saWnUjaEOd6PoTmE6M6btANiotKyDVFHSmoS3dfKmr7qpAe9zMGnmij1oE8pi2gNEFjWgNmDWnWRZa0zQN6UXE1GDRDt3RncyrQqs+rbp80KgdQR12oI3ulitT/IUqjvHTOnIMNB/bl4ZW3bjejBkz7AZPGtEadGpPtyQ065Yjv6ARG2lhKiwGAaTjUI6OqgLNQafmdEtDk27ZzXz06NGNDe+qXooA3FFv1w9AGmWtRS8DremWRVW61QfyaGBR2WHEQSMaA2btaZaFxjRtFWxwEh31gbOtBa36tOryoSrt4ky7R9tomFovaB05BpqP7UtDq26s7cV0zTgnBnkSmxpi9BuzWNAZUSaag07N6ZaGRt3Q4i7rQf2nbaqupqBTqEO6xaFR9xNPPNFYRoYlFZh9oeUINc3BsuZ0S6Mq3eoDeQSkmPqhJYO5aA2YNadZFlrTtFWaXS/9+uuv20Dw6aeftg28Nn1loVWXD1Vph+NSRp5pBa0jx6QY4pwX19HGX9fpLhONQaegOd3SqKvuqtAYdJJ8wYyevn37NuoZbO56/vnnm6FDh6qYyaA1WNaebklUqVt9ID916lSz9957J74vDiLAerYy11lqDZg1p1kWWtPUF3d0TDYWcYk24EuWLDHXXXedDeCnTJlip3uCVo+2yVtfWWjV5YMG7di5F+vMo2t8hejUeuCeDFE0WkeOSc+DQSchpEgQ1GH5TnTaOpbuYCbaCSecUGlQqjVY1p5uSVStW30gH+fcuY2uj4NYFFoDZs1ploXWNC2KtrY2u4zgtddeq1oKqTFyrjgDEEIIIaQaMKtszpw5sT42/HDM1kPQDKoISqsOOpPQnm5JaNDtFcjjcPqi7ebPn+/12VaQ7w7Rhyl30aAxj4B50aJFjeu1oi9OVx64uuKum4avXRlpGqIvyS7PNO/Vq5f55je/adZZZx07E2HnnXe2G5WhQyNLZ93KUVl5Ne98WnSaJulIej1Nj3v2ahJYg5m2S3ze9WQehNaTgnZ9SXZl1vPudX2oQhvw1VcEWdpA1vtVpZvQXepx5r94mP+ao9n8l6QDyySwWWH0THEBA1BpHe55pF+StjyCzqL85zzSLQ99SXZl3++41zDwF4dXID9gwIBMG1w0xK5fv34+UlpCvjtEX1Ejv3369LHXazX9itaVdF1ffWl2ZWmPXjf0dxSpGwG9z8ZodSxHZdzvIvJp0WkapyNNX5aekSNH2uPnkhryrNMeumM9KaTpk13KMfW62U0C89KXZFe07hB9muvxokjTBnz0VZFuQkg+1VaPJ+nB3iRwolEXumUBR15iL5HoHh1peuKu213zX5Hp1oy+JLsydIeWXzlLHu0tloviyEHRgqMv08gj/ZK0hQadoEj/OTTd8tCXZFfm/U7Sh/a9o6Ojy+vqp9YTQgghRQInELv9wwmsE3XQHTeVk2RT13TTojvuKE50cgIEMdjwUChzvxAQGnQWieZ0S0OjbmxgiCMEBQR1WIdeJSFBZ1loTDcfqtLNQJ6QnIAD454Hm4R7fnGZaNWnVZcPGrXDkYnb3E7A1PoqCBk5Lpo4JxBE0/GII46oPEBx0a4bziKONsJSD/dIRtkRvup7ryXojKI93ZLQohtBCU5/GTdunJk+fXrj/kodhAAaM5OSZi4VjcagE2hPtyQ06pZru+0+6hotAanWYFl7uiVRpe5aBvKuQ0j8YJoVD9I2KX3l3GwU6k033bRkZf9Aqz6tunzQqD10an0RaB45lnPFoU9GwbR1NMShXTfu+fjx482NN97YaXQRbdGTTz5pg7sq0RJ0RtGebklo0n3//febsWPH2nv4ySef2EAP/PGPf2yMdqOM/PrXvy79tAyNQaegOd2SwIktmnRLu4+j3XBv3X1rsGwS57VXjcZguQ7pFocG3bUM5EeNGtVwkDWO0AFtAbPmNMtCa5r6IgX76KOPVvkbtOqKC3MrAAAOY0lEQVTTqsuHqrTDkRkzZkzL7xeF5pFjpAmms9YNzbrh3Fx88cV2J2Q3qIODLc51lSN6moLOqC7N6ZaENt1uHYf6V+4rgmfRifJTRWeNpqAziuZ0SwIntmjSLVPXBVwTo98a0BB0JqE53dLQoLsWgXzS9NVjjjmm0/8a1utoCZjrlGZZaEnTVkAjfc4556idDqlVn1ZdPtRZexFoHjnGaA528L/33ntj349boqChztSuG85ze3t7pynCLvJ6FaPf2oJOF83plgTyolbdbuAim3hVfcyWpqAzCY3p5kNddZeFhqCT5E8tAnmQ5YTIqG3ZaA6YtaZZFprTtBnQqMAxjI76aEGrPq26fKiz9qLQPHKM0Rw4fFk79WpDu27oQj2OjZSkjpZlHTJlWDpzykZr0Ak0p1sSkhc16ca1cIwWjnEdNGiQ9SeiPgX8iSo7RDQGnXVItzi06YYeLNvBCDf9AH/qmm5V665NIK+ZugbMmqlTmmJE4jvf+U7scR4gbtSszCnEmvUlHYMCqk63NDSnqTbOPPNMtSPHgjvFMAlsEohRcE1Tm+uqu0q0BZ0kfxDUjRgxIrOjyw2my6pztAWdLprTLQm0xZp1x9XRVfoCVQedvmhLN1+q0M1AnpBAMCLhTlcSkqZwlo1mfVp1ZaE5TbWheeTYReMmgT5o1h0XpLidNwhWsLyCdKau6aZFN+ob5P0LL7ywUTawdOKxxx5rONR4f9KkSbH1eJFoDjo1p1sSMiNEi25cV2aPYhNN+AInnXRS45g3TWgKluuUbi4adHsF8jicvmi7+fPnp34mroGIgpGcOOS7Q/ShF6uIEY1FixY1rteKvjRdIWnm6oq7rq++NMpI0zhCf0eRutOuG6WVchRCaDkq637nnU+LTtMkHUmvF6kn7bo+dkn3OHTkOLSezNIXSl76kuyqqCvzqMfTZldkjXrnVY8nERJ0Zmnz0VdVuvnqS7IrS3do/sNI9iabbGJeeOEFO019gw02sMueECADbHYIp9tXT5RW818eQWeR+a/odPPVl2RXlu5W0w/Xxn4w0qH/4Ycf2vPafckj/ZK05RF0FuU/55FueehLsiv7fse91tbWFvsdXoH8gAEDMm1w0RC7fv36pX4uZKq1fHeIvjQnKiRg7tOnj71eq+mXpiskzURX0nV99aXZFZ2mofqS7IqaogrdoMhyFEJoOSoy3eRaReTTotM0TkeaviL1gKLqyZCR49B60kcfdtSPm+ovoKOhaH1JdkXrDtHXarnG59JOUMijHk8jJOhM0+arr4p0a0Zfkl0ZuvPKf9goFydm4PhPzJBaffXVrZONae1HHXVU6qypIvNfaNBZdP4rKt2a0ZdkV4bu0PSbPHlyYznZt7/9bXPppZea0047rZPN1VdfHbsPQh7pl6QtNOgERfrPoemWh74kuzLvd5I+tEsdHR1dXq/F1Hqcb7jjjjum2lS5Tkfjem7taZaFxjQlhHRfNE9RT6OuugWsA1577bVVtUdZQacGNKabD2Xojm6Yi9HH6PMrr7zS/q1q47aQoLMo6pBucWjSjc6YadOmmQMOOMBsu+22VpuMemNE/K233qq0zIYEnUWiPd2S0KBbfSCPRJo9e7btsdSIxoBZe5ploTFNCSFhhIwcFw2curTALev9qtCse9iwYXaqcNbMqqrPL06jimC5rummSTful1YfQVPQGUVzuqWhSTdGuXfbbTe7VGKbbbYxAwcOtMGcBjQEnUloTrc0NOhWH8ij9wg9lRo3jtIaMGtOsyy0pqkvsiOt9HhiZoGm+6BVn1ZdPtRZe5nUfeSYNIfmM4o1BZ1RNKdbGnXVXTaagk6SPygH6IBBYAcQ1A0dOrRiVf9AQ9CZhOZ0S0ODbtWBPI6VQO+Rxt1ZgcaAWXuaZaExTZsBQYrmXbq16tOqy4c6ay8LzSPHpOfBoJMQUjQYmHryySftMgoNaAg6fdCWbr5UpVt1II9jJTQ7dxoDZu1plkbdOyEIIYQQQgh56aWX7PGBGgemNAfLmtMtjap0qw7ktVPXgFkrde6EIIQQQgghPRvM0os7ix0byJW9iVwSGoPlOqRbHFXrZiBPCCGkR4CphT//+c/NPffcY///9NNPzXLLLZf5ORz5knSGKzjwwANz0xhHVHeULH1JdkXrJqRossoGaKV8dPeyseaaa5pLLrnE3HrrrZm2zaTf6NGj85CXCHT/7Gc/66S71frP5aCDDmpKB/IdjqhMy3et6Ct6RmrVQadbXvNqf0GVbXBI/stDNwN5QgipEdigZubMmeZ73/terg0h+O53v5uHRLVg8zI0xsKsWbPMkCFDMj+Xx7nlIUR1R8n7/PpmiHOso7Ti6DTrWNeNugYCcQ5tHoFUqw5tVtkAVZUPrD/+/e9/n3mPm02/PJz/rbbaylx00UW51n9l1JPQfe2117Z03Tz1Id9hk1uN6Sdl9LbbbsvVP9h7772DtbnlNe/2F3ZFkVbPVF0+vAJ538QJsZs/f77XZ1tBvjtEH3amjtttOZRFixY1rteKvjJ0xV03DV+7MrW7hP6O1VZbzTYk2CxpyZIlZpll8ukPk51sQ/T16dPHHt937LHH2v/z1Pef//mfQfrcdBPy0Id0c6+Vdz6NpmmeIE2TdCS93r9/fzNu3LiGTd4NQ3esJ2lXnN2GG25oLrvsMi/bZgmtx7Fx6o033ph67GEr7LfffpnXz3p/nXXWsYFAEY6dT9q0mg+gW+qfvCmyHq/CbqONNiolrVp5n3bd107KqDb/gHZhdkmdLV4edJ49DUl26NWXUSbg20PkMyL1X//1X/ZviL4inFOAIAHXazX9Nt5449jpHqHphx5f9zp59zjBrug0Tbpu6O/Ybrvt7AMU0aMYYofXrrrqqsb/mvS56aZRX5IdjkJ001SbPk120fooz6nrIfUk7Xqm3aabbmpuuOEGtfpoRzva0Y52tPOxw0AJfKUoaqbWo+fcnbbg+4ObCQS6I0nTPfJOvyLwWdvWSiDQ3de2EaKVuk5dJ4QQQgipG2oCee1Eg868Zgz05KDTZ20bAwFCCCGEEEII6QwDeU+iQWcdRrwJIYQQQgghhHQ/elctgBBCCCGEEEIIIf4wkCeEEEIIIYQQQmoEA3lCCCGEEEIIIaRGMJAnhBBCCCGEEEJqBAN5QgghhBBCCCGkRvRqb29fmmbge/46dnD3sc3bzhfqC4P6wqC+MKgvDOoLg/rCoL4wqC8M6guD+sKgvjCo7x/079/f9O4dM/6OQD7tMXPmzKU+wLYKO+oLs6O+MDvqC7OjvjA76guzo74wO+oLs6O+MDvqC7OjvjA76guzo77m7BYsWBAbp3NqPSGEEEIIIYQQUiMYyBNCCCGEEEIIITWCgTwhhBBCCCGEEFIjGMgTQgghhBBCCCE1goE8IYQQQgghhBBSIxjIE0IIIYQQQgghNYKBPCGEEEIIIYQQUiMYyBNCCCGEEEIIITWiFw6TTzP46KOPzIABA8rS0zTUFwb1hUF9YVBfGNQXBvWFQX1hUF8Y1BcG9YVBfWFQX3O0tbWZjo6OLq8v4/Nhnx/i+4NpRzva0Y52tKMd7WhHO9rRjna0o1223cKFC2MDeU6tJ4QQQgghhBBCagQDeUIIIYQQQgghpEYwkCeEEEIIIYQQQmoEA3lCCCGEEEIIIaRGMJAnhBBCCCGEEEJqBAN5QgghhBBCCCGkRjCQJ4QQQgghhBBCagQDeUIIIYQQQgghpEb0am9vX5pm4HuAfVVQXxjUFwb1hUF9YVBfGNQXBvWFQX1hUF8Y1BcG9YVBfc3R1tZmOjo6ury+jM+HfX6I7w+mHe1oRzva0Y52tKMd7WhHO9rRjnbZdgsXLowN5Dm1nhBCCCGEEEIIqREM5AkhhBBCCCGEkBrBQJ4QQgghhBBCCKkRDOQJIYQQQgghhJAawUCeEEIIIYQQQgipEQzkCSGEEEIIIYSQGsFAnhBCCCGEEEIIqREM5AkhhBBCCCGEkBrRq729fWmage8B9lVBfWFQXxjUFwb1hUF9YVBfGNQXBvWFQX1hUF8Y1BcG9TVHW1ub6ejo6PL6Mj4f9vkhvj+YdrSjHe1oRzva0Y52tKMd7WhHO9pl2y1cuDA2kOfUekIIIYQQQgghpEYwkCeEEEIIIYQQQmoEA3lCCCGEEEIIIaRGMJAnhBBCCCGEEEJqBAN5QgghhBBCCCGkRjCQJ4QQQgghhBBCagQDeUIIIYQQQgghpEYwkCeEEEIIIYQQQmpEr/b29qVpBjiY3gccXu9jm7edL9QXBvWFQX1hUF8Y1BcG9YVBfWFQXxjUFwb1hUF9YVDfP+jfv7/p3Ttm/B2BfNpj5syZS32AbRV21BdmR31hdtQXZkd9YXbUF2ZHfWF21BdmR31hdtQXZkd9YXbUF2ZHfc3ZLViwIDZO59R6QgghhBBCCCGkRjCQJ4QQQgghhBBCagQDeUIIIYQQQgghpEYwkCeEEEIIIYQQQmoEA3lCCCGEEEIIIaRGMJAnhBBCCCGEEEJqBAN5QgghhBBCCCGkRjCQJ4QQQgghhBBCakQvHCafZvDRRx+ZAQMGlKWnaagvDOoLg/rCoL4wqC8M6guD+sKgvjCoLwzqC4P6wqC+5mhrazMdHR1dXl/G58M+P8T3B9OOdrSjHe1oRzva0Y52tKMd7WhHu2y7hQsXxgbynFpPCCGEEEIIIf+vvTtGQSAGgzCqxPsfNlWasB5A0cgUMvBeuXwLs+UPglDEIQ8AAABFHPIAAABQxCEPAAAARRzyAAAAUMQhDwAAAEUc8gAAAFDEIQ8AAABF7nPO61Nw+gf2/2Jfxr6MfRn7MvZl7MvYl7EvY1/Gvox9Gft+M8a47b1fnj9OXj75kNMP1ul0Op1Op9PpdDqdTve9W2u9PeT9tB4AAACKOOQBAACgiEMeAAAAijwBEacZ47RkCkUAAAAASUVORK5CYII=\"></p><p>è¿˜å¯ä»¥åŠ è§†é¢‘å—ï¼Ÿ</p>','0','admin','2018-03-16 11:33:00','ry','2018-03-16 11:33:00','ç®¡ç†å‘˜',NULL),(2,'è¯é¢˜2','3',_binary 'ç»´æŠ¤å†…å®¹','0','admin','2018-03-16 11:33:00','ry','2018-03-16 11:33:00','ç®¡ç†å‘˜',NULL);
/*!40000 ALTER TABLE `busi_lable_notice` ENABLE KEYS */;
UNLOCK TABLES;

--
-- Table structure for table `busi_operation`
--

DROP TABLE IF EXISTS `busi_operation`;
/*!40101 SET @saved_cs_client     = @@character_set_client */;
/*!50503 SET character_set_client = utf8mb4 */;
CREATE TABLE `busi_operation` (
  `id` int NOT NULL AUTO_INCREMENT,
  `entity_id` bigint DEFAULT NULL COMMENT 'è¢«æ“ä½œå¯¹è±¡id',
  `operation_user` bigint DEFAULT NULL COMMENT 'æ“ä½œäººid',
  `operation_type` int DEFAULT NULL COMMENT 'æ“ä½œç±»å‹ï¼ˆ5æ”¶è—4ç‚¹èµ3åˆ†äº«2è¯„è®º1è¸©ï¼‰',
  `operation_time` datetime DEFAULT NULL COMMENT 'æ“ä½œæ—¶é—´',
  `create_by` varchar(20) CHARACTER SET utf8 COLLATE utf8_general_ci DEFAULT NULL COMMENT 'è®°å½•åˆ›å»ºç”¨æˆ·å',
  `create_time` datetime DEFAULT NULL COMMENT 'è®°å½•åˆ›å»ºæ—¶é—´',
  `update_by` varchar(20) CHARACTER SET utf8 COLLATE utf8_general_ci DEFAULT NULL COMMENT 'è®°å½•ä¿®æ”¹ç”¨æˆ·å',
  `update_time` datetime DEFAULT NULL COMMENT 'è®°å½•ä¿®æ”¹æ—¶é—´',
  `entity_type` int DEFAULT NULL COMMENT 'è¢«æ“ä½œå¯¹è±¡ç±»å‹ï¼ˆ1æ–‡ç« 2è¯„è®ºï¼‰',
  `status` varchar(10) CHARACTER SET utf8 COLLATE utf8_general_ci DEFAULT NULL COMMENT 'çŠ¶æ€1,0',
  PRIMARY KEY (`id`) USING BTREE
) ENGINE=InnoDB AUTO_INCREMENT=50 DEFAULT CHARSET=utf8 ROW_FORMAT=DYNAMIC COMMENT='ç”¨æˆ·æ“ä½œè¡¨';
/*!40101 SET character_set_client = @saved_cs_client */;

--
-- Dumping data for table `busi_operation`
--

LOCK TABLES `busi_operation` WRITE;
/*!40000 ALTER TABLE `busi_operation` DISABLE KEYS */;
INSERT INTO `busi_operation` VALUES (20,1,2,4,'2021-04-20 21:07:04','admin','2021-04-20 21:07:04',NULL,NULL,1,'1'),(21,1,1,4,'2021-04-20 21:07:05','admin','2021-04-20 21:07:05',NULL,NULL,1,'0'),(22,3,2,4,'2021-04-20 21:07:05','admin','2021-04-20 21:07:05',NULL,NULL,1,'1'),(23,100,120,4,'2021-04-20 21:07:05','admin','2021-04-20 21:07:05',NULL,NULL,1,'1'),(24,100,125,4,'2021-04-20 21:07:05','admin','2021-04-20 21:07:05',NULL,NULL,1,'1'),(25,101,127,4,'2021-04-20 21:07:05','admin','2021-04-20 21:07:05',NULL,NULL,1,'1'),(26,1,1,4,'2021-04-20 21:07:05','admin','2021-04-20 21:07:05',NULL,NULL,2,NULL),(27,2,1,4,'2021-04-20 21:07:05','admin','2021-04-20 21:07:05',NULL,NULL,2,NULL),(28,NULL,1,2,NULL,'admin','2021-05-06 01:41:27',NULL,NULL,2,'1'),(29,11,1,5,'2021-05-06 01:41:34',NULL,'2021-05-06 01:41:34',NULL,NULL,1,'1'),(30,11,1,5,'2021-05-06 01:50:56',NULL,'2021-05-06 01:50:56',NULL,NULL,1,'1'),(31,NULL,1,2,NULL,'admin','2021-05-06 01:51:27',NULL,NULL,2,'1'),(32,NULL,1,2,NULL,'admin','2021-05-06 01:51:34',NULL,NULL,2,'1'),(33,NULL,1,2,NULL,'admin','2021-05-06 01:51:40',NULL,NULL,2,'1'),(34,NULL,1,2,NULL,'admin','2021-05-06 01:51:49',NULL,NULL,2,'1'),(35,13,1,5,'2021-05-06 01:56:36',NULL,'2021-05-06 01:56:36',NULL,NULL,1,'1'),(36,NULL,12,2,NULL,'tanhongq','2021-05-06 10:27:13',NULL,NULL,2,'1'),(37,NULL,12,2,NULL,'tanhongq','2021-05-06 10:27:49',NULL,NULL,2,'1'),(38,NULL,12,2,NULL,'tanhongq','2021-05-06 10:28:06',NULL,NULL,2,'1'),(39,NULL,12,2,NULL,'tanhongq','2021-05-06 10:28:23',NULL,NULL,2,'1'),(40,NULL,13,2,NULL,'tanhongw','2021-05-06 10:34:44',NULL,NULL,2,'1'),(41,NULL,13,2,NULL,'tanhongw','2021-05-06 10:35:16',NULL,NULL,2,'1'),(42,13,13,5,'2021-05-06 10:35:27',NULL,'2021-05-06 10:35:27',NULL,NULL,1,'1'),(43,NULL,6,2,NULL,'tanhong','2021-05-06 10:57:01',NULL,NULL,2,'1'),(44,17,1,5,'2021-05-06 10:59:39',NULL,'2021-05-06 10:59:39',NULL,NULL,1,'1'),(45,NULL,1,2,NULL,'admin','2021-05-06 11:26:09',NULL,NULL,2,'1'),(46,NULL,1,2,NULL,'admin','2021-05-06 13:21:55',NULL,NULL,2,'1'),(47,NULL,1,2,NULL,'admin','2021-05-06 13:30:02',NULL,NULL,2,'1'),(48,NULL,1,2,NULL,'admin','2021-05-06 13:33:14',NULL,NULL,2,'1'),(49,11,1,5,'2021-05-06 13:33:27',NULL,'2021-05-06 13:33:27',NULL,NULL,1,'1');
/*!40000 ALTER TABLE `busi_operation` ENABLE KEYS */;
UNLOCK TABLES;

--
-- Table structure for table `busi_score`
--

DROP TABLE IF EXISTS `busi_score`;
/*!40101 SET @saved_cs_client     = @@character_set_client */;
/*!50503 SET character_set_client = utf8mb4 */;
CREATE TABLE `busi_score` (
  `id` int NOT NULL AUTO_INCREMENT,
  `uid` int NOT NULL,
  `aid` int NOT NULL,
  `score` int DEFAULT NULL,
  `ts` datetime DEFAULT NULL,
  PRIMARY KEY (`id`) USING BTREE
) ENGINE=InnoDB AUTO_INCREMENT=56 DEFAULT CHARSET=utf8 ROW_FORMAT=DYNAMIC COMMENT='æ¨èå¾—åˆ†è¡¨';
/*!40101 SET character_set_client = @saved_cs_client */;

--
-- Dumping data for table `busi_score`
--

LOCK TABLES `busi_score` WRITE;
/*!40000 ALTER TABLE `busi_score` DISABLE KEYS */;
INSERT INTO `busi_score` VALUES (1,1,1,3,NULL),(2,1,2,1,NULL),(3,1,4,5,NULL),(4,1,5,3,NULL),(5,1,9,3,NULL),(6,1,10,2,NULL),(7,2,1,2,NULL),(8,2,3,2,NULL),(9,2,4,1,NULL),(10,2,7,5,NULL),(11,3,1,5,NULL),(12,3,2,1,NULL),(13,3,3,1,NULL),(14,3,6,1,NULL),(15,3,8,1,NULL),(16,4,1,1,NULL),(17,4,2,1,NULL),(18,4,6,3,NULL),(19,4,7,1,NULL),(20,4,9,2,NULL),(21,5,2,1,NULL),(22,5,3,3,NULL),(23,5,6,5,NULL),(24,5,10,3,NULL),(25,6,1,1,NULL),(26,6,2,4,NULL),(27,6,3,4,NULL),(28,6,7,2,NULL),(29,6,8,2,NULL),(30,7,1,2,NULL),(31,7,2,3,NULL),(32,7,3,1,NULL),(33,7,5,3,NULL),(34,7,6,3,NULL),(35,7,7,3,NULL),(36,8,1,1,NULL),(37,8,3,3,NULL),(38,8,4,5,NULL),(39,8,8,1,NULL),(40,8,9,2,NULL),(41,9,4,2,NULL),(42,9,6,5,NULL),(43,9,8,3,NULL),(44,1,1,2,'2021-04-17 11:21:33'),(45,127,101,4,'2021-04-20 20:46:52'),(46,1,11,24,'2021-05-06 13:33:27'),(47,1,13,14,'2021-05-06 16:51:18'),(48,12,12,2,NULL),(49,12,11,2,NULL),(50,12,14,4,'2021-05-06 10:28:58'),(51,13,16,2,NULL),(52,13,13,7,'2021-05-06 10:35:27'),(53,13,11,4,'2021-05-06 10:36:54'),(54,6,11,2,NULL),(55,1,17,5,'2021-05-06 10:59:39');
/*!40000 ALTER TABLE `busi_score` ENABLE KEYS */;
UNLOCK TABLES;

--
-- Table structure for table `busi_type`
--

DROP TABLE IF EXISTS `busi_type`;
/*!40101 SET @saved_cs_client     = @@character_set_client */;
/*!50503 SET character_set_client = utf8mb4 */;
CREATE TABLE `busi_type` (
  `id` int NOT NULL,
  `type_name` varchar(20) CHARACTER SET utf8 COLLATE utf8_general_ci DEFAULT NULL COMMENT 'ç±»å‹åå­—',
  `type_desc` varchar(100) CHARACTER SET utf8 COLLATE utf8_general_ci DEFAULT NULL COMMENT 'ç±»å‹æè¿°',
  `create_by` int DEFAULT NULL COMMENT 'åˆ›å»ºç”¨æˆ·id',
  `create_time` datetime DEFAULT NULL COMMENT 'åˆ›å»ºæ—¶é—´',
  `update_by` int DEFAULT NULL COMMENT 'ä¿®æ”¹ç”¨æˆ·',
  `update_time` datetime DEFAULT NULL COMMENT 'ä¿®æ”¹æ—¶é—´',
  PRIMARY KEY (`id`) USING BTREE
) ENGINE=InnoDB DEFAULT CHARSET=utf8 ROW_FORMAT=DYNAMIC;
/*!40101 SET character_set_client = @saved_cs_client */;

--
-- Dumping data for table `busi_type`
--

LOCK TABLES `busi_type` WRITE;
/*!40000 ALTER TABLE `busi_type` DISABLE KEYS */;
INSERT INTO `busi_type` VALUES (1,'å‰ç«¯','ç•Œé¢',1,NULL,NULL,NULL),(2,'åç«¯','æœåŠ¡å™¨',1,NULL,NULL,NULL),(3,'æ•°æ®åº“','æŒä¹…åŒ–',1,NULL,NULL,NULL),(4,'æ¶ˆæ¯ä¸­é—´ä»¶','mq',NULL,NULL,NULL,NULL);
/*!40000 ALTER TABLE `busi_type` ENABLE KEYS */;
UNLOCK TABLES;

--
-- Table structure for table `busi_user_sigature`
--

DROP TABLE IF EXISTS `busi_user_sigature`;
/*!40101 SET @saved_cs_client     = @@character_set_client */;
/*!50503 SET character_set_client = utf8mb4 */;
CREATE TABLE `busi_user_sigature` (
  `id` int NOT NULL,
  `user_id` int DEFAULT NULL,
  `user_signature` varchar(255) CHARACTER SET utf8 COLLATE utf8_general_ci DEFAULT NULL,
  PRIMARY KEY (`id`) USING BTREE
) ENGINE=InnoDB DEFAULT CHARSET=utf8 ROW_FORMAT=DYNAMIC;
/*!40101 SET character_set_client = @saved_cs_client */;

--
-- Dumping data for table `busi_user_sigature`
--

LOCK TABLES `busi_user_sigature` WRITE;
/*!40000 ALTER TABLE `busi_user_sigature` DISABLE KEYS */;
/*!40000 ALTER TABLE `busi_user_sigature` ENABLE KEYS */;
UNLOCK TABLES;

--
-- Table structure for table `busi_vedio`
--

DROP TABLE IF EXISTS `busi_vedio`;
/*!40101 SET @saved_cs_client     = @@character_set_client */;
/*!50503 SET character_set_client = utf8mb4 */;
CREATE TABLE `busi_vedio` (
  `id` int NOT NULL,
  `vedio_src` varchar(255) CHARACTER SET utf8 COLLATE utf8_general_ci DEFAULT NULL COMMENT 'åœ°å€',
  `vedio_decrioption` varchar(30) CHARACTER SET utf8 COLLATE utf8_general_ci DEFAULT NULL COMMENT 'æè¿°',
  `create_time` datetime DEFAULT NULL COMMENT 'åˆ›å»ºæ—¶é—´',
  `update_time` datetime DEFAULT NULL COMMENT 'ä¿®æ”¹æ—¶é—´',
  `create_by` int DEFAULT NULL COMMENT 'ä¸Šä¼ ç”¨æˆ·',
  `vedio_name` varchar(40) CHARACTER SET utf8 COLLATE utf8_general_ci DEFAULT NULL COMMENT 'è§†é¢‘åç§°',
  PRIMARY KEY (`id`) USING BTREE
) ENGINE=InnoDB DEFAULT CHARSET=utf8 ROW_FORMAT=DYNAMIC;
/*!40101 SET character_set_client = @saved_cs_client */;

--
-- Dumping data for table `busi_vedio`
--

LOCK TABLES `busi_vedio` WRITE;
/*!40000 ALTER TABLE `busi_vedio` DISABLE KEYS */;
/*!40000 ALTER TABLE `busi_vedio` ENABLE KEYS */;
UNLOCK TABLES;

--
-- Table structure for table `gen_table`
--

DROP TABLE IF EXISTS `gen_table`;
/*!40101 SET @saved_cs_client     = @@character_set_client */;
/*!50503 SET character_set_client = utf8mb4 */;
CREATE TABLE `gen_table` (
  `table_id` bigint NOT NULL AUTO_INCREMENT COMMENT 'ç¼–å·',
  `table_name` varchar(200) CHARACTER SET utf8 COLLATE utf8_general_ci DEFAULT '' COMMENT 'è¡¨åç§°',
  `table_comment` varchar(500) CHARACTER SET utf8 COLLATE utf8_general_ci DEFAULT '' COMMENT 'è¡¨æè¿°',
  `sub_table_name` varchar(64) CHARACTER SET utf8 COLLATE utf8_general_ci DEFAULT NULL COMMENT 'å…³è”å­è¡¨çš„è¡¨å',
  `sub_table_fk_name` varchar(64) CHARACTER SET utf8 COLLATE utf8_general_ci DEFAULT NULL COMMENT 'å­è¡¨å…³è”çš„å¤–é”®å',
  `class_name` varchar(100) CHARACTER SET utf8 COLLATE utf8_general_ci DEFAULT '' COMMENT 'å®ä½“ç±»åç§°',
  `tpl_category` varchar(200) CHARACTER SET utf8 COLLATE utf8_general_ci DEFAULT 'crud' COMMENT 'ä½¿ç”¨çš„æ¨¡æ¿ï¼ˆcrudå•è¡¨æ“ä½œ treeæ ‘è¡¨æ“ä½œï¼‰',
  `package_name` varchar(100) CHARACTER SET utf8 COLLATE utf8_general_ci DEFAULT NULL COMMENT 'ç”ŸæˆåŒ…è·¯å¾„',
  `module_name` varchar(30) CHARACTER SET utf8 COLLATE utf8_general_ci DEFAULT NULL COMMENT 'ç”Ÿæˆæ¨¡å—å',
  `business_name` varchar(30) CHARACTER SET utf8 COLLATE utf8_general_ci DEFAULT NULL COMMENT 'ç”Ÿæˆä¸šåŠ¡å',
  `function_name` varchar(50) CHARACTER SET utf8 COLLATE utf8_general_ci DEFAULT NULL COMMENT 'ç”ŸæˆåŠŸèƒ½å',
  `function_author` varchar(50) CHARACTER SET utf8 COLLATE utf8_general_ci DEFAULT NULL COMMENT 'ç”ŸæˆåŠŸèƒ½ä½œè€…',
  `gen_type` char(1) CHARACTER SET utf8 COLLATE utf8_general_ci DEFAULT '0' COMMENT 'ç”Ÿæˆä»£ç æ–¹å¼ï¼ˆ0zipå‹ç¼©åŒ… 1è‡ªå®šä¹‰è·¯å¾„ï¼‰',
  `gen_path` varchar(200) CHARACTER SET utf8 COLLATE utf8_general_ci DEFAULT '/' COMMENT 'ç”Ÿæˆè·¯å¾„ï¼ˆä¸å¡«é»˜è®¤é¡¹ç›®è·¯å¾„ï¼‰',
  `options` varchar(1000) CHARACTER SET utf8 COLLATE utf8_general_ci DEFAULT NULL COMMENT 'å…¶å®ƒç”Ÿæˆé€‰é¡¹',
  `create_by` varchar(64) CHARACTER SET utf8 COLLATE utf8_general_ci DEFAULT '' COMMENT 'åˆ›å»ºè€…',
  `create_time` datetime DEFAULT NULL COMMENT 'åˆ›å»ºæ—¶é—´',
  `update_by` varchar(64) CHARACTER SET utf8 COLLATE utf8_general_ci DEFAULT '' COMMENT 'æ›´æ–°è€…',
  `update_time` datetime DEFAULT NULL COMMENT 'æ›´æ–°æ—¶é—´',
  `remark` varchar(500) CHARACTER SET utf8 COLLATE utf8_general_ci DEFAULT NULL COMMENT 'å¤‡æ³¨',
  PRIMARY KEY (`table_id`) USING BTREE
) ENGINE=InnoDB AUTO_INCREMENT=16 DEFAULT CHARSET=utf8 ROW_FORMAT=DYNAMIC COMMENT='ä»£ç ç”Ÿæˆä¸šåŠ¡è¡¨';
/*!40101 SET character_set_client = @saved_cs_client */;

--
-- Dumping data for table `gen_table`
--

LOCK TABLES `gen_table` WRITE;
/*!40000 ALTER TABLE `gen_table` DISABLE KEYS */;
INSERT INTO `gen_table` VALUES (4,'busi_article','',NULL,NULL,'BusiArticle','crud','com.ruoyi.system','system','article',NULL,'dfm','0','/',NULL,'admin','2021-04-01 16:16:43','',NULL,NULL),(9,'busi_comment','',NULL,NULL,'BusiComment','crud','com.ruoyi.system','system','comment',NULL,'dfm','0','/',NULL,'admin','2021-04-13 16:33:10','',NULL,NULL),(11,'busi_lable_notice','é€šçŸ¥å…¬å‘Šè¡¨',NULL,NULL,'BusiLableNotice','crud','com.ruoyi.system','system','notice','é€šçŸ¥å…¬å‘Š','dfm','0','/',NULL,'admin','2021-04-15 13:46:54','',NULL,NULL),(12,'busi_lable','æ ‡ç­¾è¡¨',NULL,NULL,'BusiLable','crud','com.ruoyi.system','system','lable','æ ‡ç­¾','dfm','0','/',NULL,'admin','2021-04-15 13:53:12','',NULL,NULL),(13,'busi_operation','ç”¨æˆ·æ“ä½œè¡¨',NULL,NULL,'BusiOperation','crud','com.ruoyi.system','system','operation','ç”¨æˆ·æ“ä½œ','dfm','0','/',NULL,'admin','2021-04-17 17:54:03','',NULL,NULL),(14,'busi_score','æ¨èå¾—åˆ†è¡¨',NULL,NULL,'BusiScore','crud','com.ruoyi.system','system','score','æ¨èå¾—åˆ†','dfm','0','/',NULL,'admin','2021-04-17 17:54:03','',NULL,NULL),(15,'busi_follows','å…³æ³¨ä¿¡æ¯è¡¨',NULL,NULL,'BusiFollows','crud','com.ruoyi.system','system','follows','å…³æ³¨ä¿¡æ¯','dfm','0','/',NULL,'admin','2021-04-26 17:42:18','',NULL,NULL);
/*!40000 ALTER TABLE `gen_table` ENABLE KEYS */;
UNLOCK TABLES;

--
-- Table structure for table `gen_table_column`
--

DROP TABLE IF EXISTS `gen_table_column`;
/*!40101 SET @saved_cs_client     = @@character_set_client */;
/*!50503 SET character_set_client = utf8mb4 */;
CREATE TABLE `gen_table_column` (
  `column_id` bigint NOT NULL AUTO_INCREMENT COMMENT 'ç¼–å·',
  `table_id` varchar(64) CHARACTER SET utf8 COLLATE utf8_general_ci DEFAULT NULL COMMENT 'å½’å±è¡¨ç¼–å·',
  `column_name` varchar(200) CHARACTER SET utf8 COLLATE utf8_general_ci DEFAULT NULL COMMENT 'åˆ—åç§°',
  `column_comment` varchar(500) CHARACTER SET utf8 COLLATE utf8_general_ci DEFAULT NULL COMMENT 'åˆ—æè¿°',
  `column_type` varchar(100) CHARACTER SET utf8 COLLATE utf8_general_ci DEFAULT NULL COMMENT 'åˆ—ç±»å‹',
  `java_type` varchar(500) CHARACTER SET utf8 COLLATE utf8_general_ci DEFAULT NULL COMMENT 'JAVAç±»å‹',
  `java_field` varchar(200) CHARACTER SET utf8 COLLATE utf8_general_ci DEFAULT NULL COMMENT 'JAVAå­—æ®µå',
  `is_pk` char(1) CHARACTER SET utf8 COLLATE utf8_general_ci DEFAULT NULL COMMENT 'æ˜¯å¦ä¸»é”®ï¼ˆ1æ˜¯ï¼‰',
  `is_increment` char(1) CHARACTER SET utf8 COLLATE utf8_general_ci DEFAULT NULL COMMENT 'æ˜¯å¦è‡ªå¢ï¼ˆ1æ˜¯ï¼‰',
  `is_required` char(1) CHARACTER SET utf8 COLLATE utf8_general_ci DEFAULT NULL COMMENT 'æ˜¯å¦å¿…å¡«ï¼ˆ1æ˜¯ï¼‰',
  `is_insert` char(1) CHARACTER SET utf8 COLLATE utf8_general_ci DEFAULT NULL COMMENT 'æ˜¯å¦ä¸ºæ’å…¥å­—æ®µï¼ˆ1æ˜¯ï¼‰',
  `is_edit` char(1) CHARACTER SET utf8 COLLATE utf8_general_ci DEFAULT NULL COMMENT 'æ˜¯å¦ç¼–è¾‘å­—æ®µï¼ˆ1æ˜¯ï¼‰',
  `is_list` char(1) CHARACTER SET utf8 COLLATE utf8_general_ci DEFAULT NULL COMMENT 'æ˜¯å¦åˆ—è¡¨å­—æ®µï¼ˆ1æ˜¯ï¼‰',
  `is_query` char(1) CHARACTER SET utf8 COLLATE utf8_general_ci DEFAULT NULL COMMENT 'æ˜¯å¦æŸ¥è¯¢å­—æ®µï¼ˆ1æ˜¯ï¼‰',
  `query_type` varchar(200) CHARACTER SET utf8 COLLATE utf8_general_ci DEFAULT 'EQ' COMMENT 'æŸ¥è¯¢æ–¹å¼ï¼ˆç­‰äºã€ä¸ç­‰äºã€å¤§äºã€å°äºã€èŒƒå›´ï¼‰',
  `html_type` varchar(200) CHARACTER SET utf8 COLLATE utf8_general_ci DEFAULT NULL COMMENT 'æ˜¾ç¤ºç±»å‹ï¼ˆæ–‡æœ¬æ¡†ã€æ–‡æœ¬åŸŸã€ä¸‹æ‹‰æ¡†ã€å¤é€‰æ¡†ã€å•é€‰æ¡†ã€æ—¥æœŸæ§ä»¶ï¼‰',
  `dict_type` varchar(200) CHARACTER SET utf8 COLLATE utf8_general_ci DEFAULT '' COMMENT 'å­—å…¸ç±»å‹',
  `sort` int DEFAULT NULL COMMENT 'æ’åº',
  `create_by` varchar(64) CHARACTER SET utf8 COLLATE utf8_general_ci DEFAULT '' COMMENT 'åˆ›å»ºè€…',
  `create_time` datetime DEFAULT NULL COMMENT 'åˆ›å»ºæ—¶é—´',
  `update_by` varchar(64) CHARACTER SET utf8 COLLATE utf8_general_ci DEFAULT '' COMMENT 'æ›´æ–°è€…',
  `update_time` datetime DEFAULT NULL COMMENT 'æ›´æ–°æ—¶é—´',
  PRIMARY KEY (`column_id`) USING BTREE
) ENGINE=InnoDB AUTO_INCREMENT=152 DEFAULT CHARSET=utf8 ROW_FORMAT=DYNAMIC COMMENT='ä»£ç ç”Ÿæˆä¸šåŠ¡è¡¨å­—æ®µ';
/*!40101 SET character_set_client = @saved_cs_client */;

--
-- Dumping data for table `gen_table_column`
--

LOCK TABLES `gen_table_column` WRITE;
/*!40000 ALTER TABLE `gen_table_column` DISABLE KEYS */;
INSERT INTO `gen_table_column` VALUES (38,'4','article_id',NULL,'int(255)','Long','articleId','1','1',NULL,'1',NULL,NULL,NULL,'EQ','input','',1,'admin','2021-04-01 16:16:43','',NULL),(39,'4','article_content','æ–‡ç« å†…å®¹','longtext','String','articleContent','0','0',NULL,'1','1','1','1','EQ','editor','',2,'admin','2021-04-01 16:16:43','',NULL),(40,'4','article_imgurls','å›¾ç‰‡é“¾æ¥','varchar(255)','String','articleImgurls','0','0',NULL,'1','1','1','1','EQ','input','',3,'admin','2021-04-01 16:16:43','',NULL),(41,'4','create_user','å‘å¸ƒç”¨æˆ·','varchar(20)','String','createUser','0','0',NULL,'1','1','1','1','EQ','input','',4,'admin','2021-04-01 16:16:43','',NULL),(42,'4','create_time','åˆ›å»ºæ—¶é—´','datetime','Date','createTime','0','0',NULL,'1',NULL,NULL,NULL,'EQ','datetime','',5,'admin','2021-04-01 16:16:43','',NULL),(43,'4','update_time','ä¿®æ”¹æ—¶é—´','datetime','Date','updateTime','0','0',NULL,'1','1',NULL,NULL,'EQ','datetime','',6,'admin','2021-04-01 16:16:43','',NULL),(44,'4','article_lable','æ–‡ç« æ ‡ç­¾','varchar(20)','String','articleLable','0','0',NULL,'1','1','1','1','EQ','input','',7,'admin','2021-04-01 16:16:43','',NULL),(45,'4','article_title','æ–‡ç« æ ‡é¢˜','varchar(30)','String','articleTitle','0','0',NULL,'1','1','1','1','EQ','input','',8,'admin','2021-04-01 16:16:43','',NULL),(46,'4','article_view_count','è®¿é—®é‡','int(11)','Long','articleViewCount','0','0',NULL,'1','1','1','1','EQ','input','',9,'admin','2021-04-01 16:16:43','',NULL),(47,'4','article_comment_count','ç‚¹èµæ•°','int(11)','Long','articleCommentCount','0','0',NULL,'1','1','1','1','EQ','input','',10,'admin','2021-04-01 16:16:43','',NULL),(48,'4','article_collect_count','æ”¶è—æ•°','int(11)','Long','articleCollectCount','0','0',NULL,'1','1','1','1','EQ','input','',11,'admin','2021-04-01 16:16:43','',NULL),(49,'4','article_transmit_count','è½¬å‘æ•°','int(11)','Long','articleTransmitCount','0','0',NULL,'1','1','1','1','EQ','input','',12,'admin','2021-04-01 16:16:43','',NULL),(50,'4','article_trample_count','è¸©æ•°','int(11)','Long','articleTrampleCount','0','0',NULL,'1','1','1','1','EQ','input','',13,'admin','2021-04-01 16:16:43','',NULL),(51,'4','article_vediourls','è§†é¢‘é“¾æ¥','varchar(255)','String','articleVediourls','0','0',NULL,'1','1','1','1','EQ','input','',14,'admin','2021-04-01 16:16:43','',NULL),(91,'9','id',NULL,'int(11)','Long','id','1','1',NULL,'1',NULL,NULL,NULL,'EQ','input','',1,'admin','2021-04-13 16:33:10','',NULL),(92,'9','parent_id','ä¸Šçº§è¯„è®º','int(11)','Long','parentId','0','0',NULL,'1','1','1','1','EQ','input','',2,'admin','2021-04-13 16:33:10','',NULL),(93,'9','article_id','è¯„è®ºæ–‡ç« ','int(11)','Long','articleId','0','0',NULL,'1','1','1','1','EQ','input','',3,'admin','2021-04-13 16:33:10','',NULL),(94,'9','create_time','åˆ›å»ºæ—¶é—´','datetime','Date','createTime','0','0',NULL,'1',NULL,NULL,NULL,'EQ','datetime','',4,'admin','2021-04-13 16:33:10','',NULL),(95,'9','update_time','ä¿®æ”¹æ—¶é—´','datetime','Date','updateTime','0','0',NULL,'1','1',NULL,NULL,'EQ','datetime','',5,'admin','2021-04-13 16:33:10','',NULL),(96,'9','update_by','ä¿®æ”¹ç”¨æˆ·','varchar(40)','String','updateBy','0','0',NULL,'1','1',NULL,NULL,'EQ','input','',6,'admin','2021-04-13 16:33:10','',NULL),(97,'9','create_by',' åˆ›å»ºç”¨æˆ·id','varchar(40)','String','createBy','0','0',NULL,'1',NULL,NULL,NULL,'EQ','input','',7,'admin','2021-04-13 16:33:10','',NULL),(98,'9','content','è¯„è®ºå†…å®¹','varchar(255)','String','content','0','0',NULL,'1','1','1','1','EQ','editor','',8,'admin','2021-04-13 16:33:10','',NULL),(99,'9','imgurls','å›¾ç‰‡é“¾æ¥','varchar(255)','String','imgurls','0','0',NULL,'1','1','1','1','EQ','input','',9,'admin','2021-04-13 16:33:10','',NULL),(100,'9','praise_count',' ç‚¹èµé‡','int(20)','Long','praiseCount','0','0',NULL,'1','1','1','1','EQ','input','',10,'admin','2021-04-13 16:33:10','',NULL),(101,'9','trample_count','è¸©ä¸€è¸© é‡','int(20)','Long','trampleCount','0','0',NULL,'1','1','1','1','EQ','input','',11,'admin','2021-04-13 16:33:10','',NULL),(102,'9','answer_user','å›å¤ç”¨æˆ·ï¼ˆäºŒçº§è¯„è®ºï¼‰','int(20)','Long','answerUser','0','0',NULL,'1','1','1','1','EQ','input','',12,'admin','2021-04-13 16:33:10','',NULL),(111,'11','notice_id','å…¬å‘ŠID','int(4)','Integer','noticeId','1','1',NULL,'1',NULL,NULL,NULL,'EQ','input','',1,'admin','2021-04-15 13:46:54','',NULL),(112,'11','notice_title','å…¬å‘Šæ ‡é¢˜','varchar(50)','String','noticeTitle','0','0','1','1','1','1','1','EQ','input','',2,'admin','2021-04-15 13:46:54','',NULL),(113,'11','notice_type','å…¬å‘Šç±»å‹ï¼ˆ1é€šçŸ¥ 2å…¬å‘Š3è¯é¢˜å…¬å‘Šï¼‰','char(1)','String','noticeType','0','0',NULL,'1','1','1','1','EQ','select','',3,'admin','2021-04-15 13:46:54','',NULL),(114,'11','notice_content','å…¬å‘Šå†…å®¹','longblob','String','noticeContent','0','0',NULL,'1','1','1','1','EQ','editor','',4,'admin','2021-04-15 13:46:54','',NULL),(115,'11','status','å…¬å‘ŠçŠ¶æ€ï¼ˆ0æ­£å¸¸ 1å…³é—­ï¼‰','char(1)','String','status','0','0',NULL,'1','1','1','1','EQ','radio','',5,'admin','2021-04-15 13:46:54','',NULL),(116,'11','create_by','åˆ›å»ºè€…','varchar(64)','String','createBy','0','0',NULL,'1',NULL,NULL,NULL,'EQ','input','',6,'admin','2021-04-15 13:46:54','',NULL),(117,'11','create_time','åˆ›å»ºæ—¶é—´','datetime','Date','createTime','0','0',NULL,'1',NULL,NULL,NULL,'EQ','datetime','',7,'admin','2021-04-15 13:46:54','',NULL),(118,'11','update_by','æ›´æ–°è€…','varchar(64)','String','updateBy','0','0',NULL,'1','1',NULL,NULL,'EQ','input','',8,'admin','2021-04-15 13:46:54','',NULL),(119,'11','update_time','æ›´æ–°æ—¶é—´','datetime','Date','updateTime','0','0',NULL,'1','1',NULL,NULL,'EQ','datetime','',9,'admin','2021-04-15 13:46:54','',NULL),(120,'11','remark','å¤‡æ³¨','varchar(255)','String','remark','0','0',NULL,'1','1','1',NULL,'EQ','input','',10,'admin','2021-04-15 13:46:54','',NULL),(121,'11','lable_id','å¯¹åº”è¯é¢˜id','int(11)','Long','lableId','0','0',NULL,'1','1','1','1','EQ','input','',11,'admin','2021-04-15 13:46:54','',NULL),(122,'12','lable_id',NULL,'int(11)','Long','lableId','1','1',NULL,'1',NULL,NULL,NULL,'EQ','input','',1,'admin','2021-04-15 13:53:12','',NULL),(123,'12','lable_name','æ ‡ç­¾åå­—','varchar(40)','String','lableName','0','0',NULL,'1','1','1','1','LIKE','input','',2,'admin','2021-04-15 13:53:12','',NULL),(124,'12','create_by','åˆ›å»ºç”¨æˆ·id','varchar(40)','String','createBy','0','0',NULL,'1',NULL,NULL,NULL,'EQ','input','',3,'admin','2021-04-15 13:53:12','',NULL),(125,'12','create_time','åˆ›å»ºæ—¶é—´','datetime','Date','createTime','0','0',NULL,'1',NULL,NULL,NULL,'EQ','datetime','',4,'admin','2021-04-15 13:53:12','',NULL),(126,'12','lable_description','æ ‡ç­¾æè¿°','varchar(30)','String','lableDescription','0','0',NULL,'1','1','1','1','EQ','input','',5,'admin','2021-04-15 13:53:12','',NULL),(127,'12','update_by','ä¿®æ”¹ç”¨æˆ·','varchar(40)','String','updateBy','0','0',NULL,'1','1',NULL,NULL,'EQ','input','',6,'admin','2021-04-15 13:53:12','',NULL),(128,'12','update_time','ä¿®æ”¹æ—¶é—´','datetime','Date','updateTime','0','0',NULL,'1','1',NULL,NULL,'EQ','datetime','',7,'admin','2021-04-15 13:53:12','',NULL),(129,'12','lable_img','å›¾ç‰‡åœ°å€','varchar(200)','String','lableImg','0','0',NULL,'1','1','1','1','EQ','input','',8,'admin','2021-04-15 13:53:12','',NULL),(130,'13','id',NULL,'int(11)','Long','id','1','1',NULL,'1',NULL,NULL,NULL,'EQ','input','',1,'admin','2021-04-17 17:54:03','',NULL),(131,'13','entity_id','è¢«æ“ä½œå¯¹è±¡id','bigint(11)','Long','entityId','0','0',NULL,'1','1','1','1','EQ','input','',2,'admin','2021-04-17 17:54:03','',NULL),(132,'13','operation_user','æ“ä½œäººid','bigint(20)','Long','operationUser','0','0',NULL,'1','1','1','1','EQ','input','',3,'admin','2021-04-17 17:54:03','',NULL),(133,'13','operation_type','æ“ä½œç±»å‹ï¼ˆ5æ”¶è—4ç‚¹èµ3åˆ†äº«2è¯„è®º1è¸©ï¼‰','int(10)','Integer','operationType','0','0',NULL,'1','1','1','1','EQ','select','',4,'admin','2021-04-17 17:54:03','',NULL),(134,'13','operation_time','æ“ä½œæ—¶é—´','datetime','Date','operationTime','0','0',NULL,'1','1','1','1','EQ','datetime','',5,'admin','2021-04-17 17:54:03','',NULL),(135,'13','create_by','è®°å½•åˆ›å»ºç”¨æˆ·å','varchar(20)','String','createBy','0','0',NULL,'1',NULL,NULL,NULL,'EQ','input','',6,'admin','2021-04-17 17:54:03','',NULL),(136,'13','create_time','è®°å½•åˆ›å»ºæ—¶é—´','datetime','Date','createTime','0','0',NULL,'1',NULL,NULL,NULL,'EQ','datetime','',7,'admin','2021-04-17 17:54:03','',NULL),(137,'13','update_by','è®°å½•ä¿®æ”¹ç”¨æˆ·å','varchar(20)','String','updateBy','0','0',NULL,'1','1',NULL,NULL,'EQ','input','',8,'admin','2021-04-17 17:54:03','',NULL),(138,'13','update_time','è®°å½•ä¿®æ”¹æ—¶é—´','datetime','Date','updateTime','0','0',NULL,'1','1',NULL,NULL,'EQ','datetime','',9,'admin','2021-04-17 17:54:03','',NULL),(139,'13','entity_type','è¢«æ“ä½œå¯¹è±¡ç±»å‹ï¼ˆ1æ–‡ç« 2è¯„è®ºï¼‰','int(2)','Integer','entityType','0','0',NULL,'1','1','1','1','EQ','select','',10,'admin','2021-04-17 17:54:03','',NULL),(140,'14','id',NULL,'int(11)','Long','id','1','0',NULL,'1',NULL,NULL,NULL,'EQ','input','',1,'admin','2021-04-17 17:54:03','',NULL),(141,'14','uid',NULL,'int(11)','Long','uid','0','0','1','1','1','1','1','EQ','input','',2,'admin','2021-04-17 17:54:03','',NULL),(142,'14','aid',NULL,'int(11)','Long','aid','0','0','1','1','1','1','1','EQ','input','',3,'admin','2021-04-17 17:54:03','',NULL),(143,'14','score',NULL,'int(10)','Integer','score','0','0',NULL,'1','1','1','1','EQ','input','',4,'admin','2021-04-17 17:54:03','',NULL),(144,'14','ts',NULL,'datetime','Date','ts','0','0',NULL,'1','1','1','1','EQ','datetime','',5,'admin','2021-04-17 17:54:03','',NULL),(145,'15','id',NULL,'int(11)','Long','id','1','1',NULL,'1',NULL,NULL,NULL,'EQ','input','',1,'admin','2021-04-26 17:42:18','',NULL),(146,'15','user_id','è¢«å…³æ³¨ç”¨æˆ·','int(11)','Long','userId','0','0','1','1','1','1','1','EQ','input','',2,'admin','2021-04-26 17:42:18','',NULL),(147,'15','follow_id','å…³æ³¨ç”¨æˆ·','int(11)','Long','followId','0','0','1','1','1','1','1','EQ','input','',3,'admin','2021-04-26 17:42:18','',NULL),(148,'15','create_by','åˆ›å»ºç”¨æˆ·å','varchar(40)','String','createBy','0','0',NULL,'1',NULL,NULL,NULL,'EQ','input','',4,'admin','2021-04-26 17:42:18','',NULL),(149,'15','create_time','åˆ›å»ºæ—¶é—´','datetime','Date','createTime','0','0',NULL,'1',NULL,NULL,NULL,'EQ','datetime','',5,'admin','2021-04-26 17:42:18','',NULL),(150,'15','update_by','ä¿®æ”¹ç”¨æˆ·','varchar(40)','String','updateBy','0','0',NULL,'1','1',NULL,NULL,'EQ','input','',6,'admin','2021-04-26 17:42:18','',NULL),(151,'15','update_time','ä¿®æ”¹æ—¶é—´','datetime','Date','updateTime','0','0',NULL,'1','1',NULL,NULL,'EQ','datetime','',7,'admin','2021-04-26 17:42:18','',NULL);
/*!40000 ALTER TABLE `gen_table_column` ENABLE KEYS */;
UNLOCK TABLES;

--
-- Table structure for table `qrtz_blob_triggers`
--

DROP TABLE IF EXISTS `qrtz_blob_triggers`;
/*!40101 SET @saved_cs_client     = @@character_set_client */;
/*!50503 SET character_set_client = utf8mb4 */;
CREATE TABLE `qrtz_blob_triggers` (
  `sched_name` varchar(120) CHARACTER SET utf8 COLLATE utf8_general_ci NOT NULL,
  `trigger_name` varchar(200) CHARACTER SET utf8 COLLATE utf8_general_ci NOT NULL,
  `trigger_group` varchar(200) CHARACTER SET utf8 COLLATE utf8_general_ci NOT NULL,
  `blob_data` blob,
  PRIMARY KEY (`sched_name`,`trigger_name`,`trigger_group`) USING BTREE,
  CONSTRAINT `qrtz_blob_triggers_ibfk_1` FOREIGN KEY (`sched_name`, `trigger_name`, `trigger_group`) REFERENCES `qrtz_triggers` (`sched_name`, `trigger_name`, `trigger_group`) ON DELETE RESTRICT ON UPDATE RESTRICT
) ENGINE=InnoDB DEFAULT CHARSET=utf8 ROW_FORMAT=DYNAMIC;
/*!40101 SET character_set_client = @saved_cs_client */;

--
-- Dumping data for table `qrtz_blob_triggers`
--

LOCK TABLES `qrtz_blob_triggers` WRITE;
/*!40000 ALTER TABLE `qrtz_blob_triggers` DISABLE KEYS */;
/*!40000 ALTER TABLE `qrtz_blob_triggers` ENABLE KEYS */;
UNLOCK TABLES;

--
-- Table structure for table `qrtz_calendars`
--

DROP TABLE IF EXISTS `qrtz_calendars`;
/*!40101 SET @saved_cs_client     = @@character_set_client */;
/*!50503 SET character_set_client = utf8mb4 */;
CREATE TABLE `qrtz_calendars` (
  `sched_name` varchar(120) CHARACTER SET utf8 COLLATE utf8_general_ci NOT NULL,
  `calendar_name` varchar(200) CHARACTER SET utf8 COLLATE utf8_general_ci NOT NULL,
  `calendar` blob NOT NULL,
  PRIMARY KEY (`sched_name`,`calendar_name`) USING BTREE
) ENGINE=InnoDB DEFAULT CHARSET=utf8 ROW_FORMAT=DYNAMIC;
/*!40101 SET character_set_client = @saved_cs_client */;

--
-- Dumping data for table `qrtz_calendars`
--

LOCK TABLES `qrtz_calendars` WRITE;
/*!40000 ALTER TABLE `qrtz_calendars` DISABLE KEYS */;
/*!40000 ALTER TABLE `qrtz_calendars` ENABLE KEYS */;
UNLOCK TABLES;

--
-- Table structure for table `qrtz_cron_triggers`
--

DROP TABLE IF EXISTS `qrtz_cron_triggers`;
/*!40101 SET @saved_cs_client     = @@character_set_client */;
/*!50503 SET character_set_client = utf8mb4 */;
CREATE TABLE `qrtz_cron_triggers` (
  `sched_name` varchar(120) CHARACTER SET utf8 COLLATE utf8_general_ci NOT NULL,
  `trigger_name` varchar(200) CHARACTER SET utf8 COLLATE utf8_general_ci NOT NULL,
  `trigger_group` varchar(200) CHARACTER SET utf8 COLLATE utf8_general_ci NOT NULL,
  `cron_expression` varchar(200) CHARACTER SET utf8 COLLATE utf8_general_ci NOT NULL,
  `time_zone_id` varchar(80) CHARACTER SET utf8 COLLATE utf8_general_ci DEFAULT NULL,
  PRIMARY KEY (`sched_name`,`trigger_name`,`trigger_group`) USING BTREE,
  CONSTRAINT `qrtz_cron_triggers_ibfk_1` FOREIGN KEY (`sched_name`, `trigger_name`, `trigger_group`) REFERENCES `qrtz_triggers` (`sched_name`, `trigger_name`, `trigger_group`) ON DELETE RESTRICT ON UPDATE RESTRICT
) ENGINE=InnoDB DEFAULT CHARSET=utf8 ROW_FORMAT=DYNAMIC;
/*!40101 SET character_set_client = @saved_cs_client */;

--
-- Dumping data for table `qrtz_cron_triggers`
--

LOCK TABLES `qrtz_cron_triggers` WRITE;
/*!40000 ALTER TABLE `qrtz_cron_triggers` DISABLE KEYS */;
INSERT INTO `qrtz_cron_triggers` VALUES ('RuoyiScheduler','TASK_CLASS_NAME1','DEFAULT','0/10 * * * * ?','Asia/Shanghai'),('RuoyiScheduler','TASK_CLASS_NAME2','DEFAULT','0/15 * * * * ?','Asia/Shanghai'),('RuoyiScheduler','TASK_CLASS_NAME3','DEFAULT','0/20 * * * * ?','Asia/Shanghai'),('RuoyiScheduler','TASK_CLASS_NAME4','DEFAULT','0/5 * * * *  ?','Asia/Shanghai');
/*!40000 ALTER TABLE `qrtz_cron_triggers` ENABLE KEYS */;
UNLOCK TABLES;

--
-- Table structure for table `qrtz_fired_triggers`
--

DROP TABLE IF EXISTS `qrtz_fired_triggers`;
/*!40101 SET @saved_cs_client     = @@character_set_client */;
/*!50503 SET character_set_client = utf8mb4 */;
CREATE TABLE `qrtz_fired_triggers` (
  `sched_name` varchar(120) CHARACTER SET utf8 COLLATE utf8_general_ci NOT NULL,
  `entry_id` varchar(95) CHARACTER SET utf8 COLLATE utf8_general_ci NOT NULL,
  `trigger_name` varchar(200) CHARACTER SET utf8 COLLATE utf8_general_ci NOT NULL,
  `trigger_group` varchar(200) CHARACTER SET utf8 COLLATE utf8_general_ci NOT NULL,
  `instance_name` varchar(200) CHARACTER SET utf8 COLLATE utf8_general_ci NOT NULL,
  `fired_time` bigint NOT NULL,
  `sched_time` bigint NOT NULL,
  `priority` int NOT NULL,
  `state` varchar(16) CHARACTER SET utf8 COLLATE utf8_general_ci NOT NULL,
  `job_name` varchar(200) CHARACTER SET utf8 COLLATE utf8_general_ci DEFAULT NULL,
  `job_group` varchar(200) CHARACTER SET utf8 COLLATE utf8_general_ci DEFAULT NULL,
  `is_nonconcurrent` varchar(1) CHARACTER SET utf8 COLLATE utf8_general_ci DEFAULT NULL,
  `requests_recovery` varchar(1) CHARACTER SET utf8 COLLATE utf8_general_ci DEFAULT NULL,
  PRIMARY KEY (`sched_name`,`entry_id`) USING BTREE
) ENGINE=InnoDB DEFAULT CHARSET=utf8 ROW_FORMAT=DYNAMIC;
/*!40101 SET character_set_client = @saved_cs_client */;

--
-- Dumping data for table `qrtz_fired_triggers`
--

LOCK TABLES `qrtz_fired_triggers` WRITE;
/*!40000 ALTER TABLE `qrtz_fired_triggers` DISABLE KEYS */;
/*!40000 ALTER TABLE `qrtz_fired_triggers` ENABLE KEYS */;
UNLOCK TABLES;

--
-- Table structure for table `qrtz_job_details`
--

DROP TABLE IF EXISTS `qrtz_job_details`;
/*!40101 SET @saved_cs_client     = @@character_set_client */;
/*!50503 SET character_set_client = utf8mb4 */;
CREATE TABLE `qrtz_job_details` (
  `sched_name` varchar(120) CHARACTER SET utf8 COLLATE utf8_general_ci NOT NULL,
  `job_name` varchar(200) CHARACTER SET utf8 COLLATE utf8_general_ci NOT NULL,
  `job_group` varchar(200) CHARACTER SET utf8 COLLATE utf8_general_ci NOT NULL,
  `description` varchar(250) CHARACTER SET utf8 COLLATE utf8_general_ci DEFAULT NULL,
  `job_class_name` varchar(250) CHARACTER SET utf8 COLLATE utf8_general_ci NOT NULL,
  `is_durable` varchar(1) CHARACTER SET utf8 COLLATE utf8_general_ci NOT NULL,
  `is_nonconcurrent` varchar(1) CHARACTER SET utf8 COLLATE utf8_general_ci NOT NULL,
  `is_update_data` varchar(1) CHARACTER SET utf8 COLLATE utf8_general_ci NOT NULL,
  `requests_recovery` varchar(1) CHARACTER SET utf8 COLLATE utf8_general_ci NOT NULL,
  `job_data` blob,
  PRIMARY KEY (`sched_name`,`job_name`,`job_group`) USING BTREE
) ENGINE=InnoDB DEFAULT CHARSET=utf8 ROW_FORMAT=DYNAMIC;
/*!40101 SET character_set_client = @saved_cs_client */;

--
-- Dumping data for table `qrtz_job_details`
--

LOCK TABLES `qrtz_job_details` WRITE;
/*!40000 ALTER TABLE `qrtz_job_details` DISABLE KEYS */;
INSERT INTO `qrtz_job_details` VALUES ('RuoyiScheduler','TASK_CLASS_NAME1','DEFAULT',NULL,'com.ruoyi.quartz.util.QuartzDisallowConcurrentExecution','0','1','0','0',_binary '¬\í\0sr\0org.quartz.JobDataMapŸ°ƒè¿©°\Ë\0\0xr\0&org.quartz.utils.StringKeyDirtyFlagMap‚\è\Ãû\Å](\0Z\0allowsTransientDataxr\0org.quartz.utils.DirtyFlagMap\æ.­(v\n\Î\0Z\0dirtyL\0mapt\0Ljava/util/Map;xpsr\0java.util.HashMap\ÚÁ\Ã`\Ñ\0F\0\nloadFactorI\0	thresholdxp?@\0\0\0\0\0w\0\0\0\0\0\0t\0TASK_PROPERTIESsr\0com.ruoyi.quartz.domain.SysJob\0\0\0\0\0\0\0\0L\0\nconcurrentt\0Ljava/lang/String;L\0cronExpressionq\0~\0	L\0invokeTargetq\0~\0	L\0jobGroupq\0~\0	L\0jobIdt\0Ljava/lang/Long;L\0jobNameq\0~\0	L\0\rmisfirePolicyq\0~\0	L\0statusq\0~\0	xr\0\'com.ruoyi.common.core.domain.BaseEntity\0\0\0\0\0\0\0\0L\0createByq\0~\0	L\0\ncreateTimet\0Ljava/util/Date;L\0paramsq\0~\0L\0remarkq\0~\0	L\0searchValueq\0~\0	L\0updateByq\0~\0	L\0\nupdateTimeq\0~\0xpt\0adminsr\0java.util.DatehjKYt\0\0xpw\0\0b,\Ş)\àxpt\0\0pppt\01t\00/10 * * * * ?t\0ryTask.ryNoParamst\0DEFAULTsr\0java.lang.Long;‹\äÌ#\ß\0J\0valuexr\0java.lang.Number†¬•”\à‹\0\0xp\0\0\0\0\0\0\0t\0ç³»ç»Ÿé»˜è®¤ï¼ˆæ— å‚ï¼‰t\03t\01x\0'),('RuoyiScheduler','TASK_CLASS_NAME2','DEFAULT',NULL,'com.ruoyi.quartz.util.QuartzDisallowConcurrentExecution','0','1','0','0',_binary '¬\í\0sr\0org.quartz.JobDataMapŸ°ƒè¿©°\Ë\0\0xr\0&org.quartz.utils.StringKeyDirtyFlagMap‚\è\Ãû\Å](\0Z\0allowsTransientDataxr\0org.quartz.utils.DirtyFlagMap\æ.­(v\n\Î\0Z\0dirtyL\0mapt\0Ljava/util/Map;xpsr\0java.util.HashMap\ÚÁ\Ã`\Ñ\0F\0\nloadFactorI\0	thresholdxp?@\0\0\0\0\0w\0\0\0\0\0\0t\0TASK_PROPERTIESsr\0com.ruoyi.quartz.domain.SysJob\0\0\0\0\0\0\0\0L\0\nconcurrentt\0Ljava/lang/String;L\0cronExpressionq\0~\0	L\0invokeTargetq\0~\0	L\0jobGroupq\0~\0	L\0jobIdt\0Ljava/lang/Long;L\0jobNameq\0~\0	L\0\rmisfirePolicyq\0~\0	L\0statusq\0~\0	xr\0\'com.ruoyi.common.core.domain.BaseEntity\0\0\0\0\0\0\0\0L\0createByq\0~\0	L\0\ncreateTimet\0Ljava/util/Date;L\0paramsq\0~\0L\0remarkq\0~\0	L\0searchValueq\0~\0	L\0updateByq\0~\0	L\0\nupdateTimeq\0~\0xpt\0adminsr\0java.util.DatehjKYt\0\0xpw\0\0b,\Ş)\àxpt\0\0pppt\01t\00/15 * * * * ?t\0ryTask.ryParams(\'ry\')t\0DEFAULTsr\0java.lang.Long;‹\äÌ#\ß\0J\0valuexr\0java.lang.Number†¬•”\à‹\0\0xp\0\0\0\0\0\0\0t\0ç³»ç»Ÿé»˜è®¤ï¼ˆæœ‰å‚ï¼‰t\03t\01x\0'),('RuoyiScheduler','TASK_CLASS_NAME3','DEFAULT',NULL,'com.ruoyi.quartz.util.QuartzDisallowConcurrentExecution','0','1','0','0',_binary '¬\í\0sr\0org.quartz.JobDataMapŸ°ƒè¿©°\Ë\0\0xr\0&org.quartz.utils.StringKeyDirtyFlagMap‚\è\Ãû\Å](\0Z\0allowsTransientDataxr\0org.quartz.utils.DirtyFlagMap\æ.­(v\n\Î\0Z\0dirtyL\0mapt\0Ljava/util/Map;xpsr\0java.util.HashMap\ÚÁ\Ã`\Ñ\0F\0\nloadFactorI\0	thresholdxp?@\0\0\0\0\0w\0\0\0\0\0\0t\0TASK_PROPERTIESsr\0com.ruoyi.quartz.domain.SysJob\0\0\0\0\0\0\0\0L\0\nconcurrentt\0Ljava/lang/String;L\0cronExpressionq\0~\0	L\0invokeTargetq\0~\0	L\0jobGroupq\0~\0	L\0jobIdt\0Ljava/lang/Long;L\0jobNameq\0~\0	L\0\rmisfirePolicyq\0~\0	L\0statusq\0~\0	xr\0\'com.ruoyi.common.core.domain.BaseEntity\0\0\0\0\0\0\0\0L\0createByq\0~\0	L\0\ncreateTimet\0Ljava/util/Date;L\0paramsq\0~\0L\0remarkq\0~\0	L\0searchValueq\0~\0	L\0updateByq\0~\0	L\0\nupdateTimeq\0~\0xpt\0adminsr\0java.util.DatehjKYt\0\0xpw\0\0b,\Ş)\àxpt\0\0pppt\01t\00/20 * * * * ?t\08ryTask.ryMultipleParams(\'ry\', true, 2000L, 316.50D, 100)t\0DEFAULTsr\0java.lang.Long;‹\äÌ#\ß\0J\0valuexr\0java.lang.Number†¬•”\à‹\0\0xp\0\0\0\0\0\0\0t\0ç³»ç»Ÿé»˜è®¤ï¼ˆå¤šå‚ï¼‰t\03t\01x\0'),('RuoyiScheduler','TASK_CLASS_NAME4','DEFAULT',NULL,'com.ruoyi.quartz.util.QuartzJobExecution','0','0','0','0',_binary '¬\í\0sr\0org.quartz.JobDataMapŸ°ƒè¿©°\Ë\0\0xr\0&org.quartz.utils.StringKeyDirtyFlagMap‚\è\Ãû\Å](\0Z\0allowsTransientDataxr\0org.quartz.utils.DirtyFlagMap\æ.­(v\n\Î\0Z\0dirtyL\0mapt\0Ljava/util/Map;xpsr\0java.util.HashMap\ÚÁ\Ã`\Ñ\0F\0\nloadFactorI\0	thresholdxp?@\0\0\0\0\0w\0\0\0\0\0\0t\0TASK_PROPERTIESsr\0com.ruoyi.quartz.domain.SysJob\0\0\0\0\0\0\0\0L\0\nconcurrentt\0Ljava/lang/String;L\0cronExpressionq\0~\0	L\0invokeTargetq\0~\0	L\0jobGroupq\0~\0	L\0jobIdt\0Ljava/lang/Long;L\0jobNameq\0~\0	L\0\rmisfirePolicyq\0~\0	L\0statusq\0~\0	xr\0\'com.ruoyi.common.core.domain.BaseEntity\0\0\0\0\0\0\0\0L\0createByq\0~\0	L\0\ncreateTimet\0Ljava/util/Date;L\0paramsq\0~\0L\0remarkq\0~\0	L\0searchValueq\0~\0	L\0updateByq\0~\0	L\0\nupdateTimeq\0~\0xpt\0adminsr\0java.util.DatehjKYt\0\0xpw\0\0x\ï.@(xpt\0\0pppt\00t\00/5 * * * *  ?t\0myTask.updatePraise()t\0DEFAULTsr\0java.lang.Long;‹\äÌ#\ß\0J\0valuexr\0java.lang.Number†¬•”\à‹\0\0xp\0\0\0\0\0\0\0t\0åŒæ­¥ç‚¹èµæ•°æ®t\01t\01x\0');
/*!40000 ALTER TABLE `qrtz_job_details` ENABLE KEYS */;
UNLOCK TABLES;

--
-- Table structure for table `qrtz_locks`
--

DROP TABLE IF EXISTS `qrtz_locks`;
/*!40101 SET @saved_cs_client     = @@character_set_client */;
/*!50503 SET character_set_client = utf8mb4 */;
CREATE TABLE `qrtz_locks` (
  `sched_name` varchar(120) CHARACTER SET utf8 COLLATE utf8_general_ci NOT NULL,
  `lock_name` varchar(40) CHARACTER SET utf8 COLLATE utf8_general_ci NOT NULL,
  PRIMARY KEY (`sched_name`,`lock_name`) USING BTREE
) ENGINE=InnoDB DEFAULT CHARSET=utf8 ROW_FORMAT=DYNAMIC;
/*!40101 SET character_set_client = @saved_cs_client */;

--
-- Dumping data for table `qrtz_locks`
--

LOCK TABLES `qrtz_locks` WRITE;
/*!40000 ALTER TABLE `qrtz_locks` DISABLE KEYS */;
INSERT INTO `qrtz_locks` VALUES ('RuoyiScheduler','STATE_ACCESS'),('RuoyiScheduler','TRIGGER_ACCESS');
/*!40000 ALTER TABLE `qrtz_locks` ENABLE KEYS */;
UNLOCK TABLES;

--
-- Table structure for table `qrtz_paused_trigger_grps`
--

DROP TABLE IF EXISTS `qrtz_paused_trigger_grps`;
/*!40101 SET @saved_cs_client     = @@character_set_client */;
/*!50503 SET character_set_client = utf8mb4 */;
CREATE TABLE `qrtz_paused_trigger_grps` (
  `sched_name` varchar(120) CHARACTER SET utf8 COLLATE utf8_general_ci NOT NULL,
  `trigger_group` varchar(200) CHARACTER SET utf8 COLLATE utf8_general_ci NOT NULL,
  PRIMARY KEY (`sched_name`,`trigger_group`) USING BTREE
) ENGINE=InnoDB DEFAULT CHARSET=utf8 ROW_FORMAT=DYNAMIC;
/*!40101 SET character_set_client = @saved_cs_client */;

--
-- Dumping data for table `qrtz_paused_trigger_grps`
--

LOCK TABLES `qrtz_paused_trigger_grps` WRITE;
/*!40000 ALTER TABLE `qrtz_paused_trigger_grps` DISABLE KEYS */;
/*!40000 ALTER TABLE `qrtz_paused_trigger_grps` ENABLE KEYS */;
UNLOCK TABLES;

--
-- Table structure for table `qrtz_scheduler_state`
--

DROP TABLE IF EXISTS `qrtz_scheduler_state`;
/*!40101 SET @saved_cs_client     = @@character_set_client */;
/*!50503 SET character_set_client = utf8mb4 */;
CREATE TABLE `qrtz_scheduler_state` (
  `sched_name` varchar(120) CHARACTER SET utf8 COLLATE utf8_general_ci NOT NULL,
  `instance_name` varchar(200) CHARACTER SET utf8 COLLATE utf8_general_ci NOT NULL,
  `last_checkin_time` bigint NOT NULL,
  `checkin_interval` bigint NOT NULL,
  PRIMARY KEY (`sched_name`,`instance_name`) USING BTREE
) ENGINE=InnoDB DEFAULT CHARSET=utf8 ROW_FORMAT=DYNAMIC;
/*!40101 SET character_set_client = @saved_cs_client */;

--
-- Dumping data for table `qrtz_scheduler_state`
--

LOCK TABLES `qrtz_scheduler_state` WRITE;
/*!40000 ALTER TABLE `qrtz_scheduler_state` DISABLE KEYS */;
INSERT INTO `qrtz_scheduler_state` VALUES ('RuoyiScheduler','LAPTOP-KL2F1RG01620441645300',1620466570161,15000);
/*!40000 ALTER TABLE `qrtz_scheduler_state` ENABLE KEYS */;
UNLOCK TABLES;

--
-- Table structure for table `qrtz_simple_triggers`
--

DROP TABLE IF EXISTS `qrtz_simple_triggers`;
/*!40101 SET @saved_cs_client     = @@character_set_client */;
/*!50503 SET character_set_client = utf8mb4 */;
CREATE TABLE `qrtz_simple_triggers` (
  `sched_name` varchar(120) CHARACTER SET utf8 COLLATE utf8_general_ci NOT NULL,
  `trigger_name` varchar(200) CHARACTER SET utf8 COLLATE utf8_general_ci NOT NULL,
  `trigger_group` varchar(200) CHARACTER SET utf8 COLLATE utf8_general_ci NOT NULL,
  `repeat_count` bigint NOT NULL,
  `repeat_interval` bigint NOT NULL,
  `times_triggered` bigint NOT NULL,
  PRIMARY KEY (`sched_name`,`trigger_name`,`trigger_group`) USING BTREE,
  CONSTRAINT `qrtz_simple_triggers_ibfk_1` FOREIGN KEY (`sched_name`, `trigger_name`, `trigger_group`) REFERENCES `qrtz_triggers` (`sched_name`, `trigger_name`, `trigger_group`) ON DELETE RESTRICT ON UPDATE RESTRICT
) ENGINE=InnoDB DEFAULT CHARSET=utf8 ROW_FORMAT=DYNAMIC;
/*!40101 SET character_set_client = @saved_cs_client */;

--
-- Dumping data for table `qrtz_simple_triggers`
--

LOCK TABLES `qrtz_simple_triggers` WRITE;
/*!40000 ALTER TABLE `qrtz_simple_triggers` DISABLE KEYS */;
/*!40000 ALTER TABLE `qrtz_simple_triggers` ENABLE KEYS */;
UNLOCK TABLES;

--
-- Table structure for table `qrtz_simprop_triggers`
--

DROP TABLE IF EXISTS `qrtz_simprop_triggers`;
/*!40101 SET @saved_cs_client     = @@character_set_client */;
/*!50503 SET character_set_client = utf8mb4 */;
CREATE TABLE `qrtz_simprop_triggers` (
  `sched_name` varchar(120) CHARACTER SET utf8 COLLATE utf8_general_ci NOT NULL,
  `trigger_name` varchar(200) CHARACTER SET utf8 COLLATE utf8_general_ci NOT NULL,
  `trigger_group` varchar(200) CHARACTER SET utf8 COLLATE utf8_general_ci NOT NULL,
  `str_prop_1` varchar(512) CHARACTER SET utf8 COLLATE utf8_general_ci DEFAULT NULL,
  `str_prop_2` varchar(512) CHARACTER SET utf8 COLLATE utf8_general_ci DEFAULT NULL,
  `str_prop_3` varchar(512) CHARACTER SET utf8 COLLATE utf8_general_ci DEFAULT NULL,
  `int_prop_1` int DEFAULT NULL,
  `int_prop_2` int DEFAULT NULL,
  `long_prop_1` bigint DEFAULT NULL,
  `long_prop_2` bigint DEFAULT NULL,
  `dec_prop_1` decimal(13,4) DEFAULT NULL,
  `dec_prop_2` decimal(13,4) DEFAULT NULL,
  `bool_prop_1` varchar(1) CHARACTER SET utf8 COLLATE utf8_general_ci DEFAULT NULL,
  `bool_prop_2` varchar(1) CHARACTER SET utf8 COLLATE utf8_general_ci DEFAULT NULL,
  PRIMARY KEY (`sched_name`,`trigger_name`,`trigger_group`) USING BTREE,
  CONSTRAINT `qrtz_simprop_triggers_ibfk_1` FOREIGN KEY (`sched_name`, `trigger_name`, `trigger_group`) REFERENCES `qrtz_triggers` (`sched_name`, `trigger_name`, `trigger_group`) ON DELETE RESTRICT ON UPDATE RESTRICT
) ENGINE=InnoDB DEFAULT CHARSET=utf8 ROW_FORMAT=DYNAMIC;
/*!40101 SET character_set_client = @saved_cs_client */;

--
-- Dumping data for table `qrtz_simprop_triggers`
--

LOCK TABLES `qrtz_simprop_triggers` WRITE;
/*!40000 ALTER TABLE `qrtz_simprop_triggers` DISABLE KEYS */;
/*!40000 ALTER TABLE `qrtz_simprop_triggers` ENABLE KEYS */;
UNLOCK TABLES;

--
-- Table structure for table `qrtz_triggers`
--

DROP TABLE IF EXISTS `qrtz_triggers`;
/*!40101 SET @saved_cs_client     = @@character_set_client */;
/*!50503 SET character_set_client = utf8mb4 */;
CREATE TABLE `qrtz_triggers` (
  `sched_name` varchar(120) CHARACTER SET utf8 COLLATE utf8_general_ci NOT NULL,
  `trigger_name` varchar(200) CHARACTER SET utf8 COLLATE utf8_general_ci NOT NULL,
  `trigger_group` varchar(200) CHARACTER SET utf8 COLLATE utf8_general_ci NOT NULL,
  `job_name` varchar(200) CHARACTER SET utf8 COLLATE utf8_general_ci NOT NULL,
  `job_group` varchar(200) CHARACTER SET utf8 COLLATE utf8_general_ci NOT NULL,
  `description` varchar(250) CHARACTER SET utf8 COLLATE utf8_general_ci DEFAULT NULL,
  `next_fire_time` bigint DEFAULT NULL,
  `prev_fire_time` bigint DEFAULT NULL,
  `priority` int DEFAULT NULL,
  `trigger_state` varchar(16) CHARACTER SET utf8 COLLATE utf8_general_ci NOT NULL,
  `trigger_type` varchar(8) CHARACTER SET utf8 COLLATE utf8_general_ci NOT NULL,
  `start_time` bigint NOT NULL,
  `end_time` bigint DEFAULT NULL,
  `calendar_name` varchar(200) CHARACTER SET utf8 COLLATE utf8_general_ci DEFAULT NULL,
  `misfire_instr` smallint DEFAULT NULL,
  `job_data` blob,
  PRIMARY KEY (`sched_name`,`trigger_name`,`trigger_group`) USING BTREE,
  KEY `sched_name` (`sched_name`,`job_name`,`job_group`) USING BTREE,
  CONSTRAINT `qrtz_triggers_ibfk_1` FOREIGN KEY (`sched_name`, `job_name`, `job_group`) REFERENCES `qrtz_job_details` (`sched_name`, `job_name`, `job_group`) ON DELETE RESTRICT ON UPDATE RESTRICT
) ENGINE=InnoDB DEFAULT CHARSET=utf8 ROW_FORMAT=DYNAMIC;
/*!40101 SET character_set_client = @saved_cs_client */;

--
-- Dumping data for table `qrtz_triggers`
--

LOCK TABLES `qrtz_triggers` WRITE;
/*!40000 ALTER TABLE `qrtz_triggers` DISABLE KEYS */;
INSERT INTO `qrtz_triggers` VALUES ('RuoyiScheduler','TASK_CLASS_NAME1','DEFAULT','TASK_CLASS_NAME1','DEFAULT',NULL,1620441650000,-1,5,'PAUSED','CRON',1620441645000,0,NULL,2,''),('RuoyiScheduler','TASK_CLASS_NAME2','DEFAULT','TASK_CLASS_NAME2','DEFAULT',NULL,1620441645000,-1,5,'PAUSED','CRON',1620441645000,0,NULL,2,''),('RuoyiScheduler','TASK_CLASS_NAME3','DEFAULT','TASK_CLASS_NAME3','DEFAULT',NULL,1620441660000,-1,5,'PAUSED','CRON',1620441645000,0,NULL,2,''),('RuoyiScheduler','TASK_CLASS_NAME4','DEFAULT','TASK_CLASS_NAME4','DEFAULT',NULL,1620441645000,-1,5,'PAUSED','CRON',1620441645000,0,NULL,-1,'');
/*!40000 ALTER TABLE `qrtz_triggers` ENABLE KEYS */;
UNLOCK TABLES;

--
-- Table structure for table `sys_config`
--

DROP TABLE IF EXISTS `sys_config`;
/*!40101 SET @saved_cs_client     = @@character_set_client */;
/*!50503 SET character_set_client = utf8mb4 */;
CREATE TABLE `sys_config` (
  `config_id` int NOT NULL AUTO_INCREMENT COMMENT 'å‚æ•°ä¸»é”®',
  `config_name` varchar(100) CHARACTER SET utf8 COLLATE utf8_general_ci DEFAULT '' COMMENT 'å‚æ•°åç§°',
  `config_key` varchar(100) CHARACTER SET utf8 COLLATE utf8_general_ci DEFAULT '' COMMENT 'å‚æ•°é”®å',
  `config_value` varchar(500) CHARACTER SET utf8 COLLATE utf8_general_ci DEFAULT '' COMMENT 'å‚æ•°é”®å€¼',
  `config_type` char(1) CHARACTER SET utf8 COLLATE utf8_general_ci DEFAULT 'N' COMMENT 'ç³»ç»Ÿå†…ç½®ï¼ˆYæ˜¯ Nå¦ï¼‰',
  `create_by` varchar(64) CHARACTER SET utf8 COLLATE utf8_general_ci DEFAULT '' COMMENT 'åˆ›å»ºè€…',
  `create_time` datetime DEFAULT NULL COMMENT 'åˆ›å»ºæ—¶é—´',
  `update_by` varchar(64) CHARACTER SET utf8 COLLATE utf8_general_ci DEFAULT '' COMMENT 'æ›´æ–°è€…',
  `update_time` datetime DEFAULT NULL COMMENT 'æ›´æ–°æ—¶é—´',
  `remark` varchar(500) CHARACTER SET utf8 COLLATE utf8_general_ci DEFAULT NULL COMMENT 'å¤‡æ³¨',
  PRIMARY KEY (`config_id`) USING BTREE
) ENGINE=InnoDB AUTO_INCREMENT=4 DEFAULT CHARSET=utf8 ROW_FORMAT=DYNAMIC COMMENT='å‚æ•°é…ç½®è¡¨';
/*!40101 SET character_set_client = @saved_cs_client */;

--
-- Dumping data for table `sys_config`
--

LOCK TABLES `sys_config` WRITE;
/*!40000 ALTER TABLE `sys_config` DISABLE KEYS */;
INSERT INTO `sys_config` VALUES (1,'ä¸»æ¡†æ¶é¡µ-é»˜è®¤çš®è‚¤æ ·å¼åç§°','sys.index.skinName','skin-blue','Y','admin','2018-03-16 11:33:00','ry','2018-03-16 11:33:00','è“è‰² skin-blueã€ç»¿è‰² skin-greenã€ç´«è‰² skin-purpleã€çº¢è‰² skin-redã€é»„è‰² skin-yellow'),(2,'ç”¨æˆ·ç®¡ç†-è´¦å·åˆå§‹å¯†ç ','sys.user.initPassword','123456','Y','admin','2018-03-16 11:33:00','ry','2018-03-16 11:33:00','åˆå§‹åŒ–å¯†ç  123456'),(3,'ä¸»æ¡†æ¶é¡µ-ä¾§è¾¹æ ä¸»é¢˜','sys.index.sideTheme','theme-dark','Y','admin','2018-03-16 11:33:00','ry','2018-03-16 11:33:00','æ·±è‰²ä¸»é¢˜theme-darkï¼Œæµ…è‰²ä¸»é¢˜theme-light');
/*!40000 ALTER TABLE `sys_config` ENABLE KEYS */;
UNLOCK TABLES;

--
-- Table structure for table `sys_dept`
--

DROP TABLE IF EXISTS `sys_dept`;
/*!40101 SET @saved_cs_client     = @@character_set_client */;
/*!50503 SET character_set_client = utf8mb4 */;
CREATE TABLE `sys_dept` (
  `dept_id` bigint NOT NULL AUTO_INCREMENT COMMENT 'éƒ¨é—¨id',
  `parent_id` bigint DEFAULT '0' COMMENT 'çˆ¶éƒ¨é—¨id',
  `ancestors` varchar(50) CHARACTER SET utf8 COLLATE utf8_general_ci DEFAULT '' COMMENT 'ç¥–çº§åˆ—è¡¨',
  `dept_name` varchar(30) CHARACTER SET utf8 COLLATE utf8_general_ci DEFAULT '' COMMENT 'éƒ¨é—¨åç§°',
  `order_num` int DEFAULT '0' COMMENT 'æ˜¾ç¤ºé¡ºåº',
  `leader` varchar(20) CHARACTER SET utf8 COLLATE utf8_general_ci DEFAULT NULL COMMENT 'è´Ÿè´£äºº',
  `phone` varchar(11) CHARACTER SET utf8 COLLATE utf8_general_ci DEFAULT NULL COMMENT 'è”ç³»ç”µè¯',
  `email` varchar(50) CHARACTER SET utf8 COLLATE utf8_general_ci DEFAULT NULL COMMENT 'é‚®ç®±',
  `status` char(1) CHARACTER SET utf8 COLLATE utf8_general_ci DEFAULT '0' COMMENT 'éƒ¨é—¨çŠ¶æ€ï¼ˆ0æ­£å¸¸ 1åœç”¨ï¼‰',
  `del_flag` char(1) CHARACTER SET utf8 COLLATE utf8_general_ci DEFAULT '0' COMMENT 'åˆ é™¤æ ‡å¿—ï¼ˆ0ä»£è¡¨å­˜åœ¨ 2ä»£è¡¨åˆ é™¤ï¼‰',
  `create_by` varchar(64) CHARACTER SET utf8 COLLATE utf8_general_ci DEFAULT '' COMMENT 'åˆ›å»ºè€…',
  `create_time` datetime DEFAULT NULL COMMENT 'åˆ›å»ºæ—¶é—´',
  `update_by` varchar(64) CHARACTER SET utf8 COLLATE utf8_general_ci DEFAULT '' COMMENT 'æ›´æ–°è€…',
  `update_time` datetime DEFAULT NULL COMMENT 'æ›´æ–°æ—¶é—´',
  PRIMARY KEY (`dept_id`) USING BTREE
) ENGINE=InnoDB AUTO_INCREMENT=112 DEFAULT CHARSET=utf8 ROW_FORMAT=DYNAMIC COMMENT='éƒ¨é—¨è¡¨';
/*!40101 SET character_set_client = @saved_cs_client */;

--
-- Dumping data for table `sys_dept`
--

LOCK TABLES `sys_dept` WRITE;
/*!40000 ALTER TABLE `sys_dept` DISABLE KEYS */;
INSERT INTO `sys_dept` VALUES (100,0,'0','æ˜è™¹ç¤¾åŒº',0,'admin','15888888888','mh@qq.com','0','0','admin','2018-03-16 11:33:00','admin','2021-05-05 15:13:33'),(101,100,'0,100','ç ”å‘',1,'admin','15888888888','mh@qq.com','0','0','admin','2018-03-16 11:33:00','admin','2021-05-05 15:13:33'),(102,100,'0,100','é•¿æ²™åˆ†å…¬å¸',2,'è‹¥ä¾','15888888888','ry@qq.com','0','2','admin','2018-03-16 11:33:00','ry','2018-03-16 11:33:00'),(103,101,'0,100,101','åç«¯ç ”å‘',1,'admin','15888888888','ry@qq.com','0','0','admin','2018-03-16 11:33:00','admin','2021-05-05 15:13:33'),(104,101,'0,100,101','å¸‚åœºéƒ¨é—¨',2,'è‹¥ä¾','15888888888','ry@qq.com','0','2','admin','2018-03-16 11:33:00','ry','2018-03-16 11:33:00'),(105,101,'0,100,101','æµ‹è¯•éƒ¨é—¨',3,'è‹¥ä¾','15888888888','ry@qq.com','0','2','admin','2018-03-16 11:33:00','ry','2018-03-16 11:33:00'),(106,101,'0,100,101','è´¢åŠ¡éƒ¨é—¨',4,'è‹¥ä¾','15888888888','ry@qq.com','0','2','admin','2018-03-16 11:33:00','ry','2018-03-16 11:33:00'),(107,101,'0,100,101','è¿ç»´éƒ¨é—¨',5,'è‹¥ä¾','15888888888','ry@qq.com','0','2','admin','2018-03-16 11:33:00','ry','2018-03-16 11:33:00'),(108,102,'0,100,102','å¸‚åœºéƒ¨é—¨',1,'è‹¥ä¾','15888888888','ry@qq.com','0','2','admin','2018-03-16 11:33:00','ry','2018-03-16 11:33:00'),(109,102,'0,100,102','è´¢åŠ¡éƒ¨é—¨',2,'è‹¥ä¾','15888888888','ry@qq.com','0','2','admin','2018-03-16 11:33:00','ry','2018-03-16 11:33:00'),(110,100,'0,100','æ™®é€šç”¨æˆ·',2,'admin',NULL,NULL,'0','0','admin','2021-05-05 15:40:13','',NULL),(111,101,'0,100,101','å‰ç«¯ç ”å‘',1,'admin',NULL,NULL,'0','0','admin','2021-05-05 15:40:53','',NULL);
/*!40000 ALTER TABLE `sys_dept` ENABLE KEYS */;
UNLOCK TABLES;

--
-- Table structure for table `sys_dict_data`
--

DROP TABLE IF EXISTS `sys_dict_data`;
/*!40101 SET @saved_cs_client     = @@character_set_client */;
/*!50503 SET character_set_client = utf8mb4 */;
CREATE TABLE `sys_dict_data` (
  `dict_code` bigint NOT NULL AUTO_INCREMENT COMMENT 'å­—å…¸ç¼–ç ',
  `dict_sort` int DEFAULT '0' COMMENT 'å­—å…¸æ’åº',
  `dict_label` varchar(100) CHARACTER SET utf8 COLLATE utf8_general_ci DEFAULT '' COMMENT 'å­—å…¸æ ‡ç­¾',
  `dict_value` varchar(100) CHARACTER SET utf8 COLLATE utf8_general_ci DEFAULT '' COMMENT 'å­—å…¸é”®å€¼',
  `dict_type` varchar(100) CHARACTER SET utf8 COLLATE utf8_general_ci DEFAULT '' COMMENT 'å­—å…¸ç±»å‹',
  `css_class` varchar(100) CHARACTER SET utf8 COLLATE utf8_general_ci DEFAULT NULL COMMENT 'æ ·å¼å±æ€§ï¼ˆå…¶ä»–æ ·å¼æ‰©å±•ï¼‰',
  `list_class` varchar(100) CHARACTER SET utf8 COLLATE utf8_general_ci DEFAULT NULL COMMENT 'è¡¨æ ¼å›æ˜¾æ ·å¼',
  `is_default` char(1) CHARACTER SET utf8 COLLATE utf8_general_ci DEFAULT 'N' COMMENT 'æ˜¯å¦é»˜è®¤ï¼ˆYæ˜¯ Nå¦ï¼‰',
  `status` char(1) CHARACTER SET utf8 COLLATE utf8_general_ci DEFAULT '0' COMMENT 'çŠ¶æ€ï¼ˆ0æ­£å¸¸ 1åœç”¨ï¼‰',
  `create_by` varchar(64) CHARACTER SET utf8 COLLATE utf8_general_ci DEFAULT '' COMMENT 'åˆ›å»ºè€…',
  `create_time` datetime DEFAULT NULL COMMENT 'åˆ›å»ºæ—¶é—´',
  `update_by` varchar(64) CHARACTER SET utf8 COLLATE utf8_general_ci DEFAULT '' COMMENT 'æ›´æ–°è€…',
  `update_time` datetime DEFAULT NULL COMMENT 'æ›´æ–°æ—¶é—´',
  `remark` varchar(500) CHARACTER SET utf8 COLLATE utf8_general_ci DEFAULT NULL COMMENT 'å¤‡æ³¨',
  PRIMARY KEY (`dict_code`) USING BTREE
) ENGINE=InnoDB AUTO_INCREMENT=35 DEFAULT CHARSET=utf8 ROW_FORMAT=DYNAMIC COMMENT='å­—å…¸æ•°æ®è¡¨';
/*!40101 SET character_set_client = @saved_cs_client */;

--
-- Dumping data for table `sys_dict_data`
--

LOCK TABLES `sys_dict_data` WRITE;
/*!40000 ALTER TABLE `sys_dict_data` DISABLE KEYS */;
INSERT INTO `sys_dict_data` VALUES (1,1,'ç”·','0','sys_user_sex','','','Y','0','admin','2018-03-16 11:33:00','ry','2018-03-16 11:33:00','æ€§åˆ«ç”·'),(2,2,'å¥³','1','sys_user_sex','','','N','0','admin','2018-03-16 11:33:00','ry','2018-03-16 11:33:00','æ€§åˆ«å¥³'),(3,3,'æœªçŸ¥','2','sys_user_sex','','','N','0','admin','2018-03-16 11:33:00','ry','2018-03-16 11:33:00','æ€§åˆ«æœªçŸ¥'),(4,1,'æ˜¾ç¤º','0','sys_show_hide','','primary','Y','0','admin','2018-03-16 11:33:00','ry','2018-03-16 11:33:00','æ˜¾ç¤ºèœå•'),(5,2,'éšè—','1','sys_show_hide','','danger','N','0','admin','2018-03-16 11:33:00','ry','2018-03-16 11:33:00','éšè—èœå•'),(6,1,'æ­£å¸¸','0','sys_normal_disable','','primary','Y','0','admin','2018-03-16 11:33:00','ry','2018-03-16 11:33:00','æ­£å¸¸çŠ¶æ€'),(7,2,'åœç”¨','1','sys_normal_disable','','danger','N','0','admin','2018-03-16 11:33:00','ry','2018-03-16 11:33:00','åœç”¨çŠ¶æ€'),(8,1,'æ­£å¸¸','0','sys_job_status','','primary','Y','0','admin','2018-03-16 11:33:00','ry','2018-03-16 11:33:00','æ­£å¸¸çŠ¶æ€'),(9,2,'æš‚åœ','1','sys_job_status','','danger','N','0','admin','2018-03-16 11:33:00','ry','2018-03-16 11:33:00','åœç”¨çŠ¶æ€'),(10,1,'é»˜è®¤','DEFAULT','sys_job_group','','','Y','0','admin','2018-03-16 11:33:00','ry','2018-03-16 11:33:00','é»˜è®¤åˆ†ç»„'),(11,2,'ç³»ç»Ÿ','SYSTEM','sys_job_group','','','N','0','admin','2018-03-16 11:33:00','ry','2018-03-16 11:33:00','ç³»ç»Ÿåˆ†ç»„'),(12,1,'æ˜¯','Y','sys_yes_no','','primary','Y','0','admin','2018-03-16 11:33:00','ry','2018-03-16 11:33:00','ç³»ç»Ÿé»˜è®¤æ˜¯'),(13,2,'å¦','N','sys_yes_no','','danger','N','0','admin','2018-03-16 11:33:00','ry','2018-03-16 11:33:00','ç³»ç»Ÿé»˜è®¤å¦'),(14,1,'é€šçŸ¥','1','sys_notice_type','','warning','Y','0','admin','2018-03-16 11:33:00','ry','2018-03-16 11:33:00','é€šçŸ¥'),(15,2,'å…¬å‘Š','2','sys_notice_type','','success','N','0','admin','2018-03-16 11:33:00','ry','2018-03-16 11:33:00','å…¬å‘Š'),(16,1,'æ­£å¸¸','0','sys_notice_status','','primary','Y','0','admin','2018-03-16 11:33:00','ry','2018-03-16 11:33:00','æ­£å¸¸çŠ¶æ€'),(17,2,'å…³é—­','1','sys_notice_status','','danger','N','0','admin','2018-03-16 11:33:00','ry','2018-03-16 11:33:00','å…³é—­çŠ¶æ€'),(18,1,'æ–°å¢','1','sys_oper_type','','info','N','0','admin','2018-03-16 11:33:00','ry','2018-03-16 11:33:00','æ–°å¢æ“ä½œ'),(19,2,'ä¿®æ”¹','2','sys_oper_type','','info','N','0','admin','2018-03-16 11:33:00','ry','2018-03-16 11:33:00','ä¿®æ”¹æ“ä½œ'),(20,3,'åˆ é™¤','3','sys_oper_type','','danger','N','0','admin','2018-03-16 11:33:00','ry','2018-03-16 11:33:00','åˆ é™¤æ“ä½œ'),(21,4,'æˆæƒ','4','sys_oper_type','','primary','N','0','admin','2018-03-16 11:33:00','ry','2018-03-16 11:33:00','æˆæƒæ“ä½œ'),(22,5,'å¯¼å‡º','5','sys_oper_type','','warning','N','0','admin','2018-03-16 11:33:00','ry','2018-03-16 11:33:00','å¯¼å‡ºæ“ä½œ'),(23,6,'å¯¼å…¥','6','sys_oper_type','','warning','N','0','admin','2018-03-16 11:33:00','ry','2018-03-16 11:33:00','å¯¼å…¥æ“ä½œ'),(24,7,'å¼ºé€€','7','sys_oper_type','','danger','N','0','admin','2018-03-16 11:33:00','ry','2018-03-16 11:33:00','å¼ºé€€æ“ä½œ'),(25,8,'ç”Ÿæˆä»£ç ','8','sys_oper_type','','warning','N','0','admin','2018-03-16 11:33:00','ry','2018-03-16 11:33:00','ç”Ÿæˆæ“ä½œ'),(26,9,'æ¸…ç©ºæ•°æ®','9','sys_oper_type','','danger','N','0','admin','2018-03-16 11:33:00','ry','2018-03-16 11:33:00','æ¸…ç©ºæ“ä½œ'),(27,1,'æˆåŠŸ','0','sys_common_status','','primary','N','0','admin','2018-03-16 11:33:00','ry','2018-03-16 11:33:00','æ­£å¸¸çŠ¶æ€'),(28,2,'å¤±è´¥','1','sys_common_status','','danger','N','0','admin','2018-03-16 11:33:00','ry','2018-03-16 11:33:00','åœç”¨çŠ¶æ€'),(29,0,'ç‚¹èµ','1','operation_type',NULL,NULL,'N','0','admin','2021-03-26 18:52:08','',NULL,NULL),(30,0,'è¸©ä¸€è¸©','2','operation_type',NULL,NULL,'N','0','admin','2021-03-26 18:52:21','',NULL,NULL),(31,0,'è½¬å‘','3','operation_type',NULL,NULL,'N','0','admin','2021-03-26 18:52:30','',NULL,NULL),(32,0,'æ”¶è—','4','operation_type',NULL,NULL,'N','0','admin','2021-03-26 18:52:39','',NULL,NULL),(34,0,'è¯„è®º','5','operation_type',NULL,NULL,'N','0','admin','2021-03-26 18:52:54','',NULL,NULL);
/*!40000 ALTER TABLE `sys_dict_data` ENABLE KEYS */;
UNLOCK TABLES;

--
-- Table structure for table `sys_dict_type`
--

DROP TABLE IF EXISTS `sys_dict_type`;
/*!40101 SET @saved_cs_client     = @@character_set_client */;
/*!50503 SET character_set_client = utf8mb4 */;
CREATE TABLE `sys_dict_type` (
  `dict_id` bigint NOT NULL AUTO_INCREMENT COMMENT 'å­—å…¸ä¸»é”®',
  `dict_name` varchar(100) CHARACTER SET utf8 COLLATE utf8_general_ci DEFAULT '' COMMENT 'å­—å…¸åç§°',
  `dict_type` varchar(100) CHARACTER SET utf8 COLLATE utf8_general_ci DEFAULT '' COMMENT 'å­—å…¸ç±»å‹',
  `status` char(1) CHARACTER SET utf8 COLLATE utf8_general_ci DEFAULT '0' COMMENT 'çŠ¶æ€ï¼ˆ0æ­£å¸¸ 1åœç”¨ï¼‰',
  `create_by` varchar(64) CHARACTER SET utf8 COLLATE utf8_general_ci DEFAULT '' COMMENT 'åˆ›å»ºè€…',
  `create_time` datetime DEFAULT NULL COMMENT 'åˆ›å»ºæ—¶é—´',
  `update_by` varchar(64) CHARACTER SET utf8 COLLATE utf8_general_ci DEFAULT '' COMMENT 'æ›´æ–°è€…',
  `update_time` datetime DEFAULT NULL COMMENT 'æ›´æ–°æ—¶é—´',
  `remark` varchar(500) CHARACTER SET utf8 COLLATE utf8_general_ci DEFAULT NULL COMMENT 'å¤‡æ³¨',
  PRIMARY KEY (`dict_id`) USING BTREE,
  UNIQUE KEY `dict_type` (`dict_type`) USING BTREE
) ENGINE=InnoDB AUTO_INCREMENT=12 DEFAULT CHARSET=utf8 ROW_FORMAT=DYNAMIC COMMENT='å­—å…¸ç±»å‹è¡¨';
/*!40101 SET character_set_client = @saved_cs_client */;

--
-- Dumping data for table `sys_dict_type`
--

LOCK TABLES `sys_dict_type` WRITE;
/*!40000 ALTER TABLE `sys_dict_type` DISABLE KEYS */;
INSERT INTO `sys_dict_type` VALUES (1,'ç”¨æˆ·æ€§åˆ«','sys_user_sex','0','admin','2018-03-16 11:33:00','ry','2018-03-16 11:33:00','ç”¨æˆ·æ€§åˆ«åˆ—è¡¨'),(2,'èœå•çŠ¶æ€','sys_show_hide','0','admin','2018-03-16 11:33:00','ry','2018-03-16 11:33:00','èœå•çŠ¶æ€åˆ—è¡¨'),(3,'ç³»ç»Ÿå¼€å…³','sys_normal_disable','0','admin','2018-03-16 11:33:00','ry','2018-03-16 11:33:00','ç³»ç»Ÿå¼€å…³åˆ—è¡¨'),(4,'ä»»åŠ¡çŠ¶æ€','sys_job_status','0','admin','2018-03-16 11:33:00','ry','2018-03-16 11:33:00','ä»»åŠ¡çŠ¶æ€åˆ—è¡¨'),(5,'ä»»åŠ¡åˆ†ç»„','sys_job_group','0','admin','2018-03-16 11:33:00','ry','2018-03-16 11:33:00','ä»»åŠ¡åˆ†ç»„åˆ—è¡¨'),(6,'ç³»ç»Ÿæ˜¯å¦','sys_yes_no','0','admin','2018-03-16 11:33:00','ry','2018-03-16 11:33:00','ç³»ç»Ÿæ˜¯å¦åˆ—è¡¨'),(7,'é€šçŸ¥ç±»å‹','sys_notice_type','0','admin','2018-03-16 11:33:00','ry','2018-03-16 11:33:00','é€šçŸ¥ç±»å‹åˆ—è¡¨'),(8,'é€šçŸ¥çŠ¶æ€','sys_notice_status','0','admin','2018-03-16 11:33:00','ry','2018-03-16 11:33:00','é€šçŸ¥çŠ¶æ€åˆ—è¡¨'),(9,'æ“ä½œç±»å‹','sys_oper_type','0','admin','2018-03-16 11:33:00','ry','2018-03-16 11:33:00','æ“ä½œç±»å‹åˆ—è¡¨'),(10,'ç³»ç»ŸçŠ¶æ€','sys_common_status','0','admin','2018-03-16 11:33:00','ry','2018-03-16 11:33:00','ç™»å½•çŠ¶æ€åˆ—è¡¨'),(11,'ç”¨æˆ·æ“ä½œç±»å‹','operation_type','0','admin','2021-03-26 18:51:39','',NULL,'ç”¨æˆ·æ“ä½œç±»å‹');
/*!40000 ALTER TABLE `sys_dict_type` ENABLE KEYS */;
UNLOCK TABLES;

--
-- Table structure for table `sys_job`
--

DROP TABLE IF EXISTS `sys_job`;
/*!40101 SET @saved_cs_client     = @@character_set_client */;
/*!50503 SET character_set_client = utf8mb4 */;
CREATE TABLE `sys_job` (
  `job_id` bigint NOT NULL AUTO_INCREMENT COMMENT 'ä»»åŠ¡ID',
  `job_name` varchar(64) CHARACTER SET utf8 COLLATE utf8_general_ci NOT NULL DEFAULT '' COMMENT 'ä»»åŠ¡åç§°',
  `job_group` varchar(64) CHARACTER SET utf8 COLLATE utf8_general_ci NOT NULL DEFAULT 'DEFAULT' COMMENT 'ä»»åŠ¡ç»„å',
  `invoke_target` varchar(500) CHARACTER SET utf8 COLLATE utf8_general_ci NOT NULL COMMENT 'è°ƒç”¨ç›®æ ‡å­—ç¬¦ä¸²',
  `cron_expression` varchar(255) CHARACTER SET utf8 COLLATE utf8_general_ci DEFAULT '' COMMENT 'cronæ‰§è¡Œè¡¨è¾¾å¼',
  `misfire_policy` varchar(20) CHARACTER SET utf8 COLLATE utf8_general_ci DEFAULT '3' COMMENT 'è®¡åˆ’æ‰§è¡Œé”™è¯¯ç­–ç•¥ï¼ˆ1ç«‹å³æ‰§è¡Œ 2æ‰§è¡Œä¸€æ¬¡ 3æ”¾å¼ƒæ‰§è¡Œï¼‰',
  `concurrent` char(1) CHARACTER SET utf8 COLLATE utf8_general_ci DEFAULT '1' COMMENT 'æ˜¯å¦å¹¶å‘æ‰§è¡Œï¼ˆ0å…è®¸ 1ç¦æ­¢ï¼‰',
  `status` char(1) CHARACTER SET utf8 COLLATE utf8_general_ci DEFAULT '0' COMMENT 'çŠ¶æ€ï¼ˆ0æ­£å¸¸ 1æš‚åœï¼‰',
  `create_by` varchar(64) CHARACTER SET utf8 COLLATE utf8_general_ci DEFAULT '' COMMENT 'åˆ›å»ºè€…',
  `create_time` datetime DEFAULT NULL COMMENT 'åˆ›å»ºæ—¶é—´',
  `update_by` varchar(64) CHARACTER SET utf8 COLLATE utf8_general_ci DEFAULT '' COMMENT 'æ›´æ–°è€…',
  `update_time` datetime DEFAULT NULL COMMENT 'æ›´æ–°æ—¶é—´',
  `remark` varchar(500) CHARACTER SET utf8 COLLATE utf8_general_ci DEFAULT '' COMMENT 'å¤‡æ³¨ä¿¡æ¯',
  PRIMARY KEY (`job_id`,`job_name`,`job_group`) USING BTREE
) ENGINE=InnoDB AUTO_INCREMENT=5 DEFAULT CHARSET=utf8 ROW_FORMAT=DYNAMIC COMMENT='å®šæ—¶ä»»åŠ¡è°ƒåº¦è¡¨';
/*!40101 SET character_set_client = @saved_cs_client */;

--
-- Dumping data for table `sys_job`
--

LOCK TABLES `sys_job` WRITE;
/*!40000 ALTER TABLE `sys_job` DISABLE KEYS */;
INSERT INTO `sys_job` VALUES (1,'ç³»ç»Ÿé»˜è®¤ï¼ˆæ— å‚ï¼‰','DEFAULT','ryTask.ryNoParams','0/10 * * * * ?','3','1','1','admin','2018-03-16 11:33:00','ry','2021-04-20 17:36:06',''),(2,'ç³»ç»Ÿé»˜è®¤ï¼ˆæœ‰å‚ï¼‰','DEFAULT','ryTask.ryParams(\'ry\')','0/15 * * * * ?','3','1','1','admin','2018-03-16 11:33:00','ry','2018-03-16 11:33:00',''),(3,'ç³»ç»Ÿé»˜è®¤ï¼ˆå¤šå‚ï¼‰','DEFAULT','ryTask.ryMultipleParams(\'ry\', true, 2000L, 316.50D, 100)','0/20 * * * * ?','3','1','1','admin','2018-03-16 11:33:00','ry','2018-03-16 11:33:00',''),(4,'åŒæ­¥ç‚¹èµæ•°æ®','DEFAULT','myTask.updatePraise()','0/5 * * * *  ?','1','0','1','admin','2021-04-20 20:08:09','',NULL,'');
/*!40000 ALTER TABLE `sys_job` ENABLE KEYS */;
UNLOCK TABLES;

--
-- Table structure for table `sys_job_log`
--

DROP TABLE IF EXISTS `sys_job_log`;
/*!40101 SET @saved_cs_client     = @@character_set_client */;
/*!50503 SET character_set_client = utf8mb4 */;
CREATE TABLE `sys_job_log` (
  `job_log_id` bigint NOT NULL AUTO_INCREMENT COMMENT 'ä»»åŠ¡æ—¥å¿—ID',
  `job_name` varchar(64) CHARACTER SET utf8 COLLATE utf8_general_ci NOT NULL COMMENT 'ä»»åŠ¡åç§°',
  `job_group` varchar(64) CHARACTER SET utf8 COLLATE utf8_general_ci NOT NULL COMMENT 'ä»»åŠ¡ç»„å',
  `invoke_target` varchar(500) CHARACTER SET utf8 COLLATE utf8_general_ci NOT NULL COMMENT 'è°ƒç”¨ç›®æ ‡å­—ç¬¦ä¸²',
  `job_message` varchar(500) CHARACTER SET utf8 COLLATE utf8_general_ci DEFAULT NULL COMMENT 'æ—¥å¿—ä¿¡æ¯',
  `status` char(1) CHARACTER SET utf8 COLLATE utf8_general_ci DEFAULT '0' COMMENT 'æ‰§è¡ŒçŠ¶æ€ï¼ˆ0æ­£å¸¸ 1å¤±è´¥ï¼‰',
  `exception_info` varchar(2000) CHARACTER SET utf8 COLLATE utf8_general_ci DEFAULT '' COMMENT 'å¼‚å¸¸ä¿¡æ¯',
  `create_time` datetime DEFAULT NULL COMMENT 'åˆ›å»ºæ—¶é—´',
  PRIMARY KEY (`job_log_id`) USING BTREE
) ENGINE=InnoDB AUTO_INCREMENT=16 DEFAULT CHARSET=utf8 ROW_FORMAT=DYNAMIC COMMENT='å®šæ—¶ä»»åŠ¡è°ƒåº¦æ—¥å¿—è¡¨';
/*!40101 SET character_set_client = @saved_cs_client */;

--
-- Dumping data for table `sys_job_log`
--

LOCK TABLES `sys_job_log` WRITE;
/*!40000 ALTER TABLE `sys_job_log` DISABLE KEYS */;
INSERT INTO `sys_job_log` VALUES (1,'ç³»ç»Ÿé»˜è®¤ï¼ˆæ— å‚ï¼‰','DEFAULT','ryTask.ryNoParams','ç³»ç»Ÿé»˜è®¤ï¼ˆæ— å‚ï¼‰ æ€»å…±è€—æ—¶ï¼š2æ¯«ç§’','0','','2021-04-20 17:33:54'),(2,'ç³»ç»Ÿé»˜è®¤ï¼ˆæ— å‚ï¼‰','DEFAULT','ryTask.ryNoParams','ç³»ç»Ÿé»˜è®¤ï¼ˆæ— å‚ï¼‰ æ€»å…±è€—æ—¶ï¼š0æ¯«ç§’','0','','2021-04-20 17:35:20'),(3,'ç³»ç»Ÿé»˜è®¤ï¼ˆæ— å‚ï¼‰','DEFAULT','ryTask.ryNoParams','ç³»ç»Ÿé»˜è®¤ï¼ˆæ— å‚ï¼‰ æ€»å…±è€—æ—¶ï¼š0æ¯«ç§’','0','','2021-04-20 17:35:30'),(4,'ç³»ç»Ÿé»˜è®¤ï¼ˆæ— å‚ï¼‰','DEFAULT','ryTask.ryNoParams','ç³»ç»Ÿé»˜è®¤ï¼ˆæ— å‚ï¼‰ æ€»å…±è€—æ—¶ï¼š0æ¯«ç§’','0','','2021-04-20 17:35:40'),(5,'ç³»ç»Ÿé»˜è®¤ï¼ˆæ— å‚ï¼‰','DEFAULT','ryTask.ryNoParams','ç³»ç»Ÿé»˜è®¤ï¼ˆæ— å‚ï¼‰ æ€»å…±è€—æ—¶ï¼š0æ¯«ç§’','0','','2021-04-20 17:35:50'),(6,'ç³»ç»Ÿé»˜è®¤ï¼ˆæ— å‚ï¼‰','DEFAULT','ryTask.ryNoParams','ç³»ç»Ÿé»˜è®¤ï¼ˆæ— å‚ï¼‰ æ€»å…±è€—æ—¶ï¼š0æ¯«ç§’','0','','2021-04-20 17:36:00'),(7,'åŒæ­¥ç‚¹èµæ•°æ®','DEFAULT','myTask.updatePraise()','åŒæ­¥ç‚¹èµæ•°æ® æ€»å…±è€—æ—¶ï¼š53æ¯«ç§’','0','','2021-04-20 20:08:23'),(8,'åŒæ­¥ç‚¹èµæ•°æ®','DEFAULT','myTask.updatePraise()','åŒæ­¥ç‚¹èµæ•°æ® æ€»å…±è€—æ—¶ï¼š34æ¯«ç§’','0','','2021-04-20 20:10:25'),(9,'åŒæ­¥ç‚¹èµæ•°æ®','DEFAULT','myTask.updatePraise()','åŒæ­¥ç‚¹èµæ•°æ® æ€»å…±è€—æ—¶ï¼š119138æ¯«ç§’','1','java.lang.reflect.InvocationTargetException\r\n	at sun.reflect.NativeMethodAccessorImpl.invoke0(Native Method)\r\n	at sun.reflect.NativeMethodAccessorImpl.invoke(NativeMethodAccessorImpl.java:62)\r\n	at sun.reflect.DelegatingMethodAccessorImpl.invoke(DelegatingMethodAccessorImpl.java:43)\r\n	at java.lang.reflect.Method.invoke(Method.java:498)\r\n	at com.ruoyi.quartz.util.JobInvokeUtil.invokeMethod(JobInvokeUtil.java:61)\r\n	at com.ruoyi.quartz.util.JobInvokeUtil.invokeMethod(JobInvokeUtil.java:33)\r\n	at com.ruoyi.quartz.util.QuartzJobExecution.doExecute(QuartzJobExecution.java:17)\r\n	at com.ruoyi.quartz.util.AbstractQuartzJob.execute(AbstractQuartzJob.java:43)\r\n	at org.quartz.core.JobRunShell.run(JobRunShell.java:202)\r\n	at org.quartz.simpl.SimpleThreadPool$WorkerThread.run(SimpleThreadPool.java:573)\r\nCaused by: java.lang.IndexOutOfBoundsException: Index: 0, Size: 0\r\n	at java.util.ArrayList.rangeCheck(ArrayList.java:657)\r\n	at java.util.ArrayList.get(ArrayList.java:433)\r\n	at com.ruoyi.web.controller.quartz.ScheduleTask.updatePraise(ScheduleTask.java:71)\r\n	... 10 more\r\n','2021-04-20 20:17:34'),(10,'åŒæ­¥ç‚¹èµæ•°æ®','DEFAULT','myTask.updatePraise()','åŒæ­¥ç‚¹èµæ•°æ® æ€»å…±è€—æ—¶ï¼š49547æ¯«ç§’','0','','2021-04-20 20:19:59'),(11,'åŒæ­¥ç‚¹èµæ•°æ®','DEFAULT','myTask.updatePraise()','åŒæ­¥ç‚¹èµæ•°æ® æ€»å…±è€—æ—¶ï¼š76æ¯«ç§’','0','','2021-04-20 20:23:30'),(12,'åŒæ­¥ç‚¹èµæ•°æ®','DEFAULT','myTask.updatePraise()','åŒæ­¥ç‚¹èµæ•°æ® æ€»å…±è€—æ—¶ï¼š24511æ¯«ç§’','0','','2021-04-20 20:47:50'),(13,'åŒæ­¥ç‚¹èµæ•°æ®','DEFAULT','myTask.updatePraise()','åŒæ­¥ç‚¹èµæ•°æ® æ€»å…±è€—æ—¶ï¼š104æ¯«ç§’','0','','2021-04-20 20:59:37'),(14,'åŒæ­¥ç‚¹èµæ•°æ®','DEFAULT','myTask.updatePraise()','åŒæ­¥ç‚¹èµæ•°æ® æ€»å…±è€—æ—¶ï¼š67æ¯«ç§’','0','','2021-04-20 21:00:58'),(15,'åŒæ­¥ç‚¹èµæ•°æ®','DEFAULT','myTask.updatePraise()','åŒæ­¥ç‚¹èµæ•°æ® æ€»å…±è€—æ—¶ï¼š98æ¯«ç§’','0','','2021-04-20 21:07:04');
/*!40000 ALTER TABLE `sys_job_log` ENABLE KEYS */;
UNLOCK TABLES;

--
-- Table structure for table `sys_logininfor`
--

DROP TABLE IF EXISTS `sys_logininfor`;
/*!40101 SET @saved_cs_client     = @@character_set_client */;
/*!50503 SET character_set_client = utf8mb4 */;
CREATE TABLE `sys_logininfor` (
  `info_id` bigint NOT NULL AUTO_INCREMENT COMMENT 'è®¿é—®ID',
  `user_name` varchar(50) CHARACTER SET utf8 COLLATE utf8_general_ci DEFAULT '' COMMENT 'ç”¨æˆ·è´¦å·',
  `ipaddr` varchar(50) CHARACTER SET utf8 COLLATE utf8_general_ci DEFAULT '' COMMENT 'ç™»å½•IPåœ°å€',
  `login_location` varchar(255) CHARACTER SET utf8 COLLATE utf8_general_ci DEFAULT '' COMMENT 'ç™»å½•åœ°ç‚¹',
  `browser` varchar(50) CHARACTER SET utf8 COLLATE utf8_general_ci DEFAULT '' COMMENT 'æµè§ˆå™¨ç±»å‹',
  `os` varchar(50) CHARACTER SET utf8 COLLATE utf8_general_ci DEFAULT '' COMMENT 'æ“ä½œç³»ç»Ÿ',
  `status` char(1) CHARACTER SET utf8 COLLATE utf8_general_ci DEFAULT '0' COMMENT 'ç™»å½•çŠ¶æ€ï¼ˆ0æˆåŠŸ 1å¤±è´¥ï¼‰',
  `msg` varchar(255) CHARACTER SET utf8 COLLATE utf8_general_ci DEFAULT '' COMMENT 'æç¤ºæ¶ˆæ¯',
  `login_time` datetime DEFAULT NULL COMMENT 'è®¿é—®æ—¶é—´',
  PRIMARY KEY (`info_id`) USING BTREE
) ENGINE=InnoDB AUTO_INCREMENT=257 DEFAULT CHARSET=utf8 ROW_FORMAT=DYNAMIC COMMENT='ç³»ç»Ÿè®¿é—®è®°å½•';
/*!40101 SET character_set_client = @saved_cs_client */;

--
-- Dumping data for table `sys_logininfor`
--

LOCK TABLES `sys_logininfor` WRITE;
/*!40000 ALTER TABLE `sys_logininfor` DISABLE KEYS */;
INSERT INTO `sys_logininfor` VALUES (100,'admin','127.0.0.1','å†…ç½‘IP','Chrome 8','Windows 10','0','ç™»å½•æˆåŠŸ','2020-09-27 14:56:08'),(101,'admin','127.0.0.1','å†…ç½‘IP','Chrome 8','Windows 10','0','ç™»å½•æˆåŠŸ','2020-09-27 17:27:16'),(102,'admin','127.0.0.1','å†…ç½‘IP','Chrome 8','Windows 10','0','ç™»å½•æˆåŠŸ','2020-10-09 15:03:46'),(103,'admin','127.0.0.1','å†…ç½‘IP','Chrome 8','Windows 10','0','ç™»å½•æˆåŠŸ','2020-10-10 10:58:13'),(104,'admin','127.0.0.1','å†…ç½‘IP','Chrome 8','Windows 10','0','é€€å‡ºæˆåŠŸ','2021-03-23 14:51:30'),(105,'admin','127.0.0.1','å†…ç½‘IP','Chrome 8','Windows 10','0','ç™»å½•æˆåŠŸ','2021-03-23 14:51:49'),(106,'admin','127.0.0.1','å†…ç½‘IP','Chrome 8','Windows 10','1','éªŒè¯ç é”™è¯¯','2021-03-26 18:46:44'),(107,'admin','127.0.0.1','å†…ç½‘IP','Chrome 8','Windows 10','1','éªŒè¯ç å·²å¤±æ•ˆ','2021-03-26 18:47:46'),(108,'admin','127.0.0.1','å†…ç½‘IP','Chrome 8','Windows 10','1','éªŒè¯ç å·²å¤±æ•ˆ','2021-03-26 18:47:46'),(109,'admin','127.0.0.1','å†…ç½‘IP','Chrome 8','Windows 10','1','éªŒè¯ç é”™è¯¯','2021-03-26 18:48:04'),(110,'admin','127.0.0.1','å†…ç½‘IP','Chrome 8','Windows 10','0','ç™»å½•æˆåŠŸ','2021-03-26 18:48:17'),(111,'admin','127.0.0.1','å†…ç½‘IP','Chrome 8','Windows 10','0','ç™»å½•æˆåŠŸ','2021-03-31 17:28:07'),(112,'admin','127.0.0.1','å†…ç½‘IP','Chrome 8','Windows 10','0','é€€å‡ºæˆåŠŸ','2021-03-31 17:35:17'),(113,'admin','127.0.0.1','å†…ç½‘IP','Chrome 8','Windows 10','1','éªŒè¯ç é”™è¯¯','2021-03-31 17:35:21'),(114,'admin','127.0.0.1','å†…ç½‘IP','Chrome 8','Windows 10','1','éªŒè¯ç é”™è¯¯','2021-03-31 17:35:25'),(115,'admin','127.0.0.1','å†…ç½‘IP','Chrome 8','Windows 10','0','ç™»å½•æˆåŠŸ','2021-03-31 17:35:33'),(116,'admin','127.0.0.1','å†…ç½‘IP','Chrome 8','Windows 10','0','ç™»å½•æˆåŠŸ','2021-03-31 17:58:36'),(117,'admin','127.0.0.1','å†…ç½‘IP','Chrome 8','Windows 10','1','éªŒè¯ç å·²å¤±æ•ˆ','2021-03-31 17:59:30'),(118,'admin','127.0.0.1','å†…ç½‘IP','Chrome 8','Windows 10','0','ç™»å½•æˆåŠŸ','2021-03-31 17:59:42'),(119,'admin','127.0.0.1','å†…ç½‘IP','Chrome 8','Windows 10','1','éªŒè¯ç é”™è¯¯','2021-04-01 14:18:49'),(120,'admin','127.0.0.1','å†…ç½‘IP','Chrome 8','Windows 10','0','ç™»å½•æˆåŠŸ','2021-04-01 14:18:54'),(121,'admin','127.0.0.1','å†…ç½‘IP','Chrome 8','Windows 10','0','ç™»å½•æˆåŠŸ','2021-04-01 15:44:03'),(122,'admin','127.0.0.1','å†…ç½‘IP','Chrome 8','Windows 10','0','é€€å‡ºæˆåŠŸ','2021-04-01 16:18:08'),(123,'admin','127.0.0.1','å†…ç½‘IP','Chrome 8','Windows 10','0','ç™»å½•æˆåŠŸ','2021-04-01 16:18:26'),(124,'admin','127.0.0.1','å†…ç½‘IP','Chrome 8','Windows 10','0','ç™»å½•æˆåŠŸ','2021-04-02 13:45:29'),(125,'admin','127.0.0.1','å†…ç½‘IP','Chrome 8','Windows 10','0','ç™»å½•æˆåŠŸ','2021-04-02 17:30:26'),(126,'admin','127.0.0.1','å†…ç½‘IP','Chrome 8','Windows 10','0','ç™»å½•æˆåŠŸ','2021-04-09 16:00:26'),(127,'admin','127.0.0.1','å†…ç½‘IP','Chrome 8','Windows 10','0','ç™»å½•æˆåŠŸ','2021-04-09 16:43:36'),(128,'admin','127.0.0.1','å†…ç½‘IP','Chrome 8','Windows 10','0','ç™»å½•æˆåŠŸ','2021-04-09 17:21:01'),(129,'admin','127.0.0.1','å†…ç½‘IP','Chrome 8','Windows 10','0','ç™»å½•æˆåŠŸ','2021-04-11 15:22:26'),(130,'admin','127.0.0.1','å†…ç½‘IP','Chrome 8','Windows 10','0','ç™»å½•æˆåŠŸ','2021-04-11 17:31:24'),(131,'admin','127.0.0.1','å†…ç½‘IP','Chrome 8','Windows 10','0','é€€å‡ºæˆåŠŸ','2021-04-11 17:41:48'),(132,'admin','127.0.0.1','å†…ç½‘IP','Chrome 8','Windows 10','0','ç™»å½•æˆåŠŸ','2021-04-11 17:41:54'),(133,'admin','127.0.0.1','å†…ç½‘IP','Chrome 8','Windows 10','0','ç™»å½•æˆåŠŸ','2021-04-12 13:41:03'),(134,'admin','127.0.0.1','å†…ç½‘IP','Chrome 8','Windows 10','0','ç™»å½•æˆåŠŸ','2021-04-12 14:30:24'),(135,'admin','127.0.0.1','å†…ç½‘IP','Chrome 8','Windows 10','0','é€€å‡ºæˆåŠŸ','2021-04-12 14:31:10'),(136,'admin','127.0.0.1','å†…ç½‘IP','Chrome 8','Windows 10','0','ç™»å½•æˆåŠŸ','2021-04-12 14:31:17'),(137,'admin','127.0.0.1','å†…ç½‘IP','Chrome 8','Windows 10','1','éªŒè¯ç å·²å¤±æ•ˆ','2021-04-13 14:47:27'),(138,'admin','127.0.0.1','å†…ç½‘IP','Chrome 8','Windows 10','1','éªŒè¯ç é”™è¯¯','2021-04-13 14:47:33'),(139,'admin','127.0.0.1','å†…ç½‘IP','Chrome 8','Windows 10','0','ç™»å½•æˆåŠŸ','2021-04-13 14:47:36'),(140,'admin','127.0.0.1','å†…ç½‘IP','Chrome 8','Windows 10','1','éªŒè¯ç å·²å¤±æ•ˆ','2021-04-13 16:11:42'),(141,'admin','127.0.0.1','å†…ç½‘IP','Chrome 8','Windows 10','0','ç™»å½•æˆåŠŸ','2021-04-13 16:11:47'),(142,'admin','127.0.0.1','å†…ç½‘IP','Chrome 8','Windows 10','0','é€€å‡ºæˆåŠŸ','2021-04-13 16:18:05'),(143,'admin','127.0.0.1','å†…ç½‘IP','Chrome 8','Windows 10','0','ç™»å½•æˆåŠŸ','2021-04-13 16:20:27'),(144,'admin','127.0.0.1','å†…ç½‘IP','Chrome 8','Windows 10','0','ç™»å½•æˆåŠŸ','2021-04-15 12:46:36'),(145,'admin','127.0.0.1','å†…ç½‘IP','Chrome 8','Windows 10','0','ç™»å½•æˆåŠŸ','2021-04-15 18:50:40'),(146,'admin','127.0.0.1','å†…ç½‘IP','Chrome 8','Windows 10','0','ç™»å½•æˆåŠŸ','2021-04-17 17:52:12'),(147,'admin','127.0.0.1','å†…ç½‘IP','Chrome 8','Windows 10','0','ç™»å½•æˆåŠŸ','2021-04-17 19:06:11'),(148,'admin','127.0.0.1','å†…ç½‘IP','Chrome 8','Windows 10','0','é€€å‡ºæˆåŠŸ','2021-04-17 19:10:47'),(149,'admin','127.0.0.1','å†…ç½‘IP','Chrome 8','Windows 10','0','ç™»å½•æˆåŠŸ','2021-04-17 19:10:54'),(150,'admin','127.0.0.1','å†…ç½‘IP','Chrome 8','Windows 10','0','é€€å‡ºæˆåŠŸ','2021-04-17 19:18:37'),(151,'admin','127.0.0.1','å†…ç½‘IP','Chrome 8','Windows 10','0','ç™»å½•æˆåŠŸ','2021-04-17 19:18:43'),(152,'admin','127.0.0.1','å†…ç½‘IP','Chrome 8','Windows 10','0','ç™»å½•æˆåŠŸ','2021-04-19 14:38:25'),(153,'admin','127.0.0.1','å†…ç½‘IP','Chrome 8','Windows 10','0','ç™»å½•æˆåŠŸ','2021-04-19 22:24:12'),(154,'admin','127.0.0.1','å†…ç½‘IP','Chrome 8','Windows 10','0','ç™»å½•æˆåŠŸ','2021-04-20 14:56:59'),(155,'admin','127.0.0.1','å†…ç½‘IP','Chrome 8','Windows 10','0','é€€å‡ºæˆåŠŸ','2021-04-20 16:20:09'),(156,'admin','127.0.0.1','å†…ç½‘IP','Chrome 8','Windows 10','0','ç™»å½•æˆåŠŸ','2021-04-20 16:20:19'),(157,'admin','127.0.0.1','å†…ç½‘IP','Chrome 8','Windows 10','0','ç™»å½•æˆåŠŸ','2021-04-20 17:06:17'),(158,'admin','127.0.0.1','å†…ç½‘IP','Chrome 8','Windows 10','0','é€€å‡ºæˆåŠŸ','2021-04-20 17:24:38'),(159,'admin','127.0.0.1','å†…ç½‘IP','Chrome 8','Windows 10','1','éªŒè¯ç é”™è¯¯','2021-04-20 17:24:48'),(160,'admin','127.0.0.1','å†…ç½‘IP','Chrome 8','Windows 10','0','ç™»å½•æˆåŠŸ','2021-04-20 17:24:58'),(161,'admin','127.0.0.1','å†…ç½‘IP','Chrome 8','Windows 10','0','é€€å‡ºæˆåŠŸ','2021-04-20 17:26:27'),(162,'admin','127.0.0.1','å†…ç½‘IP','Chrome 8','Windows 10','0','ç™»å½•æˆåŠŸ','2021-04-20 17:26:34'),(163,'admin','127.0.0.1','å†…ç½‘IP','Chrome 8','Windows 10','0','ç™»å½•æˆåŠŸ','2021-04-20 18:08:41'),(164,'admin','127.0.0.1','å†…ç½‘IP','Chrome 8','Windows 10','0','ç™»å½•æˆåŠŸ','2021-04-20 20:00:16'),(165,'admin','127.0.0.1','å†…ç½‘IP','Chrome 8','Windows 10','0','é€€å‡ºæˆåŠŸ','2021-04-20 20:35:07'),(166,'admin','127.0.0.1','å†…ç½‘IP','Chrome 8','Windows 10','0','ç™»å½•æˆåŠŸ','2021-04-20 20:35:18'),(167,'admin','127.0.0.1','å†…ç½‘IP','Chrome 9','Windows 10','0','ç™»å½•æˆåŠŸ','2021-04-26 17:40:50'),(168,'admin','127.0.0.1','å†…ç½‘IP','Chrome 9','Windows 10','0','ç™»å½•æˆåŠŸ','2021-04-27 14:37:54'),(169,'admin','127.0.0.1','å†…ç½‘IP','Chrome 9','Windows 10','0','ç™»å½•æˆåŠŸ','2021-05-04 12:05:50'),(170,'admin','127.0.0.1','å†…ç½‘IP','Chrome 9','Windows 10','0','ç™»å½•æˆåŠŸ','2021-05-05 11:25:04'),(171,'admin','127.0.0.1','å†…ç½‘IP','Chrome 9','Windows 10','0','é€€å‡ºæˆåŠŸ','2021-05-05 11:33:16'),(172,'admin','127.0.0.1','å†…ç½‘IP','Chrome 9','Windows 10','0','ç™»å½•æˆåŠŸ','2021-05-05 11:33:26'),(173,'admin','127.0.0.1','å†…ç½‘IP','Chrome 9','Windows 10','0','ç™»å½•æˆåŠŸ','2021-05-05 14:07:52'),(174,'admin','127.0.0.1','å†…ç½‘IP','Chrome 9','Windows 10','0','é€€å‡ºæˆåŠŸ','2021-05-05 15:17:53'),(175,'ç”¨æˆ·åç§°','127.0.0.1','å†…ç½‘IP','Chrome 9','Windows 10','0','ç™»å½•æˆåŠŸ','2021-05-05 15:18:25'),(176,'ç”¨æˆ·åç§°','127.0.0.1','å†…ç½‘IP','Chrome 9','Windows 10','0','é€€å‡ºæˆåŠŸ','2021-05-05 15:28:32'),(177,'admin','127.0.0.1','å†…ç½‘IP','Chrome 9','Windows 10','1','ç”¨æˆ·ä¸å­˜åœ¨/å¯†ç é”™è¯¯','2021-05-05 15:28:53'),(178,'admin','127.0.0.1','å†…ç½‘IP','Chrome 9','Windows 10','0','ç™»å½•æˆåŠŸ','2021-05-05 15:29:05'),(179,'admin','127.0.0.1','å†…ç½‘IP','Chrome 9','Windows 10','0','é€€å‡ºæˆåŠŸ','2021-05-05 15:35:32'),(180,'ç”¨æˆ·åç§°','127.0.0.1','å†…ç½‘IP','Chrome 9','Windows 10','0','ç™»å½•æˆåŠŸ','2021-05-05 15:35:47'),(181,'ç”¨æˆ·åç§°','127.0.0.1','å†…ç½‘IP','Chrome 9','Windows 10','0','é€€å‡ºæˆåŠŸ','2021-05-05 15:36:27'),(182,'admin','127.0.0.1','å†…ç½‘IP','Chrome 9','Windows 10','0','ç™»å½•æˆåŠŸ','2021-05-05 15:36:41'),(183,'admin','127.0.0.1','å†…ç½‘IP','Chrome 9','Windows 10','0','é€€å‡ºæˆåŠŸ','2021-05-05 15:43:26'),(184,'ç”¨æˆ·åç§°','127.0.0.1','å†…ç½‘IP','Chrome 9','Windows 10','0','ç™»å½•æˆåŠŸ','2021-05-05 15:43:41'),(185,'ç”¨æˆ·åç§°','127.0.0.1','å†…ç½‘IP','Chrome 9','Windows 10','0','é€€å‡ºæˆåŠŸ','2021-05-05 15:44:12'),(186,'admin','127.0.0.1','å†…ç½‘IP','Chrome 9','Windows 10','0','ç™»å½•æˆåŠŸ','2021-05-05 15:44:26'),(187,'admin','127.0.0.1','å†…ç½‘IP','Chrome 9','Windows 10','0','é€€å‡ºæˆåŠŸ','2021-05-05 15:45:26'),(188,'ry','127.0.0.1','å†…ç½‘IP','Chrome 9','Windows 10','0','ç™»å½•æˆåŠŸ','2021-05-05 15:45:36'),(189,'ry','127.0.0.1','å†…ç½‘IP','Chrome 9','Windows 10','0','é€€å‡ºæˆåŠŸ','2021-05-05 15:45:50'),(190,'admin','127.0.0.1','å†…ç½‘IP','Chrome 9','Windows 10','0','ç™»å½•æˆåŠŸ','2021-05-05 15:45:58'),(191,'admin','127.0.0.1','å†…ç½‘IP','Chrome 9','Windows 10','0','ç™»å½•æˆåŠŸ','2021-05-06 01:35:56'),(192,'admin','127.0.0.1','å†…ç½‘IP','Chrome 9','Windows 10','0','é€€å‡ºæˆåŠŸ','2021-05-06 02:31:42'),(193,'qwerty','127.0.0.1','å†…ç½‘IP','Chrome 9','Windows 10','0','ç™»å½•æˆåŠŸ','2021-05-06 02:31:48'),(194,'qwerty','127.0.0.1','å†…ç½‘IP','Chrome 9','Windows 10','0','é€€å‡ºæˆåŠŸ','2021-05-06 02:32:09'),(195,'tanhong','127.0.0.1','å†…ç½‘IP','Chrome 9','Windows 10','0','ç™»å½•æˆåŠŸ','2021-05-06 02:32:18'),(196,'tanhong','127.0.0.1','å†…ç½‘IP','Chrome 9','Windows 10','0','é€€å‡ºæˆåŠŸ','2021-05-06 02:32:40'),(197,'admin','127.0.0.1','å†…ç½‘IP','Chrome 9','Windows 10','0','ç™»å½•æˆåŠŸ','2021-05-06 02:32:45'),(198,'admin','127.0.0.1','å†…ç½‘IP','Chrome 9','Windows 10','0','é€€å‡ºæˆåŠŸ','2021-05-06 05:13:03'),(199,'admin','127.0.0.1','å†…ç½‘IP','Chrome 9','Windows 10','0','ç™»å½•æˆåŠŸ','2021-05-06 05:13:25'),(200,'admin','127.0.0.1','å†…ç½‘IP','Chrome 9','Windows 10','0','é€€å‡ºæˆåŠŸ','2021-05-06 05:17:31'),(201,'admin','127.0.0.1','å†…ç½‘IP','Chrome 9','Windows 10','0','ç™»å½•æˆåŠŸ','2021-05-06 05:17:41'),(202,'admin','127.0.0.1','å†…ç½‘IP','Chrome 9','Windows 10','0','ç™»å½•æˆåŠŸ','2021-05-06 10:19:32'),(203,'admin','127.0.0.1','å†…ç½‘IP','Chrome 9','Windows 10','0','é€€å‡ºæˆåŠŸ','2021-05-06 10:19:37'),(204,'asdfg','127.0.0.1','å†…ç½‘IP','Chrome 9','Windows 10','0','ç™»å½•æˆåŠŸ','2021-05-06 10:21:57'),(205,'asdfg','127.0.0.1','å†…ç½‘IP','Chrome 9','Windows 10','0','é€€å‡ºæˆåŠŸ','2021-05-06 10:22:36'),(206,'tanhongq','127.0.0.1','å†…ç½‘IP','Chrome 9','Windows 10','0','ç™»å½•æˆåŠŸ','2021-05-06 10:26:04'),(207,'tanhongq','127.0.0.1','å†…ç½‘IP','Chrome 9','Windows 10','0','é€€å‡ºæˆåŠŸ','2021-05-06 10:29:26'),(208,'tanhongw','127.0.0.1','å†…ç½‘IP','Chrome 9','Windows 10','0','ç™»å½•æˆåŠŸ','2021-05-06 10:34:01'),(209,'tanhongw','127.0.0.1','å†…ç½‘IP','Chrome 9','Windows 10','0','é€€å‡ºæˆåŠŸ','2021-05-06 10:42:48'),(210,'admin','127.0.0.1','å†…ç½‘IP','Chrome 9','Windows 10','0','ç™»å½•æˆåŠŸ','2021-05-06 10:43:16'),(211,'admin','127.0.0.1','å†…ç½‘IP','Chrome 9','Windows 10','0','é€€å‡ºæˆåŠŸ','2021-05-06 10:43:29'),(212,'tanhong','127.0.0.1','å†…ç½‘IP','Chrome 9','Windows 10','0','ç™»å½•æˆåŠŸ','2021-05-06 10:43:38'),(213,'tanhong','127.0.0.1','å†…ç½‘IP','Chrome 9','Windows 10','0','é€€å‡ºæˆåŠŸ','2021-05-06 10:57:04'),(214,'tanhong','127.0.0.1','å†…ç½‘IP','Chrome 9','Windows 10','0','ç™»å½•æˆåŠŸ','2021-05-06 10:57:22'),(215,'tanhong','127.0.0.1','å†…ç½‘IP','Chrome 9','Windows 10','0','é€€å‡ºæˆåŠŸ','2021-05-06 10:57:42'),(216,'admin','127.0.0.1','å†…ç½‘IP','Chrome 9','Windows 10','0','ç™»å½•æˆåŠŸ','2021-05-06 10:59:15'),(217,'admin','127.0.0.1','å†…ç½‘IP','Chrome 9','Windows 10','0','é€€å‡ºæˆåŠŸ','2021-05-06 11:25:27'),(218,'admin','127.0.0.1','å†…ç½‘IP','Chrome 9','Windows 10','0','ç™»å½•æˆåŠŸ','2021-05-06 11:25:35'),(219,'admin','127.0.0.1','å†…ç½‘IP','Chrome 9','Windows 10','0','é€€å‡ºæˆåŠŸ','2021-05-06 11:29:23'),(220,'admin','127.0.0.1','å†…ç½‘IP','Chrome 9','Windows 10','0','ç™»å½•æˆåŠŸ','2021-05-06 11:30:01'),(221,'admin','127.0.0.1','å†…ç½‘IP','Chrome 9','Windows 10','0','é€€å‡ºæˆåŠŸ','2021-05-06 11:32:04'),(222,'admin','127.0.0.1','å†…ç½‘IP','Chrome 9','Windows 10','1','éªŒè¯ç é”™è¯¯','2021-05-06 11:32:15'),(223,'admin','127.0.0.1','å†…ç½‘IP','Chrome 9','Windows 10','0','ç™»å½•æˆåŠŸ','2021-05-06 11:32:20'),(224,'admin','127.0.0.1','å†…ç½‘IP','Chrome 9','Windows 10','0','é€€å‡ºæˆåŠŸ','2021-05-06 11:33:45'),(225,'admin','127.0.0.1','å†…ç½‘IP','Chrome 9','Windows 10','0','ç™»å½•æˆåŠŸ','2021-05-06 11:33:52'),(226,'admin','127.0.0.1','å†…ç½‘IP','Chrome 9','Windows 10','0','é€€å‡ºæˆåŠŸ','2021-05-06 11:35:23'),(227,'admin','127.0.0.1','å†…ç½‘IP','Chrome 9','Windows 10','0','ç™»å½•æˆåŠŸ','2021-05-06 11:35:40'),(228,'admin','127.0.0.1','å†…ç½‘IP','Chrome 9','Windows 10','0','é€€å‡ºæˆåŠŸ','2021-05-06 11:37:11'),(229,'admin','127.0.0.1','å†…ç½‘IP','Chrome 9','Windows 10','0','ç™»å½•æˆåŠŸ','2021-05-06 11:37:21'),(230,'admin','127.0.0.1','å†…ç½‘IP','Chrome 9','Windows 10','0','é€€å‡ºæˆåŠŸ','2021-05-06 11:38:33'),(231,'admin','127.0.0.1','å†…ç½‘IP','Chrome 9','Windows 10','0','ç™»å½•æˆåŠŸ','2021-05-06 11:43:12'),(232,'admin','127.0.0.1','å†…ç½‘IP','Chrome 9','Windows 10','0','ç™»å½•æˆåŠŸ','2021-05-06 11:44:24'),(233,'admin','127.0.0.1','å†…ç½‘IP','Chrome 9','Windows 10','0','é€€å‡ºæˆåŠŸ','2021-05-06 11:46:24'),(234,'admin','127.0.0.1','å†…ç½‘IP','Chrome 9','Windows 10','0','é€€å‡ºæˆåŠŸ','2021-05-06 11:46:32'),(235,'admin','127.0.0.1','å†…ç½‘IP','Chrome 9','Windows 10','0','ç™»å½•æˆåŠŸ','2021-05-06 12:16:19'),(236,'admin','127.0.0.1','å†…ç½‘IP','Chrome 9','Windows 10','0','ç™»å½•æˆåŠŸ','2021-05-06 13:13:07'),(237,'admin','127.0.0.1','å†…ç½‘IP','Chrome 9','Windows 10','0','é€€å‡ºæˆåŠŸ','2021-05-06 13:13:28'),(238,'admin','127.0.0.1','å†…ç½‘IP','Chrome 9','Windows 10','0','ç™»å½•æˆåŠŸ','2021-05-06 13:13:32'),(239,'admin','127.0.0.1','å†…ç½‘IP','Chrome 9','Windows 10','0','é€€å‡ºæˆåŠŸ','2021-05-06 13:14:24'),(240,'admin','127.0.0.1','å†…ç½‘IP','Chrome 9','Windows 10','0','ç™»å½•æˆåŠŸ','2021-05-06 13:14:31'),(241,'admin','127.0.0.1','å†…ç½‘IP','Chrome 9','Windows 10','0','é€€å‡ºæˆåŠŸ','2021-05-06 13:15:38'),(242,'admin','127.0.0.1','å†…ç½‘IP','Chrome 9','Windows 10','0','ç™»å½•æˆåŠŸ','2021-05-06 13:15:47'),(243,'admin','127.0.0.1','å†…ç½‘IP','Chrome 9','Windows 10','0','ç™»å½•æˆåŠŸ','2021-05-06 13:20:51'),(244,'admin','127.0.0.1','å†…ç½‘IP','Chrome 9','Windows 10','0','é€€å‡ºæˆåŠŸ','2021-05-06 13:20:56'),(245,'admin','127.0.0.1','å†…ç½‘IP','Chrome 9','Windows 10','0','ç™»å½•æˆåŠŸ','2021-05-06 13:21:03'),(246,'admin','127.0.0.1','å†…ç½‘IP','Chrome 9','Windows 10','0','é€€å‡ºæˆåŠŸ','2021-05-06 13:23:32'),(247,'admin','127.0.0.1','å†…ç½‘IP','Chrome 9','Windows 10','0','é€€å‡ºæˆåŠŸ','2021-05-06 13:26:04'),(248,'admin','127.0.0.1','å†…ç½‘IP','Chrome 9','Windows 10','0','ç™»å½•æˆåŠŸ','2021-05-06 13:26:27'),(249,'admin','127.0.0.1','å†…ç½‘IP','Chrome 9','Windows 10','0','é€€å‡ºæˆåŠŸ','2021-05-06 13:29:10'),(250,'admin','127.0.0.1','å†…ç½‘IP','Chrome 9','Windows 10','0','ç™»å½•æˆåŠŸ','2021-05-06 13:29:26'),(251,'admin','127.0.0.1','å†…ç½‘IP','Chrome 9','Windows 10','0','ç™»å½•æˆåŠŸ','2021-05-06 13:32:27'),(252,'admin','127.0.0.1','å†…ç½‘IP','Chrome 9','Windows 10','0','ç™»å½•æˆåŠŸ','2021-05-06 16:46:37'),(253,'admin','127.0.0.1','å†…ç½‘IP','Chrome 9','Windows 10','1','éªŒè¯ç é”™è¯¯','2021-05-08 09:59:32'),(254,'admin','127.0.0.1','å†…ç½‘IP','Chrome 9','Windows 10','0','ç™»å½•æˆåŠŸ','2021-05-08 09:59:39'),(255,'admin','127.0.0.1','å†…ç½‘IP','Chrome 9','Windows 10','0','ç™»å½•æˆåŠŸ','2021-05-08 10:41:14'),(256,'admin','127.0.0.1','å†…ç½‘IP','Chrome 9','Windows 10','0','ç™»å½•æˆåŠŸ','2021-05-08 10:51:40');
/*!40000 ALTER TABLE `sys_logininfor` ENABLE KEYS */;
UNLOCK TABLES;

--
-- Table structure for table `sys_menu`
--

DROP TABLE IF EXISTS `sys_menu`;
/*!40101 SET @saved_cs_client     = @@character_set_client */;
/*!50503 SET character_set_client = utf8mb4 */;
CREATE TABLE `sys_menu` (
  `menu_id` bigint NOT NULL AUTO_INCREMENT COMMENT 'èœå•ID',
  `menu_name` varchar(50) CHARACTER SET utf8 COLLATE utf8_general_ci NOT NULL COMMENT 'èœå•åç§°',
  `parent_id` bigint DEFAULT '0' COMMENT 'çˆ¶èœå•ID',
  `order_num` int DEFAULT '0' COMMENT 'æ˜¾ç¤ºé¡ºåº',
  `path` varchar(200) CHARACTER SET utf8 COLLATE utf8_general_ci DEFAULT '' COMMENT 'è·¯ç”±åœ°å€',
  `component` varchar(255) CHARACTER SET utf8 COLLATE utf8_general_ci DEFAULT NULL COMMENT 'ç»„ä»¶è·¯å¾„',
  `is_frame` int DEFAULT '1' COMMENT 'æ˜¯å¦ä¸ºå¤–é“¾ï¼ˆ0æ˜¯ 1å¦ï¼‰',
  `is_cache` int DEFAULT '0' COMMENT 'æ˜¯å¦ç¼“å­˜ï¼ˆ0ç¼“å­˜ 1ä¸ç¼“å­˜ï¼‰',
  `menu_type` char(1) CHARACTER SET utf8 COLLATE utf8_general_ci DEFAULT '' COMMENT 'èœå•ç±»å‹ï¼ˆMç›®å½• Cèœå• FæŒ‰é’®ï¼‰',
  `visible` char(1) CHARACTER SET utf8 COLLATE utf8_general_ci DEFAULT '0' COMMENT 'èœå•çŠ¶æ€ï¼ˆ0æ˜¾ç¤º 1éšè—ï¼‰',
  `status` char(1) CHARACTER SET utf8 COLLATE utf8_general_ci DEFAULT '0' COMMENT 'èœå•çŠ¶æ€ï¼ˆ0æ­£å¸¸ 1åœç”¨ï¼‰',
  `perms` varchar(100) CHARACTER SET utf8 COLLATE utf8_general_ci DEFAULT NULL COMMENT 'æƒé™æ ‡è¯†',
  `icon` varchar(100) CHARACTER SET utf8 COLLATE utf8_general_ci DEFAULT '#' COMMENT 'èœå•å›¾æ ‡',
  `create_by` varchar(64) CHARACTER SET utf8 COLLATE utf8_general_ci DEFAULT '' COMMENT 'åˆ›å»ºè€…',
  `create_time` datetime DEFAULT NULL COMMENT 'åˆ›å»ºæ—¶é—´',
  `update_by` varchar(64) CHARACTER SET utf8 COLLATE utf8_general_ci DEFAULT '' COMMENT 'æ›´æ–°è€…',
  `update_time` datetime DEFAULT NULL COMMENT 'æ›´æ–°æ—¶é—´',
  `remark` varchar(500) CHARACTER SET utf8 COLLATE utf8_general_ci DEFAULT '' COMMENT 'å¤‡æ³¨',
  PRIMARY KEY (`menu_id`) USING BTREE
) ENGINE=InnoDB AUTO_INCREMENT=1110 DEFAULT CHARSET=utf8 ROW_FORMAT=DYNAMIC COMMENT='èœå•æƒé™è¡¨';
/*!40101 SET character_set_client = @saved_cs_client */;

--
-- Dumping data for table `sys_menu`
--

LOCK TABLES `sys_menu` WRITE;
/*!40000 ALTER TABLE `sys_menu` DISABLE KEYS */;
INSERT INTO `sys_menu` VALUES (1,'ç³»ç»Ÿç®¡ç†',0,1,'system',NULL,1,0,'M','0','0','','system','admin','2021-05-05 23:18:33','ry','2018-03-16 11:33:00','ç³»ç»Ÿç®¡ç†ç›®å½•'),(2,'ç³»ç»Ÿç›‘æ§',0,2,'monitor',NULL,1,0,'M','0','0','','monitor','admin','2021-05-05 23:18:34','ry','2018-03-16 11:33:00','ç³»ç»Ÿç›‘æ§ç›®å½•'),(3,'ç³»ç»Ÿå·¥å…·',0,3,'tool',NULL,1,0,'M','0','0','','tool','admin','2021-05-05 23:18:35','ry','2021-05-05 23:19:31','ç³»ç»Ÿå·¥å…·ç›®å½•'),(100,'ç”¨æˆ·ç®¡ç†',1,1,'user','system/user/index',1,0,'C','0','0','system:user:list','user','admin','2021-05-05 23:18:36','ry','2021-05-05 23:19:33','ç”¨æˆ·ç®¡ç†èœå•'),(101,'è§’è‰²ç®¡ç†',1,2,'role','system/role/index',1,0,'C','0','0','system:role:list','peoples','admin','2021-05-05 23:18:37','ry','2021-05-05 23:19:34','è§’è‰²ç®¡ç†èœå•'),(102,'èœå•ç®¡ç†',1,3,'menu','system/menu/index',1,0,'C','0','0','system:menu:list','tree-table','admin','2021-05-05 23:18:38','ry','2021-05-05 23:19:35','èœå•ç®¡ç†èœå•'),(103,'éƒ¨é—¨ç®¡ç†',1,4,'dept','system/dept/index',1,0,'C','1','0','system:dept:list','tree','admin','2021-05-05 23:18:38','admin','2021-05-06 07:16:04','éƒ¨é—¨ç®¡ç†èœå•'),(104,'å²—ä½ç®¡ç†',1,5,'post','system/post/index',1,0,'C','1','0','system:post:list','post','admin','2021-05-05 23:18:39','admin','2021-05-05 23:19:35','å²—ä½ç®¡ç†èœå•'),(105,'å­—å…¸ç®¡ç†',1,6,'dict','system/dict/index',1,0,'C','1','0','system:dict:list','dict','admin','2021-05-05 23:18:39','admin','2021-05-05 23:19:35','å­—å…¸ç®¡ç†èœå•'),(106,'å‚æ•°è®¾ç½®',1,7,'config','system/config/index',1,0,'C','1','0','system:config:list','edit','admin','2021-05-05 23:18:40','admin','2021-05-06 07:20:42','å‚æ•°è®¾ç½®èœå•'),(107,'é€šçŸ¥å…¬å‘Š',1,8,'notice','system/notice/index',1,0,'C','1','0','system:notice:list','message','admin','2021-05-05 23:18:40','admin','2021-05-06 07:17:25','é€šçŸ¥å…¬å‘Šèœå•'),(108,'æ—¥å¿—ç®¡ç†',1,9,'log','system/log/index',1,0,'M','1','0','','log','admin','2021-05-05 23:18:41','admin','2021-05-05 23:19:36','æ—¥å¿—ç®¡ç†èœå•'),(109,'åœ¨çº¿ç”¨æˆ·',2,1,'online','monitor/online/index',1,0,'C','0','0','monitor:online:list','online','admin','2021-05-05 23:18:41','ry','2021-05-05 23:19:36','åœ¨çº¿ç”¨æˆ·èœå•'),(110,'å®šæ—¶ä»»åŠ¡',2,2,'job','monitor/job/index',1,0,'C','1','0','monitor:job:list','job','admin','2021-05-05 23:18:42','admin','2021-05-06 07:16:35','å®šæ—¶ä»»åŠ¡èœå•'),(111,'æ•°æ®ç›‘æ§',2,3,'druid','monitor/druid/index',1,0,'C','1','0','monitor:druid:list','druid','admin','2021-05-05 23:18:42','admin','2021-05-06 11:34:57','æ•°æ®ç›‘æ§èœå•'),(112,'æœåŠ¡ç›‘æ§',2,4,'server','monitor/server/index',1,0,'C','1','0','monitor:server:list','server','admin','2021-05-05 23:18:43','admin','2021-05-06 11:35:02','æœåŠ¡ç›‘æ§èœå•'),(113,'è¡¨å•æ„å»º',3,1,'build','tool/build/index',1,0,'C','1','0','tool:build:list','build','admin','2021-05-05 23:18:43','admin','2021-05-06 07:39:24','è¡¨å•æ„å»ºèœå•'),(114,'ä»£ç ç”Ÿæˆ',3,2,'gen','tool/gen/index',1,0,'C','1','0','tool:gen:list','code','admin','2021-05-05 23:18:44','admin','2021-05-06 07:39:31','ä»£ç ç”Ÿæˆèœå•'),(115,'ç³»ç»Ÿæ¥å£',3,3,'swagger','tool/swagger/index',1,0,'C','0','0','tool:swagger:list','swagger','admin','2021-05-05 23:18:44','ry','2021-05-05 23:19:38','ç³»ç»Ÿæ¥å£èœå•'),(500,'æ“ä½œæ—¥å¿—',108,1,'operlog','monitor/operlog/index',1,0,'C','0','0','monitor:operlog:list','form','admin','2021-05-05 23:18:45','ry','2021-05-05 23:19:38','æ“ä½œæ—¥å¿—èœå•'),(501,'ç™»å½•æ—¥å¿—',108,2,'logininfor','monitor/logininfor/index',1,0,'C','0','0','monitor:logininfor:list','logininfor','admin','2021-05-05 23:18:45','ry','2021-05-05 23:19:38','ç™»å½•æ—¥å¿—èœå•'),(1001,'ç”¨æˆ·æŸ¥è¯¢',100,1,'','',1,0,'F','0','0','system:user:query','#','admin','2021-05-05 23:18:46','ry','2021-05-05 23:19:39',''),(1002,'ç”¨æˆ·æ–°å¢',100,2,'','',1,0,'F','0','0','system:user:add','#','admin','2021-05-05 23:18:47','ry','2018-03-16 11:33:00',''),(1003,'ç”¨æˆ·ä¿®æ”¹',100,3,'','',1,0,'F','0','0','system:user:edit','#','admin','2021-05-05 23:18:48','ry','2021-05-05 23:19:39',''),(1004,'ç”¨æˆ·åˆ é™¤',100,4,'','',1,0,'F','0','0','system:user:remove','#','admin','2021-05-05 23:18:49','ry','2021-05-05 23:19:39',''),(1005,'ç”¨æˆ·å¯¼å‡º',100,5,'','',1,0,'F','0','0','system:user:export','#','admin','2021-05-05 23:18:49','ry','2021-05-05 23:19:40',''),(1006,'ç”¨æˆ·å¯¼å…¥',100,6,'','',1,0,'F','0','0','system:user:import','#','admin','2021-05-05 23:18:50','ry','2018-03-16 11:33:00',''),(1007,'é‡ç½®å¯†ç ',100,7,'','',1,0,'F','0','0','system:user:resetPwd','#','admin','2021-05-05 23:18:51','ry','2021-05-05 23:19:40',''),(1008,'è§’è‰²æŸ¥è¯¢',101,1,'','',1,0,'F','0','0','system:role:query','#','admin','2021-05-05 23:18:51','ry','2018-03-16 11:33:00',''),(1009,'è§’è‰²æ–°å¢',101,2,'','',1,0,'F','0','0','system:role:add','#','admin','2021-05-05 23:18:53','ry','2021-05-05 23:19:40',''),(1010,'è§’è‰²ä¿®æ”¹',101,3,'','',1,0,'F','0','0','system:role:edit','#','admin','2021-05-05 23:18:53','ry','2021-05-05 23:19:40',''),(1011,'è§’è‰²åˆ é™¤',101,4,'','',1,0,'F','0','0','system:role:remove','#','admin','2018-03-16 11:33:00','ry','2021-05-05 23:19:41',''),(1012,'è§’è‰²å¯¼å‡º',101,5,'','',1,0,'F','0','0','system:role:export','#','admin','2021-05-05 23:18:54','ry','2018-03-16 11:33:00',''),(1013,'èœå•æŸ¥è¯¢',102,1,'','',1,0,'F','0','0','system:menu:query','#','admin','2021-05-05 23:18:54','ry','2021-05-05 23:19:41',''),(1014,'èœå•æ–°å¢',102,2,'','',1,0,'F','0','0','system:menu:add','#','admin','2021-05-05 23:18:54','ry','2021-05-05 23:19:41',''),(1015,'èœå•ä¿®æ”¹',102,3,'','',1,0,'F','0','0','system:menu:edit','#','admin','2021-05-05 23:18:55','ry','2018-03-16 11:33:00',''),(1016,'èœå•åˆ é™¤',102,4,'','',1,0,'F','0','0','system:menu:remove','#','admin','2021-05-05 23:18:55','ry','2021-05-05 23:19:42',''),(1017,'éƒ¨é—¨æŸ¥è¯¢',103,1,'','',1,0,'F','0','0','system:dept:query','#','admin','2018-03-16 11:33:00','ry','2018-03-16 11:33:00',''),(1018,'éƒ¨é—¨æ–°å¢',103,2,'','',1,0,'F','0','0','system:dept:add','#','admin','2021-05-05 23:18:56','ry','2021-05-05 23:19:42',''),(1019,'éƒ¨é—¨ä¿®æ”¹',103,3,'','',1,0,'F','0','0','system:dept:edit','#','admin','2018-03-16 11:33:00','ry','2018-03-16 11:33:00',''),(1020,'éƒ¨é—¨åˆ é™¤',103,4,'','',1,0,'F','0','0','system:dept:remove','#','admin','2021-05-05 23:18:56','ry','2021-05-05 23:19:42',''),(1021,'å²—ä½æŸ¥è¯¢',104,1,'','',1,0,'F','0','0','system:post:query','#','admin','2021-05-05 23:18:56','ry','2021-05-05 23:19:43',''),(1022,'å²—ä½æ–°å¢',104,2,'','',1,0,'F','0','0','system:post:add','#','admin','2021-05-05 23:18:56','ry','2021-05-05 23:19:43',''),(1023,'å²—ä½ä¿®æ”¹',104,3,'','',1,0,'F','0','0','system:post:edit','#','admin','2021-05-05 23:18:56','ry','2021-05-05 23:19:43',''),(1024,'å²—ä½åˆ é™¤',104,4,'','',1,0,'F','0','0','system:post:remove','#','admin','2021-05-05 23:18:57','ry','2021-05-05 23:19:43',''),(1025,'å²—ä½å¯¼å‡º',104,5,'','',1,0,'F','0','0','system:post:export','#','admin','2018-03-16 11:33:00','ry','2018-03-16 11:33:00',''),(1026,'å­—å…¸æŸ¥è¯¢',105,1,'#','',1,0,'F','0','0','system:dict:query','#','admin','2021-05-05 23:18:57','ry','2021-05-05 23:19:44',''),(1027,'å­—å…¸æ–°å¢',105,2,'#','',1,0,'F','0','0','system:dict:add','#','admin','2021-05-05 23:18:57','ry','2021-05-05 23:19:44',''),(1028,'å­—å…¸ä¿®æ”¹',105,3,'#','',1,0,'F','0','0','system:dict:edit','#','admin','2018-03-16 11:33:00','ry','2021-05-05 23:19:44',''),(1029,'å­—å…¸åˆ é™¤',105,4,'#','',1,0,'F','0','0','system:dict:remove','#','admin','2021-05-05 23:18:58','ry','2021-05-05 23:19:44',''),(1030,'å­—å…¸å¯¼å‡º',105,5,'#','',1,0,'F','0','0','system:dict:export','#','admin','2021-05-05 23:18:58','ry','2021-05-05 23:19:44',''),(1031,'å‚æ•°æŸ¥è¯¢',106,1,'#','',1,0,'F','0','0','system:config:query','#','admin','2021-05-05 23:18:58','ry','2021-05-05 23:19:45',''),(1032,'å‚æ•°æ–°å¢',106,2,'#','',1,0,'F','0','0','system:config:add','#','admin','2021-05-05 23:18:58','ry','2021-05-05 23:19:46',''),(1033,'å‚æ•°ä¿®æ”¹',106,3,'#','',1,0,'F','0','0','system:config:edit','#','admin','2021-05-05 23:18:58','ry','2021-05-05 23:19:46',''),(1034,'å‚æ•°åˆ é™¤',106,4,'#','',1,0,'F','0','0','system:config:remove','#','admin','2021-05-05 23:18:59','ry','2021-05-05 23:19:46',''),(1035,'å‚æ•°å¯¼å‡º',106,5,'#','',1,0,'F','0','0','system:config:export','#','admin','2018-03-16 11:33:00','ry','2018-03-16 11:33:00',''),(1036,'å…¬å‘ŠæŸ¥è¯¢',107,1,'#','',1,0,'F','0','0','system:notice:query','#','admin','2021-05-05 23:18:59','ry','2021-05-05 23:19:46',''),(1037,'å…¬å‘Šæ–°å¢',107,2,'#','',1,0,'F','0','0','system:notice:add','#','admin','2021-05-05 23:18:59','ry','2021-05-05 23:19:47',''),(1038,'å…¬å‘Šä¿®æ”¹',107,3,'#','',1,0,'F','0','0','system:notice:edit','#','admin','2021-05-05 23:18:59','ry','2021-05-05 23:19:47',''),(1039,'å…¬å‘Šåˆ é™¤',107,4,'#','',1,0,'F','0','0','system:notice:remove','#','admin','2021-05-05 23:19:00','ry','2021-05-05 23:19:47',''),(1040,'æ“ä½œæŸ¥è¯¢',500,1,'#','',1,0,'F','0','0','monitor:operlog:query','#','admin','2021-05-05 23:19:00','ry','2021-05-05 23:19:47',''),(1041,'æ“ä½œåˆ é™¤',500,2,'#','',1,0,'F','0','0','monitor:operlog:remove','#','admin','2021-05-05 23:19:00','ry','2021-05-05 23:19:47',''),(1042,'æ—¥å¿—å¯¼å‡º',500,4,'#','',1,0,'F','0','0','monitor:operlog:export','#','admin','2021-05-05 23:19:00','ry','2018-03-16 11:33:00',''),(1043,'ç™»å½•æŸ¥è¯¢',501,1,'#','',1,0,'F','0','0','monitor:logininfor:query','#','admin','2021-05-05 23:19:00','ry','2021-05-05 23:19:47',''),(1044,'ç™»å½•åˆ é™¤',501,2,'#','',1,0,'F','0','0','monitor:logininfor:remove','#','admin','2021-05-05 23:19:01','ry','2021-05-05 23:19:48',''),(1045,'æ—¥å¿—å¯¼å‡º',501,3,'#','',1,0,'F','0','0','monitor:logininfor:export','#','admin','2021-05-05 23:19:01','ry','2021-05-05 23:19:48',''),(1046,'åœ¨çº¿æŸ¥è¯¢',109,1,'#','',1,0,'F','0','0','monitor:online:query','#','admin','2021-05-05 23:19:01','ry','2018-03-16 11:33:00',''),(1047,'æ‰¹é‡å¼ºé€€',109,2,'#','',1,0,'F','0','0','monitor:online:batchLogout','#','admin','2021-05-05 23:19:01','ry','2021-05-05 23:19:48',''),(1048,'å•æ¡å¼ºé€€',109,3,'#','',1,0,'F','0','0','monitor:online:forceLogout','#','admin','2021-05-05 23:19:01','ry','2021-05-05 23:19:48',''),(1049,'ä»»åŠ¡æŸ¥è¯¢',110,1,'#','',1,0,'F','0','0','monitor:job:query','#','admin','2021-05-05 23:19:02','ry','2021-05-05 23:19:49',''),(1050,'ä»»åŠ¡æ–°å¢',110,2,'#','',1,0,'F','0','0','monitor:job:add','#','admin','2021-05-05 23:19:02','ry','2018-03-16 11:33:00',''),(1051,'ä»»åŠ¡ä¿®æ”¹',110,3,'#','',1,0,'F','0','0','monitor:job:edit','#','admin','2021-05-05 23:19:02','ry','2021-05-05 23:19:49',''),(1052,'ä»»åŠ¡åˆ é™¤',110,4,'#','',1,0,'F','0','0','monitor:job:remove','#','admin','2021-05-05 23:19:03','ry','2021-05-05 23:19:49',''),(1053,'çŠ¶æ€ä¿®æ”¹',110,5,'#','',1,0,'F','0','0','monitor:job:changeStatus','#','admin','2021-05-05 23:19:03','ry','2021-05-05 23:19:50',''),(1054,'ä»»åŠ¡å¯¼å‡º',110,7,'#','',1,0,'F','0','0','monitor:job:export','#','admin','2018-03-16 11:33:00','ry','2021-05-05 23:19:50',''),(1055,'ç”ŸæˆæŸ¥è¯¢',114,1,'#','',1,0,'F','0','0','tool:gen:query','#','admin','2021-05-05 23:19:04','ry','2021-05-05 23:19:50',''),(1056,'ç”Ÿæˆä¿®æ”¹',114,2,'#','',1,0,'F','0','0','tool:gen:edit','#','admin','2021-05-05 23:19:04','ry','2021-05-05 23:19:51',''),(1057,'ç”Ÿæˆåˆ é™¤',114,3,'#','',1,0,'F','0','0','tool:gen:remove','#','admin','2018-03-16 11:33:00','ry','2021-05-05 23:19:52',''),(1058,'å¯¼å…¥ä»£ç ',114,2,'#','',1,0,'F','0','0','tool:gen:import','#','admin','2021-05-05 23:19:04','ry','2021-05-05 23:19:52',''),(1059,'é¢„è§ˆä»£ç ',114,4,'#','',1,0,'F','0','0','tool:gen:preview','#','admin','2021-05-05 23:19:04','ry','2018-03-16 11:33:00',''),(1060,'ç”Ÿæˆä»£ç ',114,5,'#','',1,0,'F','0','0','tool:gen:code','#','admin','2021-05-05 23:19:05','ry','2021-05-05 23:19:53',''),(1061,'ç”¨æˆ·æ“ä½œ',1,1,'operation','system/operation/index',1,0,'C','0','0','system:operation:list','button','admin','2021-05-05 23:19:05','admin','2021-05-05 23:19:53','ç”¨æˆ·æ“ä½œèœå•'),(1062,'ç”¨æˆ·æ“ä½œæŸ¥è¯¢',1061,1,'#','',1,0,'F','0','0','system:operation:query','#','admin','2021-05-05 23:19:05','','2021-05-05 23:19:55',''),(1063,'ç”¨æˆ·æ“ä½œæ–°å¢',1061,2,'#','',1,0,'F','0','0','system:operation:add','#','admin','2021-05-05 23:19:05','','2021-05-05 23:19:56',''),(1064,'ç”¨æˆ·æ“ä½œä¿®æ”¹',1061,3,'#','',1,0,'F','0','0','system:operation:edit','#','admin','2021-05-05 23:19:05','','2021-05-05 23:19:57',''),(1065,'ç”¨æˆ·æ“ä½œåˆ é™¤',1061,4,'#','',1,0,'F','0','0','system:operation:remove','#','admin','2021-05-05 14:56:08','','2021-05-05 23:19:57',''),(1066,'ç”¨æˆ·æ“ä½œå¯¼å‡º',1061,5,'#','',1,0,'F','0','0','system:operation:export','#','admin','2021-05-05 23:19:06','','2021-05-05 23:20:00',''),(1067,'æ–‡ç« ç®¡ç†',1,1,'article','system/article/index',1,0,'C','0','0','system:article:list','education','admin','2021-05-05 15:00:02','admin','2021-05-05 23:19:58','æ–‡ç« ç®¡ç†èœå•'),(1068,'æ–‡ç« ç®¡ç†æŸ¥è¯¢',1067,1,'#','',1,0,'F','0','0','system:article:query','#','admin','2021-05-05 23:19:06','',NULL,''),(1069,'æ–‡ç« ç®¡ç†æ–°å¢',1067,2,'#','',1,0,'F','0','0','system:article:add','#','admin','2021-05-05 15:00:02','',NULL,''),(1070,'æ–‡ç« ç®¡ç†ä¿®æ”¹',1067,3,'#','',1,0,'F','0','0','system:article:edit','#','admin','2021-05-05 23:19:06','',NULL,''),(1071,'æ–‡ç« ç®¡ç†åˆ é™¤',1067,4,'#','',1,0,'F','0','0','system:article:remove','#','admin','2021-05-05 23:19:07','',NULL,''),(1072,'æ–‡ç« ç®¡ç†å¯¼å‡º',1067,5,'#','',1,0,'F','0','0','system:article:export','#','admin','2021-05-05 23:19:07','',NULL,''),(1073,'æ¨èå¾—åˆ†',1,1,'score','system/score/index',1,0,'C','1','0','system:score:list','peoples','admin','2021-05-05 15:01:32','admin','2021-05-06 07:15:40','æ¨èå¾—åˆ†èœå•'),(1074,'æ¨èå¾—åˆ†æŸ¥è¯¢',1073,1,'#','',1,0,'F','0','0','system:score:query','#','admin','2021-05-05 23:19:07','',NULL,''),(1075,'æ¨èå¾—åˆ†æ–°å¢',1073,2,'#','',1,0,'F','0','0','system:score:add','#','admin','2021-05-05 23:19:07','',NULL,''),(1076,'æ¨èå¾—åˆ†ä¿®æ”¹',1073,3,'#','',1,0,'F','0','0','system:score:edit','#','admin','2021-05-05 23:19:08','',NULL,''),(1077,'æ¨èå¾—åˆ†åˆ é™¤',1073,4,'#','',1,0,'F','0','0','system:score:remove','#','admin','2021-05-05 23:19:08','',NULL,''),(1078,'æ¨èå¾—åˆ†å¯¼å‡º',1073,5,'#','',1,0,'F','0','0','system:score:export','#','admin','2021-05-05 23:19:08','',NULL,''),(1079,'è¯é¢˜ç®¡ç†',1,1,'lable','system/lable/index',1,0,'C','0','0','system:lable:list','tab','admin','2021-05-05 23:19:08','admin','2021-05-06 05:50:04','è¯é¢˜ç®¡ç†èœå•'),(1080,'è¯é¢˜ç®¡ç†æŸ¥è¯¢',1079,1,'#','',1,0,'F','0','0','system:lable:query','#','admin','2021-05-05 23:19:08','',NULL,''),(1081,'è¯é¢˜ç®¡ç†æ–°å¢',1079,2,'#','',1,0,'F','0','0','system:lable:add','#','admin','2021-05-05 23:19:09','',NULL,''),(1082,'è¯é¢˜ç®¡ç†ä¿®æ”¹',1079,3,'#','',1,0,'F','0','0','system:lable:edit','#','admin','2021-05-05 23:19:09','',NULL,''),(1083,'è¯é¢˜ç®¡ç†åˆ é™¤',1079,4,'#','',1,0,'F','0','0','system:lable:remove','#','admin','2021-05-05 15:02:32','',NULL,''),(1084,'è¯é¢˜ç®¡ç†å¯¼å‡º',1079,5,'#','',1,0,'F','0','0','system:lable:export','#','admin','2021-05-05 15:02:32','',NULL,''),(1085,'è¯é¢˜å…¬å‘Š',1,1,'notice','system/notice/index',1,0,'C','1','0','system:notice:list','#','admin','2021-05-05 15:03:26','admin','2021-05-06 05:48:51','è¯é¢˜å…¬å‘Šèœå•'),(1086,'è¯é¢˜å…¬å‘ŠæŸ¥è¯¢',1085,1,'#','',1,0,'F','0','0','system:notice:query','#','admin','2021-05-05 15:03:26','',NULL,''),(1087,'è¯é¢˜å…¬å‘Šæ–°å¢',1085,2,'#','',1,0,'F','0','0','system:notice:add','#','admin','2021-05-05 15:03:26','',NULL,''),(1088,'è¯é¢˜å…¬å‘Šä¿®æ”¹',1085,3,'#','',1,0,'F','0','0','system:notice:edit','#','admin','2021-05-05 15:03:26','',NULL,''),(1089,'è¯é¢˜å…¬å‘Šåˆ é™¤',1085,4,'#','',1,0,'F','0','0','system:notice:remove','#','admin','2021-05-05 15:03:26','',NULL,''),(1090,'è¯é¢˜å…¬å‘Šå¯¼å‡º',1085,5,'#','',1,0,'F','0','0','system:notice:export','#','admin','2021-05-05 15:03:26','',NULL,''),(1091,'å…³æ³¨ç®¡ç†',1,1,'follows','system/follows/index',1,0,'C','1','0','system:follows:list','peoples','admin','2021-05-05 15:04:04','admin','2021-05-06 07:15:54','å…³æ³¨ç®¡ç†èœå•'),(1092,'å…³æ³¨ç®¡ç†æŸ¥è¯¢',1091,1,'#','',1,0,'F','0','0','system:follows:query','#','admin','2021-05-05 15:04:04','',NULL,''),(1093,'å…³æ³¨ç®¡ç†æ–°å¢',1091,2,'#','',1,0,'F','0','0','system:follows:add','#','admin','2021-05-05 15:04:04','',NULL,''),(1094,'å…³æ³¨ç®¡ç†ä¿®æ”¹',1091,3,'#','',1,0,'F','0','0','system:follows:edit','#','admin','2021-05-05 15:04:04','',NULL,''),(1095,'å…³æ³¨ç®¡ç†åˆ é™¤',1091,4,'#','',1,0,'F','0','0','system:follows:remove','#','admin','2021-05-05 15:04:04','',NULL,''),(1096,'å…³æ³¨ç®¡ç†å¯¼å‡º',1091,5,'#','',1,0,'F','0','0','system:follows:export','#','admin','2021-05-05 15:04:04','',NULL,''),(1103,'è¯„è®ºç®¡ç†',1,1,'comment','system/comment/index',1,0,'C','0','0','system:comment:list','edit','admin','2021-05-05 15:30:15','admin','2021-05-06 05:50:42','è¯„è®ºç®¡ç†èœå•'),(1104,'è¯„è®ºç®¡ç†æŸ¥è¯¢',1103,1,'#','',1,0,'F','0','0','system:comment:query','#','admin','2021-05-05 15:30:15','',NULL,''),(1105,'è¯„è®ºç®¡ç†æ–°å¢',1103,2,'#','',1,0,'F','0','0','system:comment:add','#','admin','2021-05-05 15:30:15','',NULL,''),(1106,'è¯„è®ºç®¡ç†ä¿®æ”¹',1103,3,'#','',1,0,'F','0','0','system:comment:edit','#','admin','2021-05-05 15:30:15','',NULL,''),(1107,'è¯„è®ºç®¡ç†åˆ é™¤',1103,4,'#','',1,0,'F','0','0','system:comment:remove','#','admin','2021-05-05 15:30:15','',NULL,''),(1108,'è¯„è®ºç®¡ç†å¯¼å‡º',1103,5,'#','',1,0,'F','0','0','system:comment:export','#','admin','2021-05-05 15:30:15','',NULL,''),(1109,'è¡Œä¸ºæ•°æ®',2,1,'monitor/sysState/index','monitor/sysState/index',1,0,'C','0','0','','chart','admin','2021-05-06 05:58:29','admin','2021-05-06 05:58:42','');
/*!40000 ALTER TABLE `sys_menu` ENABLE KEYS */;
UNLOCK TABLES;

--
-- Table structure for table `sys_notice`
--

DROP TABLE IF EXISTS `sys_notice`;
/*!40101 SET @saved_cs_client     = @@character_set_client */;
/*!50503 SET character_set_client = utf8mb4 */;
CREATE TABLE `sys_notice` (
  `notice_id` int NOT NULL AUTO_INCREMENT COMMENT 'å…¬å‘ŠID',
  `notice_title` varchar(50) CHARACTER SET utf8 COLLATE utf8_general_ci NOT NULL COMMENT 'å…¬å‘Šæ ‡é¢˜',
  `notice_type` char(1) CHARACTER SET utf8 COLLATE utf8_general_ci NOT NULL COMMENT 'å…¬å‘Šç±»å‹ï¼ˆ1é€šçŸ¥ 2å…¬å‘Š3è¯é¢˜å…¬å‘Šï¼‰',
  `notice_content` longblob COMMENT 'å…¬å‘Šå†…å®¹',
  `status` char(1) CHARACTER SET utf8 COLLATE utf8_general_ci DEFAULT '0' COMMENT 'å…¬å‘ŠçŠ¶æ€ï¼ˆ0æ­£å¸¸ 1å…³é—­ï¼‰',
  `create_by` varchar(64) CHARACTER SET utf8 COLLATE utf8_general_ci DEFAULT '' COMMENT 'åˆ›å»ºè€…',
  `create_time` datetime DEFAULT NULL COMMENT 'åˆ›å»ºæ—¶é—´',
  `update_by` varchar(64) CHARACTER SET utf8 COLLATE utf8_general_ci DEFAULT '' COMMENT 'æ›´æ–°è€…',
  `update_time` datetime DEFAULT NULL COMMENT 'æ›´æ–°æ—¶é—´',
  `remark` varchar(255) CHARACTER SET utf8 COLLATE utf8_general_ci DEFAULT NULL COMMENT 'å¤‡æ³¨',
  PRIMARY KEY (`notice_id`) USING BTREE
) ENGINE=InnoDB AUTO_INCREMENT=3 DEFAULT CHARSET=utf8 ROW_FORMAT=DYNAMIC COMMENT='é€šçŸ¥å…¬å‘Šè¡¨';
/*!40101 SET character_set_client = @saved_cs_client */;

--
-- Dumping data for table `sys_notice`
--

LOCK TABLES `sys_notice` WRITE;
/*!40000 ALTER TABLE `sys_notice` DISABLE KEYS */;
INSERT INTO `sys_notice` VALUES (1,'æ¸©é¦¨æé†’ï¼š2018-07-01 è‹¥ä¾æ–°ç‰ˆæœ¬å‘å¸ƒå•¦','2',_binary '<p>æ–°ç‰ˆæœ¬å†…å®¹å•¥çš„ï¼ï¼ï¼ä½ æ˜¯æ€ä¹ˆå­˜çš„ï¼Ÿ<img src=\"data:image/png;base64,iVBORw0KGgoAAAANSUhEUgAAA/IAAAElCAYAAABHxtmGAAAgAElEQVR4nOydCbyd07n/V3IISQRJUCLmqppCDDGkmio1Va+hlE9qqmu4rWu8HyVcBFUNrRqqLXINKa0OippVRChClRtDcitmEjGE5CCJJEf+/99qn9113vMOa+/1Ds97zu/7+ezP2WfvZ+/3t9e7hudZo2lvb1+a9pg5c+ZSH2BbhR31hdlRX5gd9YXZUV+YHfWF2VFfmB31hdlRX5gd9YXZUV+YHfWF2VFfc3YLFiyIjdN7G0IIIYQQQgghhNQGBvKEEEIIIYQQQkiNYCBPCCGEEEIIIYTUCAbyhBBCCCGEEEJIjWAgTwghhBBCCCGE1AgG8oQQQgghhBBCSI1gIE8IIYQQQgghhNSIXjiDLs3go48+MgMGDChLT9NQXxjUFwb1hUF9Ybj6PvjgA/P3v/+9YkWdWbBggenbt2/VMhKhvjCoL4yepG/dddc1a6yxRi7fJdSpftYI9YVBfWFQX3O0tbWZjo6OLq8v4/Nhnx/i+4NpRzva0Y52+dv95S9/MU888YRZe+21Mz9HCCFl8f7775u33nrLHHjggZXXk7SjHe1oV0e7hQsXth7IE0II0c+wYcPM/vvvX7UMQghpgA7GF154oWoZhBDS7eAaeUIIIYQQQgghpEYwkCeEEEIIIYQQQmoEA3lCCCGkG4D1c5999lnVMgghhBBSAgzkCSGEEGUsXbrUbnqD0wiee+458+abb6baz58/35x33nnm1FNPNS+//LL9vA+PP/642Wmnncy3vvUtuyFZFLyG97bbbjvz2GOPeeuHnrlz52Y+Fi9ebO3nzJljrrjiCnPGGWeYjz/+OPY7//a3v5mtt97aHH744fazhBBCSE+Gm90RQgghJYEA97bbbjPt7e32fwSyzz//vD3qCyBAnTlzZpfPIYD94Q9/aFZZZZXY7/zJT35i7rzzTrPMMsuYLbfc0h73heNq0sBu4tddd539/HvvvWfGjBljevXq1XgfnQIIntExgO+97LLLzC9/+Uv73oorrmi++93vmosuusjqd9ljjz3MCiusYP7whz9kpsfVV19tfxt+/6RJk+xv32uvvcyXvvQlmxYnnnhiI8iPAm3HHHOMOeKII8zxxx+feS1CCCGkO8FAnhBCCCmJRYsWmfvuu69L8JsFgtZ7773XjB492vTu/a/JdBLEo3OgT58+Nhjfe++9rQ1G5Z955hkzbdo0O6qO94V33nnHjuDje9dcc02z7LLLmpdeesmst956NmgHDz/8sA3G8f/QoUPNG2+8YVZddVWz8sore+vGd6+00kp2ZB+dF9H/BZwxjpkBf/7zn20HA5cIEEIIIekwkCeEEEIqYLPNNrNT1iUwxyj2BhtsYP/v16+fDXrxvH///jbQjjJv3jwzbtw42zEwePBg89///d82GJZR9aefftqcdNJJNtjHNP1///d/t8E8gmRMqX/qqafsaDgC+l/96lc2aD/44IPNLrvsYoP6u+++255du+eee5rdd9/dTntffvnlzdixY836669vvwcj5a+99po5/fTTzaBBg8wFF1xg/2KkH+Ca+Oz5559vOyKi/4Pbb7/dahDwHh74beDtt982BxxwQON9dIJAIyGEENKT8Qrk4QDQjna0ox3t9NrJ1GxSH/bff3+zzz77tPRZTHc/99xz7fncCP7POeccs+mmm3ay2Wqrrez0eATX48ePtwH+0UcfbafcI5hG3tl+++1tcP7Vr37VBvd475577jEXXnihOeqoo8zPfvYz20mAUfQjjzzSTnNHhwNG09HBgCn2AwYMsB0O+Czs8L90Jjz00EN2ff+MGTNi/yc9A8xEAVXXk7SjHe1oV0e7pKVyXoE8GmWfi9KOdrSjHe2qsevbty+D+ZqBoBajzc2w66672qnyCLARVK+22mrm29/+tt0g7oknnrA2r7/+ut0kD2ANPkb28do111xjX0Mwj++49NJLu3z/2Wef3XiO4B+PKBi9x1R4jMZjKn4amJ6PR9L/AJ0K22yzjZ0tgOUAH374oe1cwDXwe0n9kWUdVdeTtKMd7WhXRzvMjsPJNFE4tZ4QQgipgLigNovhw4eb//3f/7VBPHj33Xc7TUvPAlPeMcKOzfAA1rxjczoEzj7Mnj3b3HHHHd7XO/TQQ22QjuAfU/mj/4OJEyfaDgT8jh122MH84Ac/sA4LNrz7n//5H6/ryKZ5hBBCSE+BgTwhhBBSAV/+8pfNRhtt1NRnVl99dTtKjU3qMI0dG9FhSj2muQOMfH7hC1/osqYe69mxId4DDzxg19R///vfNz//+c/NK6+8YjeyczfCSwMb0W277bZWB65/5plnNta6Y3YB1q5jF3kBI/YI3DFdP+5/+U0AG/Bh3T9G5JEumLZPCCGEkHgYyBNCCCEV8JWvfKWlNfLrrLOO3SCuWTbccEPz+c9/3u5gjyAcPPnkk+bHP/5xU98jo9+Y6pcFRtndGQPR/wE2x8M0+lmzZtkgHsE8gnvsIYAd+AGm3OO6v/vd7+y6f8wicJGODEIIIaSnwECeEEIIKYlPPvnEPgBG02+44QY7tTwLjE6fdtppZq211rL/R3d690HWtUsQ74Ld6rF2PgkE1xh9nz59euO15ZZbzu5Wf9BBB3XatR7T9X2nxAPoGThwoA3icXY8dtnHLIHHHnvMTJgwwdogkMeRdeD3v/+93VFfiKYNIYQQ0hNgIE8IIYSUBHbvlpFsjDpjajt2ns8CQfiSJUsK04Xz25977rnE93HtV199tdNr2Jkem/JEd63H0XnHH3+8fQD8XjluDmvho7MQELhj0z6s90d6AATl2AcgLm1w3J1L0WlDCCGEaISBPCGEEFIS7733nl1LjtF49zgZHCGHNfN43SVrc7mNN97YjoLHjbILzz77rDn55JODdEMXpuYDjMSngc4K7KqPTfmAO5qOkfpbbrmlYXvYYYfZ340j7f7+97+bKVOm2JF9jOrLhn6YLbDddtvZ3/DTn/7U7s4/depUu87/oosusqP4hBBCSE+DgTwhhBBSEjj/HWA0HtPJBQTJOLc9uns8NrVLC+RlFHzllVdOtPFZP44N6HzX62P0HbvKR8+1xWsI2LEh3syZM2NH0/E6HgKWGWCjPZxRf+yxx9oN+D799FOrWUbZkSbyG/AX/+PamFKfdLYuIYQQ0t1hIE8IIYSUAKaQP/300/Y5znbHyLMWsJM9Hj5go7mzzjrLPsfsgkcffdSuocfzww8/3J4LjzXzYoPA/Cc/+YndCyC6UR2CcnRuIOjHiDw238NI/HHHHWdGjhyZ/w8lhBBCuglegTx2ks0Ca+SqsKM+6qM+6qM+YzcK8z0LnFTDjBkz7NRxsMkmm9jp5O5748ePj51an8aLL75ovve973X5nItsrpdG1mZ3IDpFH6PvJ5xwQmPavICRdBx35wPWzz/44IPml7/8ZafXMcNglVVW8foOop+PPvrI/u2p9TP1UR/1UV+IHWajYTZcFK9AfsiQIZk2qKSrsMOPpT7qoz7q6+n6ME17wYIFmZ8h1YB143feeacdlcdmcDvttJPdLE7AqLRMu2/2ezGSHUrWZncg2iGAPDd48GDT3t5uj9LDSDuWCGD0fa+99or9josvvtg+XP7jP/7DrvXH9P7hw4ebL37xizaIR3olgTPnb775Zvs3rROD6ADOKeip9TP1UR/1UV+IHTq9Fy9e3OV1tn6EEEJIwWAd+EknnWRHqz/++OPGxnGC9s3u4sAIAY7Aw67xslYdHQsI7jfddFPv79lhhx0yZwOsv/76dv08/mK0fr311rMb6mHzwOjsBkIIIaQnwECeEEIIKQEEvmPGjLEj2BiVBxi5HjFihB2x3Gijjbps3oYlE3vuuacN8HFEm4DRawS22EEegTQ6CpLYfPPNrW30O9zrYwQcnQlpQAum8kPrsssua7XivHcX6DjllFO80iMLrLUfNWqU/U6kF3auB5gJsO6669pgHqMUSDcG8oQQQnoaDOQJIYSQkkBQ6q79RvCcFkAjaJUA1gWb5eHhQ9J3+Fzf93uKAHs+JO37gE6EZkb9CSGEkO4GA3lCCOkmvP7663bjMEII0QJOISCEEJI/DOQJIaQbMGzYMDvNGMeARcHrPjva5203d+7c1PPNqU+vPuwij435zjjjDJX6tKcf9f0LLOngUYKEEJI/DOQJIaQbgGnW++23X+x72AVVdo1OI2+7ZnZ9pT5d+q6//noboCXlqar1aU8/6ou3I4QQkh9dD6QjhBBCCCGEEEKIWhjIE0IIIYQQQgghNaJXe3v70jQD3ylTVUF9YVBfGNQXBvWFQX1hUF8y+++/v91vYeLEiYk2TL8wqC8M6guD+sKgvjCorzlwUktHR0eX173WyFexNot2tKMd7WhHO9pVY9e7d2/Tq1evVPs6/A7a0Y52tKMd7epuhz1r4gJ5Tq0nhBBCCCGEEEJqBAN5QgghhBBCCCGkRjCQJ4QQQgghhBBCagQDeUIIIYQQQgghpEYwkCeEEEIIIYQQQmoEA3lCCCGEEEIIIaRGMJAnhBBCCCGEEEJqBAN5QgghhBBCCCGkRvRqb29fmmbge4B9VVBfGNQXBvWFQX1hUF8Y1JfM/vvvb+bNm2cmTpyYaMP0C4P6wqC+MKgvDOoLg/qao62tzXR0dHR5fRmfD/v8EN8fTDva0Y52tKMd7XTb9e7d2/Tq1SvVvg6/g3a0ox3taEe7utstXLgwNpDn1HpCCCGEEEIIIaRGMJAnhBBCCCGEEEJqBAN5QgghhBBCCCGkRjCQJ4QQQgghhBBCagQDeUIIIYQQQgghpEYwkCeEEEIIIYQQQmoEA3lCCCGEEEIIIaRGMJAnhBBCCCGEEEJqRK/29valaQa+B9hXRU/SN3v2bPP222/n8l3CggULTN++fXP9zjyhvjDK0vfee++ZiRMnNv25jo4O09bWVoCifKC+MDTo+/9tnJk+fXqlGurMGmuskfjeZ599Znr31jseoFEf9IgmjfpcqC8MjfoGDx5shgwZYp8vXrzYLLvsshUrSob6wtCib6uttjK77rprl9d7UvyWB/Cl4FNFWcbnwz4/xPcH0651u8mTJ5uXXnrJ7LjjjpnfN3/+fNOvX79Mu48//tgsv/zyuX1f3nbUVw99s2bNMgMHDjQbbrih/f/TTz81yy23XOb3zZs3z6y00kqZdr7fl7cd9dVf3yuvvGIGDRpkttxyyy52CPJXXHHFzO9btGiR6dOnT+l2VepDx/EzzzyT2hHo6yj6BjR522nUB2dsl112sc99729V5Zf6upc+dOxPmzbN7LXXXvb/OXPm2MA+i6r8F+qrv75PPvnEPPzww2a//fbrYqc53tJot3DhwtYDeaIHjI6MGDEi0843wyAAk97ZPL4vbzvqq4c+jMivtdZaZt9991Wpr1U76qu/voceesi8+eab5tBDD1WpLw3q6176oOfqq682Rx55pEp9cXqpr/vogx601TvssINKfXF6qa/e+jCLGIE8KQ5dc34IIYQQQgghhBCSCgN5QgghhBBCCCGkRjCQJ4QQQgghhBBCagQDeUIIIYQQQgghpEYwkCeEEEIIIYQQQmoEA3lCCCGEEEIIIaRGMJAnhBBCCCGEEEJqRK/29valaQY4D9AHnBnoY5u3nS/dQd+DDz5oll12WbPTTjvl8n3N0B3Srwg7X7q7vkmTJpnFixeb3XbbTaW+Vu18ob4witQ3ZcoUe5btfvvtp1JfHlBfGGXpe+edd8xvfvMbc9JJJ6nU1yrUFwbzXxjUF0aR+t59911z0003mZNPPlmlvjwoS1///v1N794x4+8I5NMeM2fOXOoDbKuw60n67rjjjqU333xzbt8HelL6FWFHff/gzjvvXHrrrbc2/X1MvzA76su2mzRp0tIJEybE2mnQlwb1hdlp0wc955xzTqf/y7huq3bUF2anTR/zH/WVcV3XbtasWUvPOuusWDsN+tLQpm/BggWxcTqn1hNCCCGEEEIIITWCgTwhhBBCCCGEEFIjGMgTQgghhBBCCCE1goE8IYQQQgghhBBSIxjIE0IIIYQQQgghNYKBPCGEEEIIIYQQUiMYyBNCCCGEEEIIITWCgTwhhJBuydy5c80nn3xiFi5caJ8TQgghpHg+/PBDM2/ePLNo0SL7fMGCBVVL6pb0wmHyaQYfffSRGTBgQFl6mqan6LvjjjvMCy+8YJYuXWo222wz841vfCMHdT0n/YqC+oz5wQ9+YCZOnGifjxo1yowdO9b7s0y/MKgvnYsvvtjcdddd9vlWW21lLrnkkk7vV60vC+oLQ5u+2bNnm+uvv96cfvrp9n9t+qJQXxia9KEeRP332Wefmc997nPm17/+te3k1KIvDk3pFwf1pXP//febH/7wh/b56quvbn7zm9+YXr16Nd6vWl8W2vS1tbWZjo6OLq8v4/Nhnx/i+4Np15rdrFmzzL333mufr7TSSpnfqfV30K772e2xxx7mgQcesM933313+74mfbTruXbImxLI43n0s1Xro13Psbv11lutU4tAaurUqeZPf/qTKn206952X/va12zHJhg5cqT1I30DeU2/g3b1sUOek0AegzwrrriiKn11s8PMwrhAnlPra8Iuu+zSeL7rrrtWqISQzuywww6mT58+9rHTTjtVLYeQBhiF79evn1luueVsIE9IVcCRRRAPEEj17k33i5TH4MGDzfDhw+1z158kpCgQuG+33Xb2OeOW4mBLUhO22GILWxEPHDiwURkTooHll1/e7LjjjmbEiBGmb9++VcshpAHy5s4772yXI/Xv379qOaQHM2jQINuxBBhIkSpARzvqwa233rpqKaSHgDyHgB4xDCkGr6n1pHrQe48efUytYE9+Obz//vtm+vTpqTYffPCBddCywCYfPkFu3nZl6VtzzTXNkiVLzCOPPKJSX6t2RejbZJNNzNChQzNtST589atfNW+99VbVMgixTu2LL77YCOhJOD7tdHdqP0LsEMR/4QtfMI8//rhKfVGq1JfVTiPf/fWvf2X6Zdjh74Ybbmgee+wxlfrSqELfeuutZ5e9NAMD+RoBJwBrmkg5oLF75plnMoOuOXPmlKSoNcrQJ5XTjBkzmv5sT0o/BJSvvvqqOfbYY4O/i46Enx06mFZZZZVGJ5M2fWnUwZFgIOVvh0AKTi0DqWw73w5P33a6KrS1b2ussUandlqbvihV6PNpp5HvsNeF1nwnaLi/Q4YMSfQNNehLo0x9yHfTpk0zo0ePbupzlQfyr7/+upk8eXKX1z/99FO7rjGL9vb2LhsoxOH7fXnb5akPmxzAbsKECSr1FWHXqj6MeGA6bShYxpDXCQGE4PQJbFyZB3Qk8oH6/kUrjgQDqeaIOrXa9EXRGki5sJ32B7M6seSIJOPbTjPf+YHj57CHEkmnVf+w8kD+2WeftaPMnGpG8uLpp582jz76aC6BPCGaoSNB8qRVR4L50B/fTuyeTJ4dnqQzDOJJ2TCIL5bKA3mAnnzZ2ZCQUN599106AYQQQtTBIJ4QQkhecNc0QkiuYOremWeeaQ4//HAzd+7cWJsrrrjC2sCWkLJg3iSE9HRYDxLSffAK5HE4fdajVTtWEs3DSjgbrMkJzad1SjusJzzssMPs31bez5MXXnjB3HvvveaEE04wK6+8cpf3kWefeuops//++/fIaX5JebPZfFqn/JkHUu+hbou+dvvtt3t9B/NmNsifoDvWk3mCPLf33nu3VKeyDc/Gt56sS/rgfrp1V6tk5TtcIy1fAdaD2WTlPy35DvcK9/tvf/tbU+81Y1Mm0JFnvSe/zy17KDsoQ1p+s0ta+/vZZ5/FfsZrav2AAQMybXCRVux6aiXhggy29tprm3322cfLXirhq6++OrUSRiXdU9MXa3Li8mMz+bSnpR0chPPOO6/pzyEfyrm0qHz/+Mc/2ufHHHNMF1vsW4BjFJ9//vnE94888khzyimndHlvjz32MJtvvrm5+OKLU/XgOy677LLYsqGBpLzp4pNP65Y/kTfOP/98s/rqq5vjjz/evoaG9JxzzrF1IHZLT+Ptt9+2m/vBuWz1+syb2ch6xu5aT6Keu+aaa7zyXBJwBPEdRx99dEvfwTY8G996sq7pgzyEehD1WhLYYd7Np8gXqMOS8p0bgCfVMawH/cjKf1XmO7SbuIdnnXVWl/fceOLDDz+0J5BssMEG3t/tky+B5E2cbBGXT5rBzec41QKbXaKOFL/SR9PZZ58dG0O9/PLLdsNOBO51IK39RdnFpudRVKyR1w4KTSsZFZUaClpagceNwZE0cAqGDRuW6RSwEiZFgUrQtzMJle71119vjjjiiEZlC5CP4aBefvnl5u6777YVsptX4GiceOKJ1oHFuaL33XdfrEONMie2cGblGnDC3XKF/5988snG//gcrk304QYvAhyMwYMHmzvvvLMR3CcBG9g245S4MG8SCcB33333loN4tMHjx4+3TiU6PuM6P6MBWPTzbMMJ8gbqtGbACU/IF3hE8x3u/V577ZX6Puoi1oP1BydfjBgxwt7LQw891L4ms3zQUY73ADYTR0DYbKcDjpxM6+hEPYoOeID73uzIdloHPo6dREcU8p7rWyZpkgGCOKSu3WKLLWydnAXy869+9SvbUVanDkIG8p7ENXxxlZgglVcWyCzItKigfZxZVsLERQJq4YADDrB/fTqRWkHyDByFaA8oKneca/6HP/zB5reRI0fa/CMVIypb5F1o23TTTRt5Dk5xEVqJHpBvUG9EO35Qb6H+QaOOHvM0xwF1GYKnXXbZpcv7yFdxARWuhzqVeZO4ATjqTLfedEka2RHQBgOcjBLNF65TmeQ4sg3vOcQNAiHfpXX0JCGdUFKnRXHzTdQfdb+D9WD9Qf6ROkqWUODeXHDBBQ0b1EUo97ifeLggnkFHIAJ/GeWWfHrqqaeW8RNS8R1QykJm8Z177rmZeRfphQ5Q2Kf5IhphIF8iWdNDEBzFORfiWLASJnGgYUfFg2AIFRZ6YeM6kTAFSgJ9oZmRGTf/xjkLyJMTJkzo9JpbIR911FGNqdGSF7M6ruKIa5jc/3nsoC6kgQQyeuCCugo95kn1lARgsEHd574vgRNGINIaf+ZNgiAI91jaTxfJRwiqMRqeBIIvCazj2lO5RtL7bMN7FjJaGbesqBkQrI0dO9bWgcgnyDNvvPFGp+/CFGKcAIV8kzTIxHqw/riDKS5uh5H4hFh6MnHixIZ/F+3Uw+BhNK+gjrrxxhu7+IpRfEa4myFp5jN8TYzGu8h6d59ZfCgzKBNZuHV3nYJ4wEC+ZLKmrLhEp4ywEiYhNJP3osj6eVTecY6wEJ0hEEfaMpW00QSBo031QkYgk9YD475hFADOBGyjdRam5KcFR74wb/Zc5N7jHsbVXch30ZFxF2mLJR/HfQfuL66Bjvek+pFteM9ERgYRyLcCjtNFkI56EvkCS0OQH1HHIP+4+RvvI7+OGzfO/PCHP7TtvpsfWQ/WG9RPN9xwg30erZfc+4L7/Morr9h18lKnofMHeTCrHY36itEOc3dqvZC1BDkr30Sn6CPfYFo8ltLhNzSLzOJDIJ9FVvugHQbyNYOVMCkbmdLnO3qfNPUvDekVJt0Lqa8Q3KTVO8hTyFvIA/iMm3/wuWbXkibBvNnzcNvMrL1uoss2JL/I/g4+3xFdNx+tN9mG9zwwS86diZk0qhqH5B932rRMo5Z10eiEuuWWW2xw5Y7CJ91n1oP1R+7H0qVL7QAL6gx3KRmC2DiwEV4ocR2SIG0JcjPIpo5yqkKzgby7jCorkPf1UTTDQN4TVLhxazNBUqOLxrQIWAmTKkg6qsZF8qWPswrctYLSyxxdgiLlC/kejRBHm/TjjhRE1xxLIBFt8N1gHsfF4DkacJ8ddJPWyAMJapg3ex7Ia3BoMTp56aWX2qVHrrOWts+Ne1yRjBYl5d2s16OwDe85yFplgGUVyGuoq6ROEWSUE3nUZ1RQRkCRlyTIl/pzm222ScxfrAfrj3vvsVwN93zMmDF2zw3Ztf6QQw4xzz33nF1SiXuHfDh79myz4447Zn5/3DJMEG1nW9nrwQcsNcKspFYDa3S8onMrKwaTfOvTOaoZBvKeFLXZXbOwEiZ543sqQ5pNXIWe5azGTc8CspsvN3KqL7h3WJ8XbSBlF1l0jGJNZ7TelGmDyEu496hz8xqNd2He7BnIbI5WznovCrbhPQvcI9SFElSssMIKds+QVvc8cEfzo/Ur6s+rrrrKdqJijXRWkMV6sH7Iju+yxNHd7A5p/NOf/rRxAtZ7773X2P0d+fDNN9/sst5cmDFjhq1f0Im+/vrr23XyEu/47kWT1+9DvYgOh+g+ED7IxrrIk/jt6LxIo+5BPGAgXzJJPV1pyFESUVgJkzSwPur73/9+p9FMN++Jg5h1fIg4jdHRrCrIOiIP+qIjHaR8sA4vrp5wj6BLy0utrAuuGuZN0ixsw7s/uE+YzYmgBGAEFbOU0C7jPQQa0fPAo/cMRDebRZCS1rmOe4zpxXGzooqE9WCxuEvNkE+w7NHtsMHIvIBgGB3nCMQRe/Tq1csMHDiw8b7bKYQ9GC666CLbRs+bN6/cH/VPkMflVIfhw4fb07zw29wz4GVmQdJ+ExggwIwUpBPKSBR34Ko7BPHAK5BHb2JRdrgpPWUnVhQknIPs9nSlkXY+YlF0l0p40aJFifnRN592h7yZtMFdkoOYJ2lHPAl573xaB9LypkuWTd3yp4zGy47czX5Wpur7khYkMW8mg/wJumM9mRT4JL2OPFQ3ekIb7qI5/6GdxUgngndMFwbw/RBkI4h66qmnOm1sKGBEFQEagirpaEcedQNyvJ7V4YlTEWQjUdS90VmlrAeTycp/VeW7uNOv3AEad/Yw/D+MwsMWQS0CXLn/0qGHARr4gm4+RFBf9m9DecBsAtS50IW17dCEPI/gPIrkW5zi4IJyERecN7MvRZWktb9tbW2xn/EK5PyBz7oAACAASURBVAcMGJBpg4u2Yqe1AtZA9FzIKKyEk+nTp09sfmwmnzJvhtHKOtA00iriaICnuac1KW+6+OTTuuVPrFWO230e/2PkwOd++Y4sueub42DeTAb5E3THejKa9r5r5F3S9suJez1tGjvb8GR860nN+Q+DN8gTcQM3GG0EcccdouMdO9Mj+JZjCJNmzSUdbYfXERgdfPDBiR03rAeTycp/VeU75A1Mq4+75zKTQ7Sh7lhrrbVsoI68iKBdkA49mZovYG05vhftdXTfGXeNfNxyyrS6MQsE6/gsdqkXpNML7LrrrvYvOjLgRwhZcRJA2UEdj7oYx/HJ3jtxyG75vscy501a+4sy3dHR0eV1Tq33ABk7j83u8D159nSxEiZRbr75ZlvJI+Dp27dvpVp8nFQhLS/LzrxoXKIOSdwURKIPOfkAveduw497u/HGG9s6tMw6hXmTtIrv6R0gaxo72/DuTdLooFsfJuUjTCeWExPkO9zgXOpR1C0YuZRRfvk+fO7RRx+1tkmwHqwnskQNfp4gO727I+uSN9C++s6EwxIQ2dneXaLjkjSjs5m6MYqUlWjHQhScAIGZzT7Hyrnf7XaEpe2CL0tg6gQDeQ9wY+MydLOb3fme4egLK2Ei91Q2c0KjLWukqt7gyddJjRv5Qp7EhkBwSFG+6HTWFzkKBg0vRplcUKegpx15BY5BETvgxsG82TMpe2p91jR2tuE9E6xxRjASNxovREflce/w2GSTTWx96t5PTKGeM2dOYwNRWcaUtQM+68F6MmTIEHvvMDouZTtthgfAQGLWcgDENFgKgk4kBMzNUMaSHbezIhpw4z10bJx88snBPkQVSwtC6F21AO24GyuE3FhZD+Vz9IMvKMhyJE7aI84ZiVbCKBh13GCKFA+mZGUd/5UnyLNY24c8KXmYDkJ9wcgTpsIdddRRiXUoRqYQ6I8dOzazR75KmDfriexPg2mVbtuI/zGKhCDEp91sFQTTCLTR7rqwDe95iC/oc5wr/EXUnW77i0ANQRlGZQVMc0b9KZt7yRnize5F4gvrwWrB/UZZx4wLgHuBoD6ap2Tk/LjjjrP/yz4NSaAjCFO6tS7ngX4E2dEBAYBR9mZ9B5QjFymbeQ64lgFH5DNwd1kOQTZrcNd/VIVsnILflLW2hNSbtFMSkirruI3FWtmgrNnRJiFuPWDWRiXRaaNFnW9KmsM9YivttA7cL+yYe9NNN6UezQRnJem8+ChpgRjzZs8iutFTq2Dkc+nSpdZp9P0uOUc8T+eQbXh9kSM2o8TtKu7uUO5+HgG0HCsG3HXCCN5uueUWOxqfld9YD9YbdPC468Xd2RuyKR6C3iOPPNJ29KDOSNqPBvUUzqHHKVmSb+KOsRRCgn3kXXSsunk9C+QVBNmYuh+Xr+PKTxIy2yXOn0DHLjanrBMM5FMI2WXZRc41ROWb5+YJrIRJFq3sWi9OQaiDGDJtL0qS80N0g/vfzCghRu2RL+GgxNUtZW92x7xZf9wR0FCQJ7fddtumj5CFc4jdw6OwDe/ZuEdhAdRvST6i2ykqpOWdaB6Nm/rOerCeuDvXu20iZv5gEGavvfay9Z17f3HvkQekAxC+oXyHu5+XO9rd7Br5JKArGjCn5XUXqdeAu/5e9pBwy4Dvd4JmfRPNMJBPAYE8dkXFmousns24UUwUFnwOo/pJ00FCYCVMBDhjEyZMyHzN5708aKaC7C6VKQknKV/67EzrkpanmDd7FrJ2tJnZcO7RYFHydADZhvcc4u5z2m70cZ/Psz5iPVhP4o4iFPA/ji7E/YrruJFgHgOLCIqjsz0wRd/9rqRO82b9x6wjMZNwZx5Ffws0RPVH6Sn5loF8Cu7RB0nvuw1n0ihm0s6lIbASJoQQQpKRae1J65HdNjx6PjNG0dM2IwuFbTghpFmyOn+yAtwyNqULIRpX+XZ09WQYyBNCCCGk29HMTA6fER5CCCFEE16B/KxZszJtsNNhK3buuZeE5AWWRMTlx2byaUdHh/nTn/5kbr311mA9vXv3Np999lnpdr5QXxjNXHeHHXbIzIM++ZR1JykC1J3Ap54EzIekCJLa8Cg+7XR3aj+or/jr+rTTzfiHPTH9qK81O1neEJf3+vfvb78jSq/29valaV+KyhRnFmYBOzifzdrh+Jff/va3XeywMyx2IMwChamtrS3Tzvf78rajvmr0feUrXzGjR4/uYtdqPk0Cha3I8lEXfdjIacqUKeaRRx5Rqa9VO836Hn74YbvRyzLLZPfHovGIawCKtluyZEnl+nAu7scff2yGDx+uUl8aVejbbbfd7H4uvuXjpZdeMjfeeGNp+pqx4/2trz5stJW1qaDm+lmjPgSdmKGC/R806otCfd1DH9oTlPt77rlHpb4ktOnDUrHFixd3eb3yqfW77LKLfUSpa0IXqQ9nLU+bNq1xdqQ2fUXY5a2PkO7Cl7/8ZfP5z3++R5XfVuxwhi6O6Ik7QlSDvjSq1OcL8iEeZevTnn4MpIq3I4SQnk521yghhBBCCCGEEELUwECeEEIIIYQQQgipEQzkCSGEEEIIIYSQGsFAnhBCCCGEEEIIqREM5AkhhBBCCCGEkBrBQJ4QQgghhBBCCKkRDOQJIYQQQgghhJAa4XWOvO+ZsrQr1m7JkiWVXJd2tMuyW7x4cZf3NOmjXc+1Q725dOnSxM9VrY92Pcdu4cKFXd7TpI923duO+Y92Vdih/f3ss89iP6tBX13s2traYm29AvkBAwZ4XZR2xdots8w/bpdWfbTruXbLLrus/SvvadNHu55rh3qzV69esZ/ToI92Pcdu+eWXt39ZT9KuCjvmP9pVYYf2t3fv3l0+q0VfXezQEdfR0dHldU6tJ4QQQgghhBBCagQDeUIIIYQQQgghpEYwkCeEEEIIIYQQQmoEA3lCCCGEEEIIIaRGMJAnhBBCCCGEEEJqhNeu9YQQQuoJjn6Rh69tT7EjhBBCSLEsWLDA3HTTTZ1ea29vNyuuuGLiZ1ZZZRUzePBgM3/+fNOvX7/Ma+RtN2fOHDNr1qymv2/IkCH2URYM5AnpoaCSeuyxx+xzHGshR9OkkWT39ttv22Mx7rjjjqa+b+7cuWbllVdu+bpF27Wib/jw4Wbo0KGZnymDW265xfzoRz+qWkalIKBfbrnlzFFHHdXlvU8//dS+FweOzNlqq60y7Xy/rxU73+Nq3O+bN2+eOf300zM/UwVZnSvaO35C7di5VB1Tpkwx119/farNkiVLGsf85mHnW87xfYsWLTJvvPFGqh3yD+qlLJLsFi9ebN/beuutM78jDp9ra+OQQw4xJ510UmXXnz59urnkkksSzwB3gQ+Vpx3yVJ8+fRLfh98C3w1nvON4uCxatUOgu9pqq1k9LsiP0ddcrrvuOnvv8HtRRrLI2w42rXzf2LFjzdVXX535ubyoZSD/zjvvmDfffNM+9+0xQW9Q3759S7fLUx8KHQrIU0891dL3DRo0yKy//vqZnyX54DoOeTsIeTgScPhRiSNQCK3IUVHjdam8fL8vrUHabLPNzLrrrmufZzVIQt52CKTw23y/78UXX7Tl/dhjj838TBnAabvwwgvNtttuW8l5qEiLpJ7pO++801xzzTUNnSEOapbdxhtvbC666CJvfTNmzDAPPvhg4z5WdZ5sWvrFfR865iZPnpxpXwV//vOfzRlnnFG1jFTKCrSlU6mZQA+PkSNHptpp6EiKe6/KQErA6N+oUaPMAQcckGhTZfl99tlnbb1zxBFHFKoP9aL4Dr76Hn/8cTNp0qTM8lt1/Rfl1VdfNbfddlvm54sEscpOO+1kDjvssEzbstPvkUceMVOnTjW777676d+/f+b3ffLJJy3ZYTAkbgQ8TR/eQ77bfvvta9P+ymfKxiuQh0hNdk888YS59957rXPm2yCVybvvvmvuvvvu3Hsv4WQgODrnnHOa/qz0GElg5L7u07NXFa4+FKhTTz010VZbPkU+2G677cw+++zj9T1FkFZhoUNo2rRpXg1MFjIC5RO8++h7+OGHzcsvv2xGjx4drC0E3wpfQL00e/bs1LxTZj5F5x8euC9oXLMo0w7l4+STT7adDGWQlE5xr0MzOmfc97TVL3F26HTCKIeW/OeCzuXjjjvO7Lvvvl72edBM+UXHK+pEON1Fgumia6+9tn3uq+/55583999/vx1dLJNm678or7/+urnrrrtUlCPUgygb+JvEsssum/p+kXaob+CjlakP+KZfVr3S7PeVYaehHpf7oCldBNTJ8K9XX311r+/yrQuidvDjm2l/Ae6d+zmN6RdnF9Wd53WTYjWvQL6KnpA0O4w0o2f1oIMOCu6xK8Lu0UcfNeuss47tdc9TH0Y5MdW3FX1oUMePH2/OP//8TnYa0y9JH5zApM9UpS8rn6IXEjMhqtKHRgTXjwOfh0aN+lZYYQU7wi3fofH+xtlher2ru2p90CMzc7SlHzpgoQ3vV33fomA0oY75D/UNnHgt+c+1k7yYtlQl7+uiY8NnaQy+D/ccbQ18i7L0NRMop93XqvXVoRwh/6HOSbOvUh/KhlZ9gPmvNTtZcqcpXQTJcxr14T0Erhr9gzQ7V3fe14W/jE6CKLWcWt9TwegWKlM8soja4bl8Ps3O9/u02RFCCCGEEEJIT4HHzxFCCCGEEEIIITWCgTwhhBBCCCGEEFIjGMgTQgghhBBCCCE1goE8IYQQQgghhBBSIxjIE0IIIYQQQgghNYKBPCGEEEIIIYQQUiMYyBNCCCH/5L333jMffvihPYMczxcsWFC1JC+mTp1qXn31VTNnzhz7vC66CSE6+eyzz8zs2bMb9SGe16VeefbZZ820adPMu+++a55++mnzwQcfVC2JeIJ2F+3Y4sWL7XPkvTrw0ksvmRdeeMF8/PHH5plnnjFvv/12Kdf1Okceh9NrskNF8umnnzbep75su08++cQsWbIk9rMa9PnYdXR0pH6man1RkA8WLlyoKh+4oHJctGiRSn1IO1ebNn1JdrjfUd1V6bvxxhutM7P88svbBmb06NGlXNfXDnUk7rO2/HfVVVeZW2+91T6fPHmymTBhgunVq5cafUk88sgj5vrrrzdLly4177//vrniiitU1fcoG267WNZ1fe2i7XZZ102zQyAlHUvt7e22HK+00kq2TGvQl2YHh3bmzJn28Ze//MWsvfbaZuDAgZXoQ12IoA73F2XjsMMOK+W6vnZoi+fOnWsDgHfeecf069dPjT7Uh3/605/s8yeeeML87ne/s76kFn1JdtD6y1/+0j5/8cUXbd1Ytj7kNZRf3Fd0sq6yyiqlXNfH7q233jJvvvmm1YfnQ4cOLeW6PnboeDnjjDPs8wMPPND88Y9/VJOv0uxeeeUVM2bMGPv/6aefbstK9PMh121ra4u19QrkBwwY4HXRsuz69u1rG128X+Z1m9G33HLLqdLXv39/s8wyy3T5rBZ9PnbIxEmf0aAviuZ8OnHiRPN///d/tgJHg7fddtup0oe069OnT+M9bekXZ4dgz32ssMIKlepD592TTz5ptXzxi19Ul36oI3GftZWPo48+uhHI77PPPmbFFVdUpS/Jbt999zXXXXed/X/PPfeM/VxV+n7xi19YZxqBFB5I4zKu62uH4EnKbe/evW17qUXflVdeaW655Rb7HKM8d911l23LtehLspsxY4a59NJL7fM33nij4dRWoQ+B52OPPWafr7vuuur8iB/96Efm3nvvtc//9re/mRtuuEGNvlNOOcXceeedtlPpoIMOsp0xZVw31O7ggw8211xzjR0A+sY3vlFJO/Ozn/3M/OEPf7DPX3vtNXPRRReVcl0fO7RxUq9Mnz690dGhQd9XvvIVWwfDhxk5cqRZdtll1eSrNDvoht+Hjpsvf/nLttM1z+uiMxz5OUrtptY/9dRTttcDPUl4TrJB79bzzz9vpxYxzcoB04JQGFER4bk2MLIDpx8B/e9///uq5XRC0g6dIHhel6l8P/7xj82FF15o01V6Zatk1113tX8xQjtixIiK1dSHz33uc3b0EMCJqAsYUfnCF75gn3/pS1+qWE1nEEg9/PDDttMQI0DauPzyy+0IChz/733ve1XL6cTxxx9vOxcARqeSgnhtoGNJRpD22muvSrXsuOOOjee77757hUriQQAg7LLLLtUJiQEBhcwQcHVqB7o33nhj+9y9/2Wy8847N55/7Wtfq0RDEm4+05bn0Mm/ww472OfatKWBwSfJa+J/lUHtAvkHHnjAXH311eY3v/mN7eHVBqZvYQoNevgRPGsAQdHZZ59t/vrXv9re/bqBnmA4gghI8Bf/awfpfMEFF9i/559/ftVyurDTTjvZ9MQDDpcmfv7zn5sf/OAH5re//a0dDcCobR1AxY0RPaCh8dliiy3MqquuaoYMGWI22GCDquV04uSTTzaXXXaZDVIwBVwbSLtBgwaZz3/+81VLaYptt93WrLPOOmbNNdesWkonGEi1DgOpcNDBtcYaa9ipzVtttVWlWuJAfYPlEhh5xCwgbWy55ZY2uELdUifQgY02UDo4y2brrbe2I8u4t6NGjapEQxK4pxg9xn3V1skA0ImOTksJ6OsC6jrcb9z7sqhH164DGllMVUEAsscee1QtpwsY4ZRpUZg1gAC6ajbbbLPGc22ViQ/oHDn88MPtc0wBx3otbY5qFOTT22+/3T7XWEliqjWcGox277bbbqo2E8Go02233WafVz2S0wxwGtBoIy2rcrgxLRNTSBEgo1MBQTw68rBuHyBPYr0ZguiVV165Eo0A5QMjtKDMtMJmTdg3QMDa47iponBYMT0OHccA5SStQ2nDDTc06623Xv6C/0lUdxTRh+AJWu6///5UO6Fo3YIEUti8SHMghWmLWgMpdMTXMZDCoEaRgVRW2QDI98jrKNN//vOfU+2kfJRVNgCuiToRSxCi03E1gKUw6JRBR0OdQFkuauAH+Q77kqQtNQDI+8h3Dz30UOZ3Iv8NGzaslHyHAB6+HwYek5YSFYFbXpPaX4BBO5RBpHFW+wtg67MHQauk1TOuPrRxG220kXnwwQdT7YQ86pnaBfJo0LBmEQ0upg9iMwlNIFCWtSZYl6OBwYMH22AeAbEWTc0A7QhIZs2aZTbddFP1QTxAbxxGUdCIYHpV3LqWKsFUTYzEY3frpA00qgKdDLjH2CRp++23r1qON5hWhToJywGKDJIRmD/++OP2ebQhxLIjNMwI5LDmEvcXREdBv/nNb5rvfOc7ZrXVVuv0Opw1nzVcoWD2AmZdIO/hfmPtVxkgGMImXDJDAeVg3rx5XewwUoHG1X1POkOiIFBBmh977LHFiDZddccBfch3Ud1xdqAM3S7o0ETZkFkrmqgikPINBACce+TVSZMmpdqVEQjEObRJjjZ8j0022aTRsZTmkLfq0PqUDYBOEOzPkFY2AMpHXmUDy0h8ZmYiXZBWuHZSJ5zYIf3ycP6xP859993nld+Rbgj2ZL13mt0222xjA5migO4pU6Z0uS4C0zhQ34juNLvNN9+8Kd3Id8gjsuwlifXXX9/et6x8B5DvUL5C852U0bRAGaC9gG+NoNNn5iNs3YHBVnDLa1L7K2DgTt5Pan+BlFffDX1bIauecfWhszrpd7l2edUztQvk0SOIBhcZFI6zNpDJUXBQYWDGAG6UBg444ABz00032caijmC6CirjMtedJOHbo4ieWIzOYsfesnoU3SAvSx8aNGz8A8fBRx+m7Yasz4xzAJP0IZ9C09///nf7KMIB9CWapnGIPvwW1Eu+I6JIUx9H3gWODL4fjZw0hJihdMcdd9jOOgAHEh2eGJGAo4Z7jc3G0BH6+uuv2wdGCVynBptTQftaa63VlJ5WwOgnHCesRUedXlYgD9AZ6NOhiREBn/yOfUcwE6JofHX7kpfuOMc6CtpDpCfyW1ow4DrazTrWoaBtQRkpC99AAKAsDx8+PDMYyCsQSCPJoY1ztNFRh0Amq0Ms1KH1KRvSme7TcZ1X2UB7hw5pn6VNaPsRWGXdY8z0zMP5x8aJaANkP5A8QF2Akeciyy10I03RQeQDyk5W52Grun3yHdp85L24zW+j5JXv3DKalp/geyB9UCbTAmWAMgpfLDSQB1rbsiy06lYTyEed5TTHHQUCjR+c2aweJxAagDSDjHTCoS5jpDNpukc0/XB0DaY2RgOMpPQrc1qZDxhRhAOItd1V49ujiPRze2LL6FF0gzyQpg897Bil8NGHIA9Ohqx5bIU4BzBJHxpp5MuiHUAfommaBPShxzpr1Ed+h6RpKxvRIW2wBMHlW9/6Vqep9ddee62dDYJRPDhrmPIFXViugN+DMuWWcUy5D8V36jpYffXV7Tp0n46kKuqjumwqVjW+jrV0UvoErnkFBMiPslt5GiizcPbRkeXT0ZBXJ4NWxzCLZnRjVlrWPS9Dd1UzzzTfY3Sy5Ln0r6z8VyfdVe3xU0S+yxrQINWgxlOJc5aTAgtMB8UIFJzSrKkZeQQgzYI1n2U5nWnTPdz0g4OCgh1Nq7j0K2vKpc/aNjcQQOWN+4lHlLLXtvlUkhiNR0+sz1TlPBuSuCAvlDyCPNBM44I8mHUfy3IcNKdpEjgxATNxomDpDzr1cDxP3vhOXQcop3CuszqSyp4CTppHq2ONvIjTWnxH73woY9SxO+HTcUNIdwLtFTrT33777dj3MVv3rLPOsjPTyL+oa7pVrVtNIA80O8vRoDNtBAk90Ojd95kxkEfQqbnHNw2ftW1uIICNObJGOjU5/bLTMGkNTTNC6ggaFjzKpq71EemeaO1kIIR0X0466aTGUtCbb77ZBnMYVJw7d6751a9+VZmuqoPOLLSmWxZV6vYK5LHJWBYYdQyxK/JsWdkQL0QfdqOPrnXKWlMC0kakEHSicwDTqVtNP2SSIjbWwlIH9zqh9zfODtqLcPoxWpKkIY/fUWSag+5ajsrIq3nnU1B0msbpSNPnqyetwT7iiCMSg/yQ9Cv6HofeX+364oBdWfW80Iy+srWBZvQVQZo24KOvinQTms1/Lprq8bL0RGH+S6an5D/N6ZelLSTo7M7+cxxiV+b9TtKH5bBxM5y8Anms+/QRE2Lns6Njq8javBB9uIF4FDHSJEdEtaKvqN2xkZHc64Te3zi7srRHrxv6O4rUDbprOSrjfuedT1GZ4hzaokCaxulI09fMPd5///3NkUce2ek1WUefRGg9WQRyj0Pvb5o+2VNAZoKgIwRODs68zxqdyEtfFOQ/2PmmazOaXd0h+jTX40WRpg346Ksi3YRm85+Lpno8K/+hrrv88ssTj9vE++ecc4654ooruswA68n5L4+6MI0y8l9IXZhH+b300kvNaaed1vj/4osvbjxPOzo7j/Qr8tScov3nkHTLQ5+Lm//KvN9J+rApMPY6iqJqaj0hhJAwsAYexwqh1x1Li6688souNhiRJ/8Cve0vv/yy7fgAaDDHjx9vj/BzNz9Lm8lQNrfffrs577zzYt+L27Dt6quvtsdilklIINWTCQmktFCl5mjZwElHAHnx7rvvtuUaoDzfeeedpWpDXXPiiSfaY+mwA/i5555ry4D8L2UFdggGTj311EIDszh9rAvD0TxFvNWgsww0p1sa6qfWE0KycXcMB2hcnnzyycZ6I/yPwCrJqS0S7c5Dd3BcQVW6sS8H8hnOjYfjgnSEllZG5PNGe94DcFyxi/7kyZPN0KFD7YZmcFzPPvtse4SflN1DDz20VF1pQBceAu73JZdcYo8TwhIwLNmqquwwkArTx0AqDJzI8cYbb9jyinsn9TKW8j388MONOrIqUMcg311zzTX2f5y9Pm7cONuhJfnu6KOPrkQb68JwsMGmGygDBsvZaE+3JKrWXYvtROF4ooITUJGceeaZjbOH8f/hhx9uMyH5FwiOUKEJeH7hhReWemZzTwX5FY4NGsCRI0dapwX/w1k85JBDOt2XskCjfMstt9i/AM7DXXfdZf9H2UGZqqIMieMqm0KK4wpnS9IOD7cO0ADqHdEmD+wSH9UtjyI3yMK6qQsuuMAGRdEj5aI6jjnmmMJ0JKE17wno2JDzlKWTA/cLwQDSDH9vuOGG0jsYfEFeRJn57ne/a49n3X777e19rqKeAQikEGhibxmkI8oEygYCKejD/3i9qkBUc350AymkEWbXSCCF//EXHQ7aAilokwfu74477mgd2OOOO848+uijnd4vejQUQdvee+9tfvGLX9iNiqVs1KlTuCpYF4aDzg90Vkl+R2eg1IX4i/JdFRJ0ij+AgBMdrXiOvygvVaE53dKoWnctAnkXTQESGnp0IEAD/r722mud/hdHoArHoK7BURzaOyAwGor7i8YC05rxHKCHHb2bSHM4MyjQeA3pT/5FHR1XoM15jQOjeq4GPNDgkH+B+gV5TsA9RECH+4V9TFBugdSZcBS14OYrdOTISSrYqR33GXW+2+ldFgykWoeBVDjwv6RT9etf/7ptTxCk/PSnPzUff/yxfc/t3KyDH1QGrAvDwfdPmzbNDBo0qNDrtErVQWcS2tMtCQ26VU+tl+miMg0PDgEyGYIhbASAgjpp0iTrrKKSwXFmZaN1ilQdp0cBbVP0fJDRUORDmVqP2RCY0oX8CacMZ3ojqEfDSDoTdVzxXGbh4N5iZA+Oq2ZkGQWcVzwX5xV1Q1VTOHHduGuLE0b+QXQWgxs8AeRDyZNakLYRoJMLdaZbb0brSrfuLwMEUuhcd7VAAwIoCaRcNE0TrxIJpMRnkPYC5RX3GY422hEpv2Xe0yxQPlDnQRPaQwncJZA6//zz7f9lHG0l7YVMFUZ64ppwuhHMS56s4/KtImFdGA5Oifnc5z7Xpe11l/Sgvqsiz0nQOWzYsNKvnYXmdEtDg27VgTwDpNapa3Ckba1TqyBfRp1VgBH7NdZYwxx88MEVqNJHnR1XoMl5Jc0DJ3DjjTdu1JUAeRD5TY7vwzRxTXkOSNso+TcDjAAAIABJREFUgcpVV10Vm7/wG9BWRvdJKBoGUq3BQCofkE5oawV5jj0aMEsAMxU//PDDwq6fhjj3MkAlf0Xjm2++WdlsC9aF4cR1oIu/V7XPrSHoTEJzuqWhQbfqQD4OBkjZ1D04EjSOcvqCRk/LCBMcLa3OQx0dV6DRedWK1rwH4ARi05/oFFHkO8wAw31E8IkRZsxs0tghg9lobtASpYoTChhItQYDqXyQ9jfakYT/sdlilWAzRZmpiZmc+HvHHXeYAw880JYbeb0KWBd2bzQEnSR/ahfIawqQtFLX4EjoDqOc4nihBzRK2dNI4WhpdR7q6LgCjc6rVrTmvTSQ9+C0oq7BsiT8BgSeGE3WNoKM5VxZ+a9sGEi1BgOpfEC+R1k95ZRT7P94vttuu9l1rOhI0pZummFdGAZ9gNaoa7pVodsrkMfh9EXbzZ8/3+uzrQRI8t0h+lCRRSuHPHr2Fy1a1LheK/qiuvKaKurqiruur7404rTnMcoZp70VfUl2cXkhjmaP/oLuUH2+5agVQstRXLrl4bhG73fe+TQrTUOcV3x3ko6k19P05HFkVt71ZB6E1pNClj6pS5AnEcwhL2KmlzixY8eOLVRfkl2a7pD8l1ZXtlqPgzwCqbzq8SLI0gay3vctK80GUj7afPQl2aXpDgmkWq3H4/RI2kgdiFl92HgRAxybbLJJ5fkP+xeJhjlz5th9I5qhjPyXR10Yoi/Jrqy6MK/yizR75513bP73mUmaR/r5amsl6CzLf24l3fLQl2RX9v2Oe62trS32O7wC+QEDBmTa4KIhdv369fORYmk2QJLvDtEXdwPz6Nnv06ePvV6r6RfVlddUUdGVdF1ffWl2cdrzGOWMam9VX5JdWmFGI4JlDTinE5sJXnnllV1skhoT6AZFlaNQ5yG0HPkGeM06ru79LiKfZtVNIc4rvjtOR5q+ZurKVsi7ngSheS+0nszSFwVO7KhRoxqdtVmbaualL8kuSTcClZApkUl1ZUg9DvIIpPKox5PIKz8m4aMvKw1aDaSytPnqS7JL0x0SSLVaj8fpwRIOICcFwQb5EfnSd/llUfkPbVn//v0buvG/27mFMiN+UCvafPUVXRemUUT+y7MuDE2/uAFHdyAqbZldHunne2+bDTpBkf5zaLrloS/Jrsz7naQPfnFHR0eX12sztT4kQCL1mh4FtEzR80FmEkydOtUWXlSIKNjNdjgVSR7OQ9G06rhWTR3yanTNMma8oA4oYy1wHfKeizTKgwcPLi2NmiV6oosPZe7RkEcgVRR1y4/NBlJVERpI5Yn4OigfsnkX2l50IlW9v86zzz5r6xYBxwm6Myg1wbqwdeL8P4A0xalSVRESdJaB1nTLokrdqgP5OgRIoT37RVPX4EjjWqckZCZBFE0dTnVyHuriuAJNzqsbrItTIwE7AhepQ2X6fVnUIe+5jgvSCPuMaEbqnLh6RwMMpPKBgVRrIL9Fy0f02E3kwzFjxhSmIQnkNyx3POSQQ+xSE4y+/du//Zs9536PPfZozJhE24f/yx5kYV3Y/alrsEziUR3Iaw+Q6tSzX6fgCNRhlDMLLR1OcLS0Ow9CHRxXoNF5RbodeuihjTXyAEtUqp5tU5e8R/KDgVTrMJDq3sg+TtH76m4+rKVzmLROUpwC4AuQeOqablXqVh3IJ6ElQKpLz35dgiNB0yhnq8Qd8wGizmwZwNHS7DzUzXEFdF790Zz3SM+D+ZEQUjRYBoz9qjSiOVjWnG5pVKm7doG8pgBJc89+HYMjjaOchBBCCCGE+IBBPmwmrRWtwbL2dEuiat21C+Q1wZ79fOEoJyFhuMt70JFICCGEkHJAuztt2jQzbNiwqqXEUnXQmYT2dEtCg+7elV2ZEEJIrqCRlkAeQb22zTfrBPY2OfPMM1XscRIHOozjjhmNvkZITwTlA+VBQLlAeZYOTvyPGZNay7cmWBf6g93gt91228o39YxDgk7MINaG5nRLQ4NuBvKEENINQCP95JNP2uU+xB84e7I0Cw9x9rF7L04l0bqnCLRieZc4q3JqwXnnndfp9+Cx9957271SyoSBVH4wkAoDWlAusGxv5MiRtkzgfyx7xNLIMssG0iqpXEbLSNmwLgwHAZ3GaetAQ9CZhOZ0S0ODbq+p9Vj7XbTd/PnzvT7bCvLdIfpQmRWxxn3RokWN67WirwxdcddNw9euTO0uob8jSbcc64Udw1tp8KA7VF9SOYLzcMwxx9jnOH4QDZ1U5mj8EABif4K0+xFajpq5382kZfR+551P09IURzi6ezQgXbHhpe++DfjuJB1Jryfpue++++zfTTfd1P794IMPGqPzn3zyiTnggAMatjiWLom868k88l5oPZmmD/dK7hfyHXb6B9g8Fc5g9PSMuH058tKXZJdUdo4++mh7zBscVpzk4S7rEvBZnN8eR1pdmWc9Hnc0ooBAys0TPtqa0Rcl7/zYqr64dMP1cS8F7K0DLc0EUj7afPQl2cXpRoCE8gL9KBvu/XZ/D4imeZLukPyHAFTy2ezZs23ajRs3zgwZMsT07dvXHl+LTZNxOs5f//rX2O8tKv8BlFU5YWTgwIH2NQSXEydONAMGDLB1eVobUlT+y7suDNGXZFdWXdhK+uVBHumXpC1pj7FmKMp/DiUP/znNruz7HfdaW1tb7Hd4BfKoWLLARUPs+vXrl/iZ0ABJvjtEX1Eb1fXp08der9X0a0ZXM+koupKu66svza7oNE26bujvKFI3KKochToPoeUoLt3ycFzd+11EPk1K0zycV3x3nI40fXF6sFEk7uPJJ59s76NcH8dMgmbOkS+ingzNe6H1ZJa+KK+88opdlvDoo4/az2TVnXnpS7JL0h13zFszJNWVofV4HoFUHvV4EnnlxyR89MWlWx6BVJY2X31Jdkl5MTSQarUej9OD8oD8hXTDXkbXXnut2WCDDWy+Q0crOjaRtmmzl4rMf8Bt4+RkoXPPPdd2xCIdsY45aQPnovJfHK3WhWkUkf/yrAvzTL8QHUlk6StyY+0i/WeUA5RRnEqGuuKaa64x3/jGN8yUKVPMwQcfnHrNPPznNLsy73eSPqRJR0dHl9c5tT4ArVOk6jo9CmifotcK0O/ejyqnk8Y5D9CD4BkjUXHOV5HACcU18YATDW1AHNfotDht+QDOK9JNHC75Le4DDhCmcxYJNoq8/PLLbaDupqnoQsMonQi493B2yq4HtOW9NJDPcN8wFRG4mwhqAB03SDu3TLjtkTyqSlPkL3QiIaDDc3QkIZCCQ4Z8IIGUBNFVUJf86AZSUk+iwxN/NZ3YIoEUNMpGwFqQGUk4cuu0005rdIpgZgbStQqmTp1q/UakF7QhiEeZRToiD+KIMHdpSlWwLgwDvvfNN9/MzWebBJ2p6HRbd911beevlvo4CZTVqEbkxzJ013rXencEDGC6aNnnpIf27BdBHr36VZHHKGcVxE0dlfzYzGho0bjOA5wYONsS7MF5wEiAjGJURbMjAFUSOgrQk9Ca9ySIE0cVnS5bbrml/YvlCSi37jIFDaDjBieiRDu20B5J+rnvQXuVQXN0aYeAOhP1eNZoSxFozY9RJJBCGiEvagykvvOd79j15uJLuMsXBKSvLPspG9zDqu+jC9o3PNCZNGHCBFs2oukF/wGdX/AtytLOurAYnnvuuU5+X5W+q7skEDNVdt55Z/s6ZsrAx67Kx3LrjIceesjmM+TDqN+vKV5xQV7DPZW0lQC+jGPR1QfydQiQQqZIlUWdgqPQKXpVgHsuHTpIU4AOFC2NHdDqPETR7riCOjivmtCe9zANF7MWpONz9OjR5oUXXrCBnHQu1mETwWhHrSytqBoGUn4wkCqGaLq6uDrLAmmA+gT1CvIfGDNmTKP+gQ9U1f1lXZg/m2++eea+G2UxY8YMO6MHPjQ6WFEWEQPA364yJkDeQjyH47yxHKtXr17mxhtvtGmGKfbwr7XFKkJ0iWj0edGdD+oD+ToESHXo2a9DcCRwlLMYNDoPdXRcQR2cV01ozHtxwFGQ+4cgDvcY9TocC/yvnbj8B4cN+quEgZQ/DKSKQdLVBWUb6VkF6ODFtTEqiin/LpJuVY7csi5sHZTdE0880Xb0C+5AY1Wjyvj90dkB0Rm6GDB1Y5iywQAtfH/k+1122aXxuuisUlsS7ixoWdtfZseD+kBeOxp79usaHHGUs3g0Og/dxXEF2pxXTWjMe3FgPSNGLNAIY+0l6h/UR1pHA+oCA6nmYCAVDu4jljeedNJJds159D6Lzipxy4WGjiQX1oWts80225irrroq9hQXTL+uAneQLO7UHQ2gnCKeQh2HJcraR+STOqldP7DodoSBfCBae/brGBzVfZTTneWgfWMTjc5D3R1XoMF5BbincLiwiz0aj2aPxSsSjXlPtGAU5YQTTrB5EfcNTgXA5me777575RqTgMO9yiqrqOtIYiAVBgOp1sAGv5gpKUsv4Wxr6kiScoq8j3spbcWoUaPsXyyFxMaQUb1lwbowHJzIER3tFlCGq0b2zHKngVe9dh/1m/hQdRmRR1phOYCA34GNh8vcr60Wu9ZrngYOZHQYPfuyQyYyIDIeRsHjdrUvCwmOkHYIhrA+pm7Bkbt7eXTjC008++yzjXyKPIuZGpqQ/AjEeXA7RuA8IA9XCRphOBGu4zpixAg6rk2CHu0NN9yw0SCj0w4OWFUdTJrzHmYnIcCE44rGV3Y/hl44/6gvkQcx26qKOjwL1InY1RedmrKniHtqAfICKLP9RCB1zjnnNNY8oq2RtHQfVXU0aM6PAHUg6j+U4bhASnNHMepwtH9VttsYcUS+cwMSpF90J/PobL+ykHIK3wx/33jjjU6drOuvv74ZPHhw6ScfsS7MB5RZGYiIe1TdoY57hxjguOOO63QaBjpoEMxXgayRx9R6sOqqq1pN0Id7iefuSTwaQb2NDhIctYoO4bLKbi0Cee0BkuA6Ksh0yHxSSKKNSpnUPThyK2TpydSw7tMFeuBgaZvl4KLVeQB1dlyBBudVQFrCiUDnoSCdjZiVUwWa8x6mF6JeQZoB5EPoc50GaMXGO2PHjlV1BCJ0IhiGPmiV2SBw1HD/JVhB21RmIM9AqjUYSBWHpo4kAffw/vvvtzNAoiA/4l5jRktZsC7MBzlGGddGhyDqEIwwo22OO2K5TOQ4vKOOOsruWI9No+FLY908pq9rHTDVDu4p6m2kITY/R55DPa3m+DkcTl+03fz582NtJUBC4WsV+e4QfdARl8FDp0gtWrSocb1W9CXpAiHTo1xdcdf11ZdGmvYQ4rS7hP6OON3S2ErA5O5BED16CXsmJOkO1ZdUjlzEecC06yjizMYdmxhajuLSTRzXyZMnN6YiyQ6gaJQREOB/pF/SlK/o/c47n2alqexKKs5rdB8Mqcjj8jq+O0lH0utZetAT7I7Gy7XRcKPRxuhoWideEfWk0GreC60n0/S515KRlDjS3stLX5JdUrom7bkSne6XRFpdmXc93uzU5rzq8TTyyI+t6otLNwmkcD3p3MRaW9cZxHvwL9C2I01b0eajL8ku6X5LICUBn/yNriGFTdznW63HffIfykNc2yEdSnGUkf+gSZZiHnvssXZ/ILQh8nuSRm6Lyn9514Uh+pLsyqoLW0k/IHWa6Jk0aZLN+1jaho4s5Dcs+0C58PFnkkizSSsTWG++ySabNK6N51//+tcbMUzIdX3skrRJPSGdWu+9917s1PqkjQLz8J/T7Hx0u2VC8h38VsxO8/Vf0/S1tbXFavQK5HEeeha4aIhdv379Yu3zCJDku0P0JRUK13GXnn38j4oZoGcf09nRsx93/ESfPn3s9VpNvzhdeQRHoisrXbL0pdllNb6trnWKam9VX5JdVDc26cMMDDiDyK8yEis6fY9JhG5QRDlyadV5CC1Hcfc7D8fVvd9F5NO0NA11XvHdcTrS9KXpQbphbR7KfRTcdzSMCPTTNt0sop50NbSS90LrSV99rZKXviS7onUnXTcLn3octBJI5VGP++gKyY9J+OiLS7c8Aqksbb76kuyS7ndoINVqPV522ZDrtpr/4vJ82v1sVpuvvirSTSgi/4XSbP5L0hG9v9J56dZ/aXsf5JF+Sdrgl8jUddEI/8udNZO1Tj5v/1mI1hPNHlmah/+cZuerO0rW74i730n60JnQ0dHR5XXVm93lFSCVQas9+0WQR3BUNSGjnGWDTfqwuQVAXoympVtpo8Gu4li9PJyHIsjDca2SUOc1T1AHoef33HPPbfSsRze5w1+8ltSxWARa8x7pmTA/EkJ6Im6HatRPRZ1YxjRwkj+qA/k6BEhCqz37RVD34Ch0lJOQngY6PcePH2+DeLe8YD8RLKFxkR1hy+pYJIQQQgjpbkRPCALR5RVFU4vN7rTibqghuLtVlnUTuxtIt7jpljLK6U4DIoT8o9MTHZlSJjAFC4H9brvtlriekEF8V9AoY08R2UgMHR6aNnRKoq66CSkKlAnMPJJljigT0c0W8cCMRbEh9U03TbpR92KjaywPRVuM6+H5Aw88oHKTSm0g/WR2gKSdVhDzXXTRRVaj3Fvxw8qa4aB6RJ4QQkjzYHd67JzqNijY6LKs6fR1Je7YPqSb5nOTgWbd0qHAjqPmqGu6adXd7JrbIpGloKeeeqoNBBB0xp05jn2fyjyPOg5N6dYMVelGMIcN5WTmKHb4HzRoUKcTY6q+ryijQ4cObfgHyI/33nuvOfjggyvRA6IzbqPI0mlt58gDtLGYkS17jwlSpou+3xyRJyRH0CBHe+HQI3vhhReq6InVqk+rLh+0aUejjCAOx6AIaPiwa/2vf/3r0vW4aB451nhsnw+adYtTiz1PoiNjGtZjRs+P14L2dEtCi26MumJjTwQn+It6RjNyDGL0gXJdZrBXt3QDWFamWTcC05VWWqnTa1h6K0cxlonsmYXyiaP43OM177nnnkrrGHfGLaaqI2CXo7zR4aV1Ji40SX5D56XohGZoL6Mc12JEXnZcz2KPPfbgiNM/YZoR0jPBrvTYwBINhxxBCcdBwGkfVY2waB45Dj22ryq06kbew/IOjEi515cNGKt2yNyRs2hbWeWoj/Z0S0KTbjjOuL/I/7i3msotAimpjxF4xm3mWxWa0y0JLCvTpBv1MDbhvu2228xaa61lp1zjHg8fPtxsscUWdu00jiqrqr3Dxtd77rmnPRFq+vTpjdfxWpV7ZsX5Ki4Ykc/aUb8KpF6DrqrKcS0CeeCeHRidlgRQiKtYR6E5YNaaZlloTtMkXM0yncZ1BrHpmDvlpuzGW6s+rbp80KhdpmimTem69tprE8+wLRIZOXZP9sDIMQJ5jBxXGaDkcWxfFWjV7TplCFbikLKTdC5wkWgKOqO6NKdbEhp1P/vss3adMnRhdtJpp52WaFtmWmoKOuPQmm5ZaNKN9qxv377m/fffN7vuuqsN3lGvoFMVG3ijfdY4RbxKZH8x1CVos7baais7e88FHSCagnjBncmAmQ6CLAco2verTSCvmboGzJqpY5pCM3bcxygjKm6XFVZYoXFUYlVo1adVlw/atPusC0w7w7ZItI4caz22LwvNunGv4UxjxEfyY1w9XsW0do1Bp6A53ZLA1GZtujFdeMGCBbazH2AWkkwXxnuob7AeuKp2RVPQ6aI93ZLQpBv1MjqncRY47nEUdK5jyrWGDhwMNnz/+99v6ER5rXKATNbJy+k7uIdSX2MmgZZOoyjQPWnSJOtbSb5DfIK0LOM+ewXys2bNyrTB4fUhdu+9917q59CwRkdpo42wFOIo6BUDIfqQmYq4ISjsuF6r6ZemKyTNRFfSdX31pdkVnaZJ1w39HUXqBkWWoxBCy1EZ9zvvfAqKTtM4HWn6itQDiqgnQ0eOQ+vJJH15HduXl744YFe07hB9cfdc1vyGkEc9HkceQWeaNl99VaRbM/qErHocU5vz1h2a/9wNszCKd8cdd9iAzg1OPvjgAxvgucdGJemJEpL/8gg6i8p/RadbM/oEHz8ib92tph/AdyMQlr0ioAHPUefI8zTySL9mfC1MV5eOBaQZlgSkUZT/LINzhxxyiPnwww87LUEBeJ42kyEP/zkOsUtLU3TMYdlEK8Td7yR9/fv3t/VtFK9AfsiQIV5iQuzmzZuX+rmQEVqsBQEh+tIKRUjAjBuG67Wafmm6QtJMdCVd11dfml3RaRqqL8muqB426AZFlqMQQstRkekm18o7n6IyXXXVVYM1JoE0jdORpq/IewzyrifzGDkOrSeT9MmxfYIc24c9BpKO7YsjL31RkP9gV7TuEH1p5dpd5iFE63G0U81oa0ZfHHkEnWnagI++KtKtGX1A8p9LGbpD8x9Gx+BYP/fcc/Z9ueeyPhlgJ3F0IMIJjwvsisp/eQSdReW/otOtGX3AN//lrTu0/LrgfqMTFR3Z48aNy7TPI/18tGEWCJb+YeZgMxTlP+OeyM7vAwcObKzX991RPw//OYqb/5J0o+xiVuaoUaMyvy+OuPudpA/XWrx4cZfXObU+B+o4DVw73SFNo72KmGYNqj56RNCqT6suH+qsvSjyGDkui7oe26dVt7s2UNsU8ZCgs2g0p1saWnTLemQhbn8OMGzYMBswwwkvq27OI+gsCs3plgRmJ2nS7S7dQf2CASf4AQjC5PXZs2dXXjdjZBt71GTNEKgK9zg61CtagT6MlIPoLAJZIw+K3BOhNoF8yAhtT4VpVj1Y13PVVVc1KmxxbrSgVZ9WXT5Urd09x1nDusY8Ro7LQI7tQ+AhoOGFU41j+6raWyALrbrfeustBsstoD3dktCkGxuM4Z4KkydPbuzPIcdtAfyP13GaRlkbj2kKOqNoTrckMDtJk27ZtC0K2rsqd4UH0nHk1m3oVECnkYCYYN99961CnsXtxMdxdNpBnhLfqqr7W4tAHtMW3N4MbSO0GgNm7WmWhcY09QW7VmLdETZA04hWfVp1+aBFO8o51rtFnUItaB05BpqP7UtDq26fNojBclc0p1saWnUjaEOd6PoTmE6M6btANiotKyDVFHSmoS3dfKmr7qpAe9zMGnmij1oE8pi2gNEFjWgNmDWnWRZa0zQN6UXE1GDRDt3RncyrQqs+rbp80KgdQR12oI3ulitT/IUqjvHTOnIMNB/bl4ZW3bjejBkz7AZPGtEadGpPtyQ065Yjv6ARG2lhKiwGAaTjUI6OqgLNQafmdEtDk27ZzXz06NGNDe+qXooA3FFv1w9AGmWtRS8DremWRVW61QfyaGBR2WHEQSMaA2btaZaFxjRtFWxwEh31gbOtBa36tOryoSrt4ky7R9tomFovaB05BpqP7UtDq26s7cV0zTgnBnkSmxpi9BuzWNAZUSaag07N6ZaGRt3Q4i7rQf2nbaqupqBTqEO6xaFR9xNPPNFYRoYlFZh9oeUINc3BsuZ0S6Mq3eoDeQSkmPqhJYO5aA2YNadZFlrTtFWaXS/9+uuv20Dw6aeftg28Nn1loVWXD1Vph+NSRp5pBa0jx6QY4pwX19HGX9fpLhONQaegOd3SqKvuqtAYdJJ8wYyevn37NuoZbO56/vnnm6FDh6qYyaA1WNaebklUqVt9ID916lSz9957J74vDiLAerYy11lqDZg1p1kWWtPUF3d0TDYWcYk24EuWLDHXXXedDeCnTJlip3uCVo+2yVtfWWjV5YMG7di5F+vMo2t8hejUeuCeDFE0WkeOSc+DQSchpEgQ1GH5TnTaOpbuYCbaCSecUGlQqjVY1p5uSVStW30gH+fcuY2uj4NYFFoDZs1ploXWNC2KtrY2u4zgtddeq1oKqTFyrjgDEEIIIaQaMKtszpw5sT42/HDM1kPQDKoISqsOOpPQnm5JaNDtFcjjcPqi7ebPn+/12VaQ7w7Rhyl30aAxj4B50aJFjeu1oi9OVx64uuKum4avXRlpGqIvyS7PNO/Vq5f55je/adZZZx07E2HnnXe2G5WhQyNLZ93KUVl5Ne98WnSaJulIej1Nj3v2ahJYg5m2S3ze9WQehNaTgnZ9SXZl1vPudX2oQhvw1VcEWdpA1vtVpZvQXepx5r94mP+ao9n8l6QDyySwWWH0THEBA1BpHe55pF+StjyCzqL85zzSLQ99SXZl3++41zDwF4dXID9gwIBMG1w0xK5fv34+UlpCvjtEX1Ejv3369LHXazX9itaVdF1ffWl2ZWmPXjf0dxSpGwG9z8ZodSxHZdzvIvJp0WkapyNNX5aekSNH2uPnkhryrNMeumM9KaTpk13KMfW62U0C89KXZFe07hB9muvxokjTBnz0VZFuQkg+1VaPJ+nB3iRwolEXumUBR15iL5HoHh1peuKu213zX5Hp1oy+JLsydIeWXzlLHu0tloviyEHRgqMv08gj/ZK0hQadoEj/OTTd8tCXZFfm/U7Sh/a9o6Ojy+vqp9YTQgghRQInELv9wwmsE3XQHTeVk2RT13TTojvuKE50cgIEMdjwUChzvxAQGnQWieZ0S0OjbmxgiCMEBQR1WIdeJSFBZ1loTDcfqtLNQJ6QnIAD454Hm4R7fnGZaNWnVZcPGrXDkYnb3E7A1PoqCBk5Lpo4JxBE0/GII46oPEBx0a4bziKONsJSD/dIRtkRvup7ryXojKI93ZLQohtBCU5/GTdunJk+fXrj/kodhAAaM5OSZi4VjcagE2hPtyQ06pZru+0+6hotAanWYFl7uiVRpe5aBvKuQ0j8YJoVD9I2KX3l3GwU6k033bRkZf9Aqz6tunzQqD10an0RaB45lnPFoU9GwbR1NMShXTfu+fjx482NN97YaXQRbdGTTz5pg7sq0RJ0RtGebklo0n3//febsWPH2nv4ySef2EAP/PGPf2yMdqOM/PrXvy79tAyNQaegOd2SwIktmnRLu4+j3XBv3X1rsGwS57VXjcZguQ7pFocG3bUM5EeNGtVwkDWO0AFtAbPmNMtCa5r6IgX76KOPVvkbtOqKC3MrAAAOY0lEQVTTqsuHqrTDkRkzZkzL7xeF5pFjpAmms9YNzbrh3Fx88cV2J2Q3qIODLc51lSN6moLOqC7N6ZaENt1uHYf6V+4rgmfRifJTRWeNpqAziuZ0SwIntmjSLVPXBVwTo98a0BB0JqE53dLQoLsWgXzS9NVjjjmm0/8a1utoCZjrlGZZaEnTVkAjfc4556idDqlVn1ZdPtRZexFoHjnGaA528L/33ntj349boqChztSuG85ze3t7pynCLvJ6FaPf2oJOF83plgTyolbdbuAim3hVfcyWpqAzCY3p5kNddZeFhqCT5E8tAnmQ5YTIqG3ZaA6YtaZZFprTtBnQqMAxjI76aEGrPq26fKiz9qLQPHKM0Rw4fFk79WpDu27oQj2OjZSkjpZlHTJlWDpzykZr0Ak0p1sSkhc16ca1cIwWjnEdNGiQ9SeiPgX8iSo7RDQGnXVItzi06YYeLNvBCDf9AH/qmm5V665NIK+ZugbMmqlTmmJE4jvf+U7scR4gbtSszCnEmvUlHYMCqk63NDSnqTbOPPNMtSPHgjvFMAlsEohRcE1Tm+uqu0q0BZ0kfxDUjRgxIrOjyw2my6pztAWdLprTLQm0xZp1x9XRVfoCVQedvmhLN1+q0M1AnpBAMCLhTlcSkqZwlo1mfVp1ZaE5TbWheeTYReMmgT5o1h0XpLidNwhWsLyCdKau6aZFN+ob5P0LL7ywUTawdOKxxx5rONR4f9KkSbH1eJFoDjo1p1sSMiNEi25cV2aPYhNN+AInnXRS45g3TWgKluuUbi4adHsF8jicvmi7+fPnp34mroGIgpGcOOS7Q/ShF6uIEY1FixY1rteKvjRdIWnm6oq7rq++NMpI0zhCf0eRutOuG6WVchRCaDkq637nnU+LTtMkHUmvF6kn7bo+dkn3OHTkOLSezNIXSl76kuyqqCvzqMfTZldkjXrnVY8nERJ0Zmnz0VdVuvnqS7IrS3do/sNI9iabbGJeeOEFO019gw02sMueECADbHYIp9tXT5RW818eQWeR+a/odPPVl2RXlu5W0w/Xxn4w0qH/4Ycf2vPafckj/ZK05RF0FuU/55FueehLsiv7fse91tbWFvsdXoH8gAEDMm1w0RC7fv36pX4uZKq1fHeIvjQnKiRg7tOnj71eq+mXpiskzURX0nV99aXZFZ2mofqS7IqaogrdoMhyFEJoOSoy3eRaReTTotM0TkeaviL1gKLqyZCR49B60kcfdtSPm+ovoKOhaH1JdkXrDtHXarnG59JOUMijHk8jJOhM0+arr4p0a0Zfkl0ZuvPKf9goFydm4PhPzJBaffXVrZONae1HHXVU6qypIvNfaNBZdP4rKt2a0ZdkV4bu0PSbPHlyYznZt7/9bXPppZea0047rZPN1VdfHbsPQh7pl6QtNOgERfrPoemWh74kuzLvd5I+tEsdHR1dXq/F1Hqcb7jjjjum2lS5Tkfjem7taZaFxjQlhHRfNE9RT6OuugWsA1577bVVtUdZQacGNKabD2Xojm6Yi9HH6PMrr7zS/q1q47aQoLMo6pBucWjSjc6YadOmmQMOOMBsu+22VpuMemNE/K233qq0zIYEnUWiPd2S0KBbfSCPRJo9e7btsdSIxoBZe5ploTFNCSFhhIwcFw2curTALev9qtCse9iwYXaqcNbMqqrPL06jimC5rummSTful1YfQVPQGUVzuqWhSTdGuXfbbTe7VGKbbbYxAwcOtMGcBjQEnUloTrc0NOhWH8ij9wg9lRo3jtIaMGtOsyy0pqkvsiOt9HhiZoGm+6BVn1ZdPtRZe5nUfeSYNIfmM4o1BZ1RNKdbGnXVXTaagk6SPygH6IBBYAcQ1A0dOrRiVf9AQ9CZhOZ0S0ODbtWBPI6VQO+Rxt1ZgcaAWXuaZaExTZsBQYrmXbq16tOqy4c6ay8LzSPHpOfBoJMQUjQYmHryySftMgoNaAg6fdCWbr5UpVt1II9jJTQ7dxoDZu1plkbdOyEIIYQQQgh56aWX7PGBGgemNAfLmtMtjap0qw7ktVPXgFkrde6EIIQQQgghPRvM0os7ix0byJW9iVwSGoPlOqRbHFXrZiBPCCGkR4CphT//+c/NPffcY///9NNPzXLLLZf5ORz5knSGKzjwwANz0xhHVHeULH1JdkXrJqRossoGaKV8dPeyseaaa5pLLrnE3HrrrZm2zaTf6NGj85CXCHT/7Gc/66S71frP5aCDDmpKB/IdjqhMy3et6Ct6RmrVQadbXvNqf0GVbXBI/stDNwN5QgipEdigZubMmeZ73/terg0h+O53v5uHRLVg8zI0xsKsWbPMkCFDMj+Xx7nlIUR1R8n7/PpmiHOso7Ti6DTrWNeNugYCcQ5tHoFUqw5tVtkAVZUPrD/+/e9/n3mPm02/PJz/rbbaylx00UW51n9l1JPQfe2117Z03Tz1Id9hk1uN6Sdl9LbbbsvVP9h7772DtbnlNe/2F3ZFkVbPVF0+vAJ538QJsZs/f77XZ1tBvjtEH3amjtttOZRFixY1rteKvjJ0xV03DV+7MrW7hP6O1VZbzTYk2CxpyZIlZpll8ukPk51sQ/T16dPHHt937LHH2v/z1Pef//mfQfrcdBPy0Id0c6+Vdz6NpmmeIE2TdCS93r9/fzNu3LiGTd4NQ3esJ2lXnN2GG25oLrvsMi/bZgmtx7Fx6o033ph67GEr7LfffpnXz3p/nXXWsYFAEY6dT9q0mg+gW+qfvCmyHq/CbqONNiolrVp5n3bd107KqDb/gHZhdkmdLV4edJ49DUl26NWXUSbg20PkMyL1X//1X/ZviL4inFOAIAHXazX9Nt5449jpHqHphx5f9zp59zjBrug0Tbpu6O/Ybrvt7AMU0aMYYofXrrrqqsb/mvS56aZRX5IdjkJ001SbPk120fooz6nrIfUk7Xqm3aabbmpuuOEGtfpoRzva0Y52tPOxw0AJfKUoaqbWo+fcnbbg+4ObCQS6I0nTPfJOvyLwWdvWSiDQ3de2EaKVuk5dJ4QQQgipG2oCee1Eg868Zgz05KDTZ20bAwFCCCGEEEII6QwDeU+iQWcdRrwJIYQQQgghhHQ/elctgBBCCCGEEEIIIf4wkCeEEEIIIYQQQmoEA3lCCCGEEEIIIaRGMJAnhBBCCCGEEEJqBAN5QgghhBBCCCGkRvRqb29fmmbge/46dnD3sc3bzhfqC4P6wqC+MKgvDOoLg/rCoL4wqC8M6guD+sKgvjCo7x/079/f9O4dM/6OQD7tMXPmzKU+wLYKO+oLs6O+MDvqC7OjvjA76guzo74wO+oLs6O+MDvqC7OjvjA76guzo77m7BYsWBAbp3NqPSGEEEIIIYQQUiMYyBNCCCGEEEIIITWCgTwhhBBCCCGEEFIjGMgTQgghhBBCCCE1goE8IYQQQgghhBBSIxjIE0IIIYQQQgghNYKBPCGEEEIIIYQQUiMYyBNCCCGEEEIIITWiFw6TTzP46KOPzIABA8rS0zTUFwb1hUF9YVBfGNQXBvWFQX1hUF8Y1BcG9YVBfWFQX3O0tbWZjo6OLq8v4/Nhnx/i+4NpRzva0Y52tKMd7WhHO9rRjna0o1223cKFC2MDeU6tJ4QQQgghhBBCagQDeUIIIYQQQgghpEYwkCeEEEIIIYQQQmoEA3lCCCGEEEIIIaRGMJAnhBBCCCGEEEJqBAN5QgghhBBCCCGkRjCQJ4QQQgghhBBCagQDeUIIIYQQQgghpEb0am9vX5pm4HuAfVVQXxjUFwb1hUF9YVBfGNQXBvWFQX1hUF8Y1BcG9YVBfc3R1tZmOjo6ury+jM+HfX6I7w+mHe1oRzva0Y52tKMd7WhHO9rRjnbZdgsXLowN5Dm1nhBCCCGEEEIIqREM5AkhhBBCCCGEkBrBQJ4QQgghhBBCCKkRDOQJIYQQQgghhJAawUCeEEIIIYQQQgipEQzkCSGEEEIIIYSQGsFAnhBCCCGEEEIIqREM5AkhhBBCCCGEkBrRq729fWmage8B9lVBfWFQXxjUFwb1hUF9YVBfGNQXBvWFQX1hUF8Y1BcG9TVHW1ub6ejo6PL6Mj4f9vkhvj+YdrSjHe1oRzva0Y52tKMd7WhHO9pl2y1cuDA2kOfUekIIIYQQQgghpEYwkCeEEEIIIYQQQmoEA3lCCCGEEEIIIaRGMJAnhBBCCCGEEEJqBAN5QgghhBBCCCGkRjCQJ4QQQgghhBBCagQDeUIIIYQQQgghpEYwkCeEEEIIIYQQQmpEr/b29qVpBjiY3gccXu9jm7edL9QXBvWFQX1hUF8Y1BcG9YVBfWFQXxjUFwb1hUF9YVDfP+jfv7/p3Ttm/B2BfNpj5syZS32AbRV21BdmR31hdtQXZkd9YXbUF2ZHfWF21BdmR31hdtQXZkd9YXbUF2ZHfc3ZLViwIDZO59R6QgghhBBCCCGkRjCQJ4QQQgghhBBCagQDeUIIIYQQQgghpEYwkCeEEEIIIYQQQmoEA3lCCCGEEEIIIaRGMJAnhBBCCCGEEEJqBAN5QgghhBBCCCGkRjCQJ4QQQgghhBBCakQvHCafZvDRRx+ZAQMGlKWnaagvDOoLg/rCoL4wqC8M6guD+sKgvjCoLwzqC4P6wqC+5mhrazMdHR1dXl/G58M+P8T3B9OOdrSjHe1oRzva0Y52tKMd7WhHu2y7hQsXxgbynFpPCCGEEEIIIf+vvTtGQSAGgzCqxPsfNlWasB5A0cgUMvBeuXwLs+UPglDEIQ8AAABFHPIAAABQxCEPAAAARRzyAAAAUMQhDwAAAEUc8gAAAFDEIQ8AAABF7nPO61Nw+gf2/2Jfxr6MfRn7MvZl7MvYl7EvY1/Gvox9Gft+M8a47b1fnj9OXj75kNMP1ul0Op1Op9PpdDqdTve9W2u9PeT9tB4AAACKOOQBAACgiEMeAAAAijwBEacZ47RkCkUAAAAASUVORK5CYII=\"></p><p>è¿˜å¯ä»¥åŠ è§†é¢‘å—ï¼Ÿ</p>','0','admin','2018-03-16 11:33:00','admin','2021-04-15 13:39:38','ç®¡ç†å‘˜'),(2,'ç»´æŠ¤é€šçŸ¥ï¼š2018-07-01 è‹¥ä¾ç³»ç»Ÿå‡Œæ™¨ç»´æŠ¤','1',_binary 'ç»´æŠ¤å†…å®¹','0','admin','2018-03-16 11:33:00','ry','2018-03-16 11:33:00','ç®¡ç†å‘˜');
/*!40000 ALTER TABLE `sys_notice` ENABLE KEYS */;
UNLOCK TABLES;

--
-- Table structure for table `sys_oper_log`
--

DROP TABLE IF EXISTS `sys_oper_log`;
/*!40101 SET @saved_cs_client     = @@character_set_client */;
/*!50503 SET character_set_client = utf8mb4 */;
CREATE TABLE `sys_oper_log` (
  `oper_id` bigint NOT NULL AUTO_INCREMENT COMMENT 'æ—¥å¿—ä¸»é”®',
  `title` varchar(50) CHARACTER SET utf8 COLLATE utf8_general_ci DEFAULT '' COMMENT 'æ¨¡å—æ ‡é¢˜',
  `business_type` int DEFAULT '0' COMMENT 'ä¸šåŠ¡ç±»å‹ï¼ˆ0å…¶å®ƒ 1æ–°å¢ 2ä¿®æ”¹ 3åˆ é™¤ï¼‰',
  `method` varchar(100) CHARACTER SET utf8 COLLATE utf8_general_ci DEFAULT '' COMMENT 'æ–¹æ³•åç§°',
  `request_method` varchar(10) CHARACTER SET utf8 COLLATE utf8_general_ci DEFAULT '' COMMENT 'è¯·æ±‚æ–¹å¼',
  `operator_type` int DEFAULT '0' COMMENT 'æ“ä½œç±»åˆ«ï¼ˆ0å…¶å®ƒ 1åå°ç”¨æˆ· 2æ‰‹æœºç«¯ç”¨æˆ·ï¼‰',
  `oper_name` varchar(50) CHARACTER SET utf8 COLLATE utf8_general_ci DEFAULT '' COMMENT 'æ“ä½œäººå‘˜',
  `dept_name` varchar(50) CHARACTER SET utf8 COLLATE utf8_general_ci DEFAULT '' COMMENT 'éƒ¨é—¨åç§°',
  `oper_url` varchar(255) CHARACTER SET utf8 COLLATE utf8_general_ci DEFAULT '' COMMENT 'è¯·æ±‚URL',
  `oper_ip` varchar(50) CHARACTER SET utf8 COLLATE utf8_general_ci DEFAULT '' COMMENT 'ä¸»æœºåœ°å€',
  `oper_location` varchar(255) CHARACTER SET utf8 COLLATE utf8_general_ci DEFAULT '' COMMENT 'æ“ä½œåœ°ç‚¹',
  `oper_param` varchar(2000) CHARACTER SET utf8 COLLATE utf8_general_ci DEFAULT '' COMMENT 'è¯·æ±‚å‚æ•°',
  `json_result` varchar(2000) CHARACTER SET utf8 COLLATE utf8_general_ci DEFAULT '' COMMENT 'è¿”å›å‚æ•°',
  `status` int DEFAULT '0' COMMENT 'æ“ä½œçŠ¶æ€ï¼ˆ0æ­£å¸¸ 1å¼‚å¸¸ï¼‰',
  `error_msg` varchar(2000) CHARACTER SET utf8 COLLATE utf8_general_ci DEFAULT '' COMMENT 'é”™è¯¯æ¶ˆæ¯',
  `oper_time` datetime DEFAULT NULL COMMENT 'æ“ä½œæ—¶é—´',
  PRIMARY KEY (`oper_id`) USING BTREE
) ENGINE=InnoDB AUTO_INCREMENT=199 DEFAULT CHARSET=utf8 ROW_FORMAT=DYNAMIC COMMENT='æ“ä½œæ—¥å¿—è®°å½•';
/*!40101 SET character_set_client = @saved_cs_client */;

--
-- Dumping data for table `sys_oper_log`
--

LOCK TABLES `sys_oper_log` WRITE;
/*!40000 ALTER TABLE `sys_oper_log` DISABLE KEYS */;
INSERT INTO `sys_oper_log` VALUES (1,'ç”¨æˆ·å¤´åƒ',2,'com.ruoyi.web.controller.system.SysProfileController.avatar()','POST',1,'admin',NULL,'/system/user/profile/avatar','127.0.0.1','å†…ç½‘IP','','{\"msg\":\"æ“ä½œæˆåŠŸ\",\"imgUrl\":\"/profile/avatar/2021/03/23/cabaf3c7-93a7-4ad2-a683-fde5242c47a8.jpeg\",\"code\":200}',0,NULL,'2021-03-23 15:22:44'),(2,'å­—å…¸ç±»å‹',1,'com.ruoyi.web.controller.system.SysDictTypeController.add()','POST',1,'admin',NULL,'/system/dict/type','127.0.0.1','å†…ç½‘IP','{\"createBy\":\"admin\",\"dictName\":\"ç”¨æˆ·æ“ä½œç±»å‹\",\"remark\":\"ç”¨æˆ·æ“ä½œç±»å‹\",\"params\":{},\"dictType\":\"operation_type\",\"status\":\"0\"}','{\"msg\":\"æ“ä½œæˆåŠŸ\",\"code\":200}',0,NULL,'2021-03-26 18:51:39'),(3,'å­—å…¸æ•°æ®',1,'com.ruoyi.web.controller.system.SysDictDataController.add()','POST',1,'admin',NULL,'/system/dict/data','127.0.0.1','å†…ç½‘IP','{\"dictValue\":\"1\",\"dictSort\":0,\"params\":{},\"dictType\":\"operation_type\",\"dictLabel\":\"ç‚¹èµ\",\"createBy\":\"admin\",\"default\":false,\"status\":\"0\"}','{\"msg\":\"æ“ä½œæˆåŠŸ\",\"code\":200}',0,NULL,'2021-03-26 18:52:08'),(4,'å­—å…¸æ•°æ®',1,'com.ruoyi.web.controller.system.SysDictDataController.add()','POST',1,'admin',NULL,'/system/dict/data','127.0.0.1','å†…ç½‘IP','{\"dictValue\":\"2\",\"dictSort\":0,\"params\":{},\"dictType\":\"operation_type\",\"dictLabel\":\"è¸©ä¸€è¸©\",\"createBy\":\"admin\",\"default\":false,\"status\":\"0\"}','{\"msg\":\"æ“ä½œæˆåŠŸ\",\"code\":200}',0,NULL,'2021-03-26 18:52:21'),(5,'å­—å…¸æ•°æ®',1,'com.ruoyi.web.controller.system.SysDictDataController.add()','POST',1,'admin',NULL,'/system/dict/data','127.0.0.1','å†…ç½‘IP','{\"dictValue\":\"3\",\"dictSort\":0,\"params\":{},\"dictType\":\"operation_type\",\"dictLabel\":\"è½¬å‘\",\"createBy\":\"admin\",\"default\":false,\"status\":\"0\"}','{\"msg\":\"æ“ä½œæˆåŠŸ\",\"code\":200}',0,NULL,'2021-03-26 18:52:30'),(6,'å­—å…¸æ•°æ®',1,'com.ruoyi.web.controller.system.SysDictDataController.add()','POST',1,'admin',NULL,'/system/dict/data','127.0.0.1','å†…ç½‘IP','{\"dictValue\":\"4\",\"dictSort\":0,\"params\":{},\"dictType\":\"operation_type\",\"dictLabel\":\"æ”¶è—\",\"createBy\":\"admin\",\"default\":false,\"status\":\"0\"}','{\"msg\":\"æ“ä½œæˆåŠŸ\",\"code\":200}',0,NULL,'2021-03-26 18:52:39'),(7,'å­—å…¸æ•°æ®',1,'com.ruoyi.web.controller.system.SysDictDataController.add()','POST',1,'admin',NULL,'/system/dict/data','127.0.0.1','å†…ç½‘IP','{\"dictValue\":\"4\",\"dictSort\":0,\"params\":{},\"dictType\":\"operation_type\",\"dictLabel\":\"æ”¶è—\",\"createBy\":\"admin\",\"default\":false,\"status\":\"0\"}','{\"msg\":\"æ“ä½œæˆåŠŸ\",\"code\":200}',0,NULL,'2021-03-26 18:52:40'),(8,'å­—å…¸ç±»å‹',3,'com.ruoyi.web.controller.system.SysDictDataController.remove()','DELETE',1,'admin',NULL,'/system/dict/data/33','127.0.0.1','å†…ç½‘IP','{dictCodes=33}','{\"msg\":\"æ“ä½œæˆåŠŸ\",\"code\":200}',0,NULL,'2021-03-26 18:52:44'),(9,'å­—å…¸æ•°æ®',1,'com.ruoyi.web.controller.system.SysDictDataController.add()','POST',1,'admin',NULL,'/system/dict/data','127.0.0.1','å†…ç½‘IP','{\"dictValue\":\"5\",\"dictSort\":0,\"params\":{},\"dictType\":\"operation_type\",\"dictLabel\":\"è¯„è®º\",\"createBy\":\"admin\",\"default\":false,\"status\":\"0\"}','{\"msg\":\"æ“ä½œæˆåŠŸ\",\"code\":200}',0,NULL,'2021-03-26 18:52:54'),(10,'ä»£ç ç”Ÿæˆ',6,'com.ruoyi.generator.controller.GenController.importTableSave()','POST',1,'admin',NULL,'/tool/gen/importTable','127.0.0.1','å†…ç½‘IP','busi_follows,busi_comment,busi_article,busi_image,busi_lable','{\"msg\":\"æ“ä½œæˆåŠŸ\",\"code\":200}',0,NULL,'2021-03-31 17:32:51'),(11,'ä»£ç ç”Ÿæˆ',6,'com.ruoyi.generator.controller.GenController.importTableSave()','POST',1,'admin',NULL,'/tool/gen/importTable','127.0.0.1','å†…ç½‘IP','busi_follows','{\"msg\":\"æ“ä½œæˆåŠŸ\",\"code\":200}',0,NULL,'2021-03-31 17:44:01'),(12,'ä»£ç ç”Ÿæˆ',6,'com.ruoyi.generator.controller.GenController.importTableSave()','POST',1,'admin',NULL,'/tool/gen/importTable','127.0.0.1','å†…ç½‘IP','sys_dept','{\"msg\":\"æ“ä½œæˆåŠŸ\",\"code\":200}',0,NULL,'2021-03-31 17:49:39'),(13,'ä»£ç ç”Ÿæˆ',6,'com.ruoyi.generator.controller.GenController.importTableSave()','POST',1,'admin',NULL,'/tool/gen/importTable','127.0.0.1','å†…ç½‘IP','busi_article','{\"msg\":\"æ“ä½œæˆåŠŸ\",\"code\":200}',0,NULL,'2021-03-31 18:00:40'),(14,'ä»£ç ç”Ÿæˆ',6,'com.ruoyi.generator.controller.GenController.importTableSave()','POST',1,'admin',NULL,'/tool/gen/importTable','127.0.0.1','å†…ç½‘IP','busi_article','{\"msg\":\"æ“ä½œæˆåŠŸ\",\"code\":200}',0,NULL,'2021-03-31 18:10:18'),(15,'ä»£ç ç”Ÿæˆ',8,'com.ruoyi.generator.controller.GenController.batchGenCode()','GET',1,'admin',NULL,'/tool/gen/batchGenCode','127.0.0.1','å†…ç½‘IP','{}','null',0,NULL,'2021-03-31 18:10:36'),(16,'ä»£ç ç”Ÿæˆ',3,'com.ruoyi.generator.controller.GenController.remove()','DELETE',1,'admin',NULL,'/tool/gen/1','127.0.0.1','å†…ç½‘IP','{tableIds=1}','{\"msg\":\"æ“ä½œæˆåŠŸ\",\"code\":200}',0,NULL,'2021-04-01 15:44:20'),(17,'ä»£ç ç”Ÿæˆ',6,'com.ruoyi.generator.controller.GenController.importTableSave()','POST',1,'admin',NULL,'/tool/gen/importTable','127.0.0.1','å†…ç½‘IP','busi_article','{\"msg\":\"æ“ä½œæˆåŠŸ\",\"code\":200}',0,NULL,'2021-04-01 15:44:48'),(18,'ä»£ç ç”Ÿæˆ',8,'com.ruoyi.generator.controller.GenController.batchGenCode()','GET',1,'admin',NULL,'/tool/gen/batchGenCode','127.0.0.1','å†…ç½‘IP','{}','null',0,NULL,'2021-04-01 15:45:02'),(19,'ä»£ç ç”Ÿæˆ',3,'com.ruoyi.generator.controller.GenController.remove()','DELETE',1,'admin',NULL,'/tool/gen/2','127.0.0.1','å†…ç½‘IP','{tableIds=2}','{\"msg\":\"æ“ä½œæˆåŠŸ\",\"code\":200}',0,NULL,'2021-04-01 15:52:16'),(20,'ä»£ç ç”Ÿæˆ',6,'com.ruoyi.generator.controller.GenController.importTableSave()','POST',1,'admin',NULL,'/tool/gen/importTable','127.0.0.1','å†…ç½‘IP','busi_article','{\"msg\":\"æ“ä½œæˆåŠŸ\",\"code\":200}',0,NULL,'2021-04-01 15:52:23'),(21,'ä»£ç ç”Ÿæˆ',8,'com.ruoyi.generator.controller.GenController.batchGenCode()','GET',1,'admin',NULL,'/tool/gen/batchGenCode','127.0.0.1','å†…ç½‘IP','{}','null',0,NULL,'2021-04-01 15:52:25'),(22,'ä»£ç ç”Ÿæˆ',3,'com.ruoyi.generator.controller.GenController.remove()','DELETE',1,'admin',NULL,'/tool/gen/3','127.0.0.1','å†…ç½‘IP','{tableIds=3}','{\"msg\":\"æ“ä½œæˆåŠŸ\",\"code\":200}',0,NULL,'2021-04-01 16:16:39'),(23,'ä»£ç ç”Ÿæˆ',6,'com.ruoyi.generator.controller.GenController.importTableSave()','POST',1,'admin',NULL,'/tool/gen/importTable','127.0.0.1','å†…ç½‘IP','busi_article','{\"msg\":\"æ“ä½œæˆåŠŸ\",\"code\":200}',0,NULL,'2021-04-01 16:16:43'),(24,'ä»£ç ç”Ÿæˆ',6,'com.ruoyi.generator.controller.GenController.importTableSave()','POST',1,'admin',NULL,'/tool/gen/importTable','127.0.0.1','å†…ç½‘IP','busi_comment,busi_lable,busi_type','{\"msg\":\"æ“ä½œæˆåŠŸ\",\"code\":200}',0,NULL,'2021-04-13 14:47:59'),(25,'ä»£ç ç”Ÿæˆ',8,'com.ruoyi.generator.controller.GenController.batchGenCode()','GET',1,'admin',NULL,'/tool/gen/batchGenCode','127.0.0.1','å†…ç½‘IP','{}','null',0,NULL,'2021-04-13 14:48:07'),(26,'ä»£ç ç”Ÿæˆ',3,'com.ruoyi.generator.controller.GenController.remove()','DELETE',1,'admin',NULL,'/tool/gen/5','127.0.0.1','å†…ç½‘IP','{tableIds=5}','{\"msg\":\"æ“ä½œæˆåŠŸ\",\"code\":200}',0,NULL,'2021-04-13 16:21:06'),(27,'ä»£ç ç”Ÿæˆ',6,'com.ruoyi.generator.controller.GenController.importTableSave()','POST',1,'admin',NULL,'/tool/gen/importTable','127.0.0.1','å†…ç½‘IP','busi_comment','{\"msg\":\"æ“ä½œæˆåŠŸ\",\"code\":200}',0,NULL,'2021-04-13 16:21:11'),(28,'ä»£ç ç”Ÿæˆ',2,'com.ruoyi.generator.controller.GenController.synchDb()','GET',1,'admin',NULL,'/tool/gen/synchDb/busi_comment','127.0.0.1','å†…ç½‘IP','{tableName=busi_comment}','{\"msg\":\"æ“ä½œæˆåŠŸ\",\"code\":200}',0,NULL,'2021-04-13 16:31:52'),(29,'ä»£ç ç”Ÿæˆ',3,'com.ruoyi.generator.controller.GenController.remove()','DELETE',1,'admin',NULL,'/tool/gen/6','127.0.0.1','å†…ç½‘IP','{tableIds=6}','{\"msg\":\"æ“ä½œæˆåŠŸ\",\"code\":200}',0,NULL,'2021-04-13 16:32:54'),(30,'ä»£ç ç”Ÿæˆ',3,'com.ruoyi.generator.controller.GenController.remove()','DELETE',1,'admin',NULL,'/tool/gen/7','127.0.0.1','å†…ç½‘IP','{tableIds=7}','{\"msg\":\"æ“ä½œæˆåŠŸ\",\"code\":200}',0,NULL,'2021-04-13 16:32:58'),(31,'ä»£ç ç”Ÿæˆ',3,'com.ruoyi.generator.controller.GenController.remove()','DELETE',1,'admin',NULL,'/tool/gen/8','127.0.0.1','å†…ç½‘IP','{tableIds=8}','{\"msg\":\"æ“ä½œæˆåŠŸ\",\"code\":200}',0,NULL,'2021-04-13 16:33:00'),(32,'ä»£ç ç”Ÿæˆ',6,'com.ruoyi.generator.controller.GenController.importTableSave()','POST',1,'admin',NULL,'/tool/gen/importTable','127.0.0.1','å†…ç½‘IP','busi_comment','{\"msg\":\"æ“ä½œæˆåŠŸ\",\"code\":200}',0,NULL,'2021-04-13 16:33:11'),(33,'ä»£ç ç”Ÿæˆ',8,'com.ruoyi.generator.controller.GenController.batchGenCode()','GET',1,'admin',NULL,'/tool/gen/batchGenCode','127.0.0.1','å†…ç½‘IP','{}','null',0,NULL,'2021-04-13 16:33:14'),(34,'ä»£ç ç”Ÿæˆ',8,'com.ruoyi.generator.controller.GenController.batchGenCode()','GET',1,'admin',NULL,'/tool/gen/batchGenCode','127.0.0.1','å†…ç½‘IP','{}','null',0,NULL,'2021-04-13 16:34:45'),(35,'é€šçŸ¥å…¬å‘Š',2,'com.ruoyi.web.controller.system.SysNoticeController.edit()','PUT',1,'admin',NULL,'/system/notice','127.0.0.1','å†…ç½‘IP','{\"noticeContent\":\"<p>æ–°ç‰ˆæœ¬å†…å®¹å•¥çš„ï¼ï¼ï¼ä½ æ˜¯æ€ä¹ˆå­˜çš„ï¼Ÿ<img src=\\\"data:image/png;base64,iVBORw0KGgoAAAANSUhEUgAAA/IAAAElCAYAAABHxtmGAAAgAElEQVR4nOydCbyd07n/V3IISQRJUCLmqppCDDGkmio1Va+hlE9qqmu4rWu8HyVcBFUNrRqqLXINKa0OippVRChClRtDcitmEjGE5CCJJEf+/99qn9113vMOa+/1Ds97zu/7+ezP2WfvZ+/3t9e7hudZo2lvb1+a9pg5c+ZSH2BbhR31hdlRX5gd9YXZUV+YHfWF2VFfmB31hdlRX5gd9YXZUV+YHfWF2VFfc3YLFiyIjdN7G0IIIYQQQgghhNQGBvKEEEIIIYQQQkiNYCBPCCGEEEIIIYTUCAbyhBBCCCGEEEJIjWAgTwghhBBCCCGE1AgG8oQQQgghhBBCSI1gIE8IIYQQQgghhNSIXjiDLs3go48+MgMGDChLT9NQXxjUFwb1hUF9Ybj6PvjgA/P3v/+9YkWdWbBggenbt2/VMhKhvjCoL4yepG/dddc1a6yxRi7fJdSpftYI9YVBfWFQX3O0tbWZjo6OLq8v4/Nhnx/i+4NpRzva0Y52+dv95S9/MU888YRZe+21Mz9HCCFl8f7775u33nrLHHjggZXXk7SjHe1oV0e7hQsXth7IE0II0c+wYcPM/vvvX7UMQghpgA7GF154oWoZhBDS7eAaeUIIIYQQQgghpEYwkCeEEEIIIYQQQmoEA3lCCCGkG4D1c5999lnVMgghhBBSAgzkCSGEEGUsXbrUbnqD0wiee+458+abb6baz58/35x33nnm1FNPNS+//LL9vA+PP/642Wmnncy3vvUtuyFZFLyG97bbbjvz2GOPeeuHnrlz52Y+Fi9ebO3nzJljrrjiCnPGGWeYjz/+OPY7//a3v5mtt97aHH744fazhBBCSE+Gm90RQgghJYEA97bbbjPt7e32fwSyzz//vD3qCyBAnTlzZpfPIYD94Q9/aFZZZZXY7/zJT35i7rzzTrPMMsuYLbfc0h73heNq0sBu4tddd539/HvvvWfGjBljevXq1XgfnQIIntExgO+97LLLzC9/+Uv73oorrmi++93vmosuusjqd9ljjz3MCiusYP7whz9kpsfVV19tfxt+/6RJk+xv32uvvcyXvvQlmxYnnnhiI8iPAm3HHHOMOeKII8zxxx+feS1CCCGkO8FAnhBCCCmJRYsWmfvuu69L8JsFgtZ7773XjB492vTu/a/JdBLEo3OgT58+Nhjfe++9rQ1G5Z955hkzbdo0O6qO94V33nnHjuDje9dcc02z7LLLmpdeesmst956NmgHDz/8sA3G8f/QoUPNG2+8YVZddVWz8sore+vGd6+00kp2ZB+dF9H/BZwxjpkBf/7zn20HA5cIEEIIIekwkCeEEEIqYLPNNrNT1iUwxyj2BhtsYP/v16+fDXrxvH///jbQjjJv3jwzbtw42zEwePBg89///d82GJZR9aefftqcdNJJNtjHNP1///d/t8E8gmRMqX/qqafsaDgC+l/96lc2aD/44IPNLrvsYoP6u+++255du+eee5rdd9/dTntffvnlzdixY836669vvwcj5a+99po5/fTTzaBBg8wFF1xg/2KkH+Ca+Oz5559vOyKi/4Pbb7/dahDwHh74beDtt982BxxwQON9dIJAIyGEENKT8Qrk4QDQjna0ox3t9NrJ1GxSH/bff3+zzz77tPRZTHc/99xz7fncCP7POeccs+mmm3ay2Wqrrez0eATX48ePtwH+0UcfbafcI5hG3tl+++1tcP7Vr37VBvd475577jEXXnihOeqoo8zPfvYz20mAUfQjjzzSTnNHhwNG09HBgCn2AwYMsB0O+Czs8L90Jjz00EN2ff+MGTNi/yc9A8xEAVXXk7SjHe1oV0e7pKVyXoE8GmWfi9KOdrSjHe2qsevbty+D+ZqBoBajzc2w66672qnyC','{\"msg\":\"æ“ä½œæˆåŠŸ\",\"code\":200}',0,NULL,'2021-04-15 13:27:13'),(36,'é€šçŸ¥å…¬å‘Š',2,'com.ruoyi.web.controller.system.SysNoticeController.edit()','PUT',1,'admin',NULL,'/system/notice','127.0.0.1','å†…ç½‘IP','{\"noticeContent\":\"<p>æ–°ç‰ˆæœ¬å†…å®¹å•¥çš„ï¼ï¼ï¼ä½ æ˜¯æ€ä¹ˆå­˜çš„ï¼Ÿ<img src=\\\"data:image/png;base64,iVBORw0KGgoAAAANSUhEUgAAA/IAAAElCAYAAABHxtmGAAAgAElEQVR4nOydCbyd07n/V3IISQRJUCLmqppCDDGkmio1Va+hlE9qqmu4rWu8HyVcBFUNrRqqLXINKa0OippVRChClRtDcitmEjGE5CCJJEf+/99qn9113vMOa+/1Ds97zu/7+ezP2WfvZ+/3t9e7hudZo2lvb1+a9pg5c+ZSH2BbhR31hdlRX5gd9YXZUV+YHfWF2VFfmB31hdlRX5gd9YXZUV+YHfWF2VFfc3YLFiyIjdN7G0IIIYQQQgghhNQGBvKEEEIIIYQQQkiNYCBPCCGEEEIIIYTUCAbyhBBCCCGEEEJIjWAgTwghhBBCCCGE1AgG8oQQQgghhBBCSI1gIE8IIYQQQgghhNSIXjiDLs3go48+MgMGDChLT9NQXxjUFwb1hUF9Ybj6PvjgA/P3v/+9YkWdWbBggenbt2/VMhKhvjCoL4yepG/dddc1a6yxRi7fJdSpftYI9YVBfWFQX3O0tbWZjo6OLq8v4/Nhnx/i+4NpRzva0Y52+dv95S9/MU888YRZe+21Mz9HCCFl8f7775u33nrLHHjggZXXk7SjHe1oV0e7hQsXth7IE0II0c+wYcPM/vvvX7UMQghpgA7GF154oWoZhBDS7eAaeUIIIYQQQgghpEYwkCeEEEIIIYQQQmoEA3lCCCGkG4D1c5999lnVMgghhBBSAgzkCSGEEGUsXbrUbnqD0wiee+458+abb6baz58/35x33nnm1FNPNS+//LL9vA+PP/642Wmnncy3vvUtuyFZFLyG97bbbjvz2GOPeeuHnrlz52Y+Fi9ebO3nzJljrrjiCnPGGWeYjz/+OPY7//a3v5mtt97aHH744fazhBBCSE+Gm90RQgghJYEA97bbbjPt7e32fwSyzz//vD3qCyBAnTlzZpfPIYD94Q9/aFZZZZXY7/zJT35i7rzzTrPMMsuYLbfc0h73heNq0sBu4tddd539/HvvvWfGjBljevXq1XgfnQIIntExgO+97LLLzC9/+Uv73oorrmi++93vmosuusjqd9ljjz3MCiusYP7whz9kpsfVV19tfxt+/6RJk+xv32uvvcyXvvQlmxYnnnhiI8iPAm3HHHOMOeKII8zxxx+feS1CCCGkO8FAnhBCCCmJRYsWmfvuu69L8JsFgtZ7773XjB492vTu/a/JdBLEo3OgT58+Nhjfe++9rQ1G5Z955hkzbdo0O6qO94V33nnHjuDje9dcc02z7LLLmpdeesmst956NmgHDz/8sA3G8f/QoUPNG2+8YVZddVWz8sore+vGd6+00kp2ZB+dF9H/BZwxjpkBf/7zn20HA5cIEEIIIekwkCeEEEIqYLPNNrNT1iUwxyj2BhtsYP/v16+fDXrxvH///jbQjjJv3jwzbtw42zEwePBg89///d82GJZR9aefftqcdNJJNtjHNP1///d/t8E8gmRMqX/qqafsaDgC+l/96lc2aD/44IPNLrvsYoP6u+++255du+eee5rdd9/dTntffvnlzdixY836669vvwcj5a+99po5/fTTzaBBg8wFF1xg/2KkH+Ca+Oz5559vOyKi/4Pbb7/dahDwHh74beDtt982BxxwQON9dIJAIyGEENKT8Qrk4QDQjna0ox3t9NrJ1GxSH/bff3+zzz77tPRZTHc/99xz7fncCP7POeccs+mmm3ay2Wqrrez0eATX48ePtwH+0UcfbafcI5hG3tl+++1tcP7Vr37VBvd475577jEXXnihOeqoo8zPfvYz20mAUfQjjzzSTnNHhwNG09HBgCn2AwYMsB0O+Czs8L90Jjz00EN2ff+MGTNi/yc9A8xEAVXXk7SjHe1oV0e7pKVyXoE8GmWfi9KOdrSjHe2qsevbty+D+ZqBoBajzc2w66672qnyC','{\"msg\":\"æ“ä½œæˆåŠŸ\",\"code\":200}',0,NULL,'2021-04-15 13:39:38'),(37,'ä»£ç ç”Ÿæˆ',6,'com.ruoyi.generator.controller.GenController.importTableSave()','POST',1,'admin',NULL,'/tool/gen/importTable','127.0.0.1','å†…ç½‘IP','busi_lable_notice,busi_lable','{\"msg\":\"æ“ä½œæˆåŠŸ\",\"code\":200}',0,NULL,'2021-04-15 13:46:54'),(38,'ä»£ç ç”Ÿæˆ',8,'com.ruoyi.generator.controller.GenController.batchGenCode()','GET',1,'admin',NULL,'/tool/gen/batchGenCode','127.0.0.1','å†…ç½‘IP','{}','null',0,NULL,'2021-04-15 13:47:09'),(39,'ä»£ç ç”Ÿæˆ',2,'com.ruoyi.generator.controller.GenController.synchDb()','GET',1,'admin',NULL,'/tool/gen/synchDb/busi_lable','127.0.0.1','å†…ç½‘IP','{tableName=busi_lable}','{\"msg\":\"æ“ä½œæˆåŠŸ\",\"code\":200}',0,NULL,'2021-04-15 13:52:58'),(40,'ä»£ç ç”Ÿæˆ',3,'com.ruoyi.generator.controller.GenController.remove()','DELETE',1,'admin',NULL,'/tool/gen/10','127.0.0.1','å†…ç½‘IP','{tableIds=10}','{\"msg\":\"æ“ä½œæˆåŠŸ\",\"code\":200}',0,NULL,'2021-04-15 13:53:06'),(41,'ä»£ç ç”Ÿæˆ',6,'com.ruoyi.generator.controller.GenController.importTableSave()','POST',1,'admin',NULL,'/tool/gen/importTable','127.0.0.1','å†…ç½‘IP','busi_lable','{\"msg\":\"æ“ä½œæˆåŠŸ\",\"code\":200}',0,NULL,'2021-04-15 13:53:12'),(42,'ä»£ç ç”Ÿæˆ',6,'com.ruoyi.generator.controller.GenController.importTableSave()','POST',1,'admin',NULL,'/tool/gen/importTable','127.0.0.1','å†…ç½‘IP','busi_operation,busi_score','{\"msg\":\"æ“ä½œæˆåŠŸ\",\"code\":200}',0,NULL,'2021-04-17 17:54:03'),(43,'ä»£ç ç”Ÿæˆ',8,'com.ruoyi.generator.controller.GenController.batchGenCode()','GET',1,'admin',NULL,'/tool/gen/batchGenCode','127.0.0.1','å†…ç½‘IP','{}','null',0,NULL,'2021-04-17 17:54:13'),(44,'ã€è¯„è®ºã€‘',1,'com.ruoyi.web.controller.busi.BusiCommentController.add()','POST',1,'admin',NULL,'/system/comment','127.0.0.1','å†…ç½‘IP','{\"articleId\":1,\"params\":{},\"content\":\"å†Œæ•°æ‰“åˆ†\",\"createBy\":\"admin\",\"createTime\":1618629693000,\"answerUser\":0}','null',1,'\r\n### Error updating database.  Cause: java.sql.SQLException: Field \'id\' doesn\'t have a default value\r\n### The error may exist in file [E:\\IdeaProjects\\graduation\\ruoyi-system\\target\\classes\\mapper\\system\\BusiScoreMapper.xml]\r\n### The error may involve com.ruoyi.system.mapper.BusiScoreMapper.insertBusiScore-Inline\r\n### The error occurred while setting parameters\r\n### SQL: insert into busi_score          ( uid,             aid,             score,             ts )           values ( ?,             ?,             ?,             ? )\r\n### Cause: java.sql.SQLException: Field \'id\' doesn\'t have a default value\n; Field \'id\' doesn\'t have a default value; nested exception is java.sql.SQLException: Field \'id\' doesn\'t have a default value','2021-04-17 19:32:13'),(45,'ã€è¯„è®ºã€‘',1,'com.ruoyi.web.controller.busi.BusiCommentController.add()','POST',1,'admin',NULL,'/system/comment','127.0.0.1','å†…ç½‘IP','{\"articleId\":1,\"params\":{},\"content\":\"å†Œæ•°æ‰“åˆ†\",\"createBy\":\"admin\",\"createTime\":1618659159284,\"answerUser\":0,\"id\":5}','{\"msg\":\"æ“ä½œæˆåŠŸ\",\"code\":200}',0,NULL,'2021-04-17 19:32:39'),(46,'ã€è¯„è®ºã€‘',1,'com.ruoyi.web.controller.busi.BusiCommentController.add()','POST',1,'admin',NULL,'/system/comment','127.0.0.1','å†…ç½‘IP','{\"articleId\":1,\"params\":{},\"content\":\"å†Œæ•°æ‰“åˆ†\",\"createBy\":\"admin\",\"createTime\":1618659319674,\"answerUser\":0,\"id\":6}','{\"msg\":\"æ“ä½œæˆåŠŸ\",\"code\":200}',0,NULL,'2021-04-17 19:35:19'),(47,'ã€è¯„è®ºã€‘',1,'com.ruoyi.web.controller.busi.BusiCommentController.add()','POST',1,'admin',NULL,'/system/comment','127.0.0.1','å†…ç½‘IP','{\"articleId\":1,\"params\":{},\"content\":\"å†Œæ•°æ‰“åˆ†\",\"createBy\":\"admin\",\"createTime\":1618660667137,\"answerUser\":0,\"id\":7}','{\"msg\":\"æ“ä½œæˆåŠŸ\",\"code\":200}',0,NULL,'2021-04-17 19:57:47'),(48,'å®šæ—¶ä»»åŠ¡',2,'com.ruoyi.quartz.controller.SysJobController.run()','PUT',1,'admin',NULL,'/monitor/job/run','127.0.0.1','å†…ç½‘IP','{\"jobGroup\":\"DEFAULT\",\"params\":{},\"jobId\":1,\"misfirePolicy\":\"0\"}','{\"msg\":\"æ“ä½œæˆåŠŸ\",\"code\":200}',0,NULL,'2021-04-20 17:33:54'),(49,'å®šæ—¶ä»»åŠ¡',2,'com.ruoyi.quartz.controller.SysJobController.changeStatus()','PUT',1,'admin',NULL,'/monitor/job/changeStatus','127.0.0.1','å†…ç½‘IP','{\"params\":{},\"jobId\":1,\"misfirePolicy\":\"0\",\"status\":\"0\"}','{\"msg\":\"æ“ä½œæˆåŠŸ\",\"code\":200}',0,NULL,'2021-04-20 17:35:12'),(50,'å®šæ—¶ä»»åŠ¡',2,'com.ruoyi.quartz.controller.SysJobController.changeStatus()','PUT',1,'admin',NULL,'/monitor/job/changeStatus','127.0.0.1','å†…ç½‘IP','{\"params\":{},\"jobId\":1,\"misfirePolicy\":\"0\",\"status\":\"1\"}','{\"msg\":\"æ“ä½œæˆåŠŸ\",\"code\":200}',0,NULL,'2021-04-20 17:36:06'),(51,'å®šæ—¶ä»»åŠ¡',1,'com.ruoyi.quartz.controller.SysJobController.add()','POST',1,'admin',NULL,'/monitor/job','127.0.0.1','å†…ç½‘IP','{\"jobName\":\"åŒæ­¥ç‚¹èµæ•°æ®\",\"concurrent\":\"0\",\"jobGroup\":\"DEFAULT\",\"params\":{},\"cronExpression\":\"0/5 * * * *  ?\",\"jobId\":4,\"createBy\":\"admin\",\"nextValidTime\":1618920490000,\"invokeTarget\":\"myTask.updatePraise()\",\"misfirePolicy\":\"1\",\"status\":\"1\"}','{\"msg\":\"æ“ä½œæˆåŠŸ\",\"code\":200}',0,NULL,'2021-04-20 20:08:09'),(52,'å®šæ—¶ä»»åŠ¡',2,'com.ruoyi.quartz.controller.SysJobController.run()','PUT',1,'admin',NULL,'/monitor/job/run','127.0.0.1','å†…ç½‘IP','{\"jobGroup\":\"DEFAULT\",\"params\":{},\"jobId\":4,\"misfirePolicy\":\"0\"}','{\"msg\":\"æ“ä½œæˆåŠŸ\",\"code\":200}',0,NULL,'2021-04-20 20:08:23'),(53,'å®šæ—¶ä»»åŠ¡',2,'com.ruoyi.quartz.controller.SysJobController.run()','PUT',1,'admin',NULL,'/monitor/job/run','127.0.0.1','å†…ç½‘IP','{\"jobGroup\":\"DEFAULT\",\"params\":{},\"jobId\":4,\"misfirePolicy\":\"0\"}','{\"msg\":\"æ“ä½œæˆåŠŸ\",\"code\":200}',0,NULL,'2021-04-20 20:10:25'),(54,'å®šæ—¶ä»»åŠ¡',2,'com.ruoyi.quartz.controller.SysJobController.run()','PUT',1,'admin',NULL,'/monitor/job/run','127.0.0.1','å†…ç½‘IP','{\"jobGroup\":\"DEFAULT\",\"params\":{},\"jobId\":4,\"misfirePolicy\":\"0\"}','{\"msg\":\"æ“ä½œæˆåŠŸ\",\"code\":200}',0,NULL,'2021-04-20 20:15:34'),(55,'å®šæ—¶ä»»åŠ¡',2,'com.ruoyi.quartz.controller.SysJobController.run()','PUT',1,'admin',NULL,'/monitor/job/run','127.0.0.1','å†…ç½‘IP','{\"jobGroup\":\"DEFAULT\",\"params\":{},\"jobId\":4,\"misfirePolicy\":\"0\"}','{\"msg\":\"æ“ä½œæˆåŠŸ\",\"code\":200}',0,NULL,'2021-04-20 20:19:10'),(56,'å®šæ—¶ä»»åŠ¡',2,'com.ruoyi.quartz.controller.SysJobController.run()','PUT',1,'admin',NULL,'/monitor/job/run','127.0.0.1','å†…ç½‘IP','{\"jobGroup\":\"DEFAULT\",\"params\":{},\"jobId\":4,\"misfirePolicy\":\"0\"}','{\"msg\":\"æ“ä½œæˆåŠŸ\",\"code\":200}',0,NULL,'2021-04-20 20:23:30'),(57,'å®šæ—¶ä»»åŠ¡',2,'com.ruoyi.quartz.controller.SysJobController.run()','PUT',1,'admin',NULL,'/monitor/job/run','127.0.0.1','å†…ç½‘IP','{\"jobGroup\":\"DEFAULT\",\"params\":{},\"jobId\":4,\"misfirePolicy\":\"0\"}','{\"msg\":\"æ“ä½œæˆåŠŸ\",\"code\":200}',0,NULL,'2021-04-20 20:47:26'),(58,'å®šæ—¶ä»»åŠ¡',2,'com.ruoyi.quartz.controller.SysJobController.run()','PUT',1,'admin',NULL,'/monitor/job/run','127.0.0.1','å†…ç½‘IP','{\"jobGroup\":\"DEFAULT\",\"params\":{},\"jobId\":4,\"misfirePolicy\":\"0\"}','{\"msg\":\"æ“ä½œæˆåŠŸ\",\"code\":200}',0,NULL,'2021-04-20 20:56:30'),(59,'å®šæ—¶ä»»åŠ¡',2,'com.ruoyi.quartz.controller.SysJobController.run()','PUT',1,'admin',NULL,'/monitor/job/run','127.0.0.1','å†…ç½‘IP','{\"jobGroup\":\"DEFAULT\",\"params\":{},\"jobId\":4,\"misfirePolicy\":\"0\"}','{\"msg\":\"æ“ä½œæˆåŠŸ\",\"code\":200}',0,NULL,'2021-04-20 20:59:36'),(60,'å®šæ—¶ä»»åŠ¡',2,'com.ruoyi.quartz.controller.SysJobController.run()','PUT',1,'admin',NULL,'/monitor/job/run','127.0.0.1','å†…ç½‘IP','{\"jobGroup\":\"DEFAULT\",\"params\":{},\"jobId\":4,\"misfirePolicy\":\"0\"}','{\"msg\":\"æ“ä½œæˆåŠŸ\",\"code\":200}',0,NULL,'2021-04-20 21:00:58'),(61,'å®šæ—¶ä»»åŠ¡',2,'com.ruoyi.quartz.controller.SysJobController.run()','PUT',1,'admin',NULL,'/monitor/job/run','127.0.0.1','å†…ç½‘IP','{\"jobGroup\":\"DEFAULT\",\"params\":{},\"jobId\":4,\"misfirePolicy\":\"0\"}','{\"msg\":\"æ“ä½œæˆåŠŸ\",\"code\":200}',0,NULL,'2021-04-20 21:04:22'),(62,'å®šæ—¶ä»»åŠ¡',2,'com.ruoyi.quartz.controller.SysJobController.run()','PUT',1,'admin',NULL,'/monitor/job/run','127.0.0.1','å†…ç½‘IP','{\"jobGroup\":\"DEFAULT\",\"params\":{},\"jobId\":4,\"misfirePolicy\":\"0\"}','{\"msg\":\"æ“ä½œæˆåŠŸ\",\"code\":200}',0,NULL,'2021-04-20 21:07:04'),(63,'ä»£ç ç”Ÿæˆ',6,'com.ruoyi.generator.controller.GenController.importTableSave()','POST',1,'admin',NULL,'/tool/gen/importTable','127.0.0.1','å†…ç½‘IP','busi_follows','{\"msg\":\"æ“ä½œæˆåŠŸ\",\"code\":200}',0,NULL,'2021-04-26 17:42:18'),(64,'ä»£ç ç”Ÿæˆ',8,'com.ruoyi.generator.controller.GenController.batchGenCode()','GET',1,'admin',NULL,'/tool/gen/batchGenCode','127.0.0.1','å†…ç½‘IP','{}','null',0,NULL,'2021-04-26 17:42:24'),(65,'ã€ ä¿®æ”¹ã€æ–‡ç« ã€‘ã€‘',2,'com.ruoyi.web.controller.busi.BusiArticleController.edit()','PUT',1,'admin',NULL,'/system/article/','127.0.0.1','å†…ç½‘IP','{\"articleTitle\":\"requestbody\",\"articleId\":1,\"updateTime\":1619508082779,\"params\":{}}','{\"msg\":\"æ“ä½œæˆåŠŸ\",\"code\":200}',0,NULL,'2021-04-27 15:21:22'),(66,'å…³æ³¨ä¿¡æ¯',1,'com.ruoyi.web.controller.busi.BusiFollowsController.add()','POST',1,'admin',NULL,'/system/follows','127.0.0.1','å†…ç½‘IP','{\"followId\":3,\"createBy\":\"dfm\",\"createTime\":1620185395058,\"id\":4,\"params\":{},\"userId\":1}','{\"msg\":\"æ“ä½œæˆåŠŸ\",\"code\":200}',0,NULL,'2021-05-05 11:29:55'),(67,'è§’è‰²ç®¡ç†',2,'com.ruoyi.web.controller.system.SysRoleController.dataScope()','PUT',1,'admin',NULL,'/system/role/dataScope','127.0.0.1','å†…ç½‘IP','{\"flag\":false,\"roleId\":2,\"admin\":false,\"remark\":\"æ™®é€šè§’è‰²\",\"dataScope\":\"1\",\"delFlag\":\"0\",\"params\":{},\"roleSort\":\"2\",\"deptCheckStrictly\":true,\"createTime\":1521171180000,\"menuCheckStrictly\":true,\"roleKey\":\"common\",\"roleName\":\"æ™®é€šè§’è‰²\",\"deptIds\":[100,101,105],\"status\":\"0\"}','{\"msg\":\"æ“ä½œæˆåŠŸ\",\"code\":200}',0,NULL,'2021-05-05 14:30:36'),(68,'ç”¨æˆ·ç®¡ç†',1,'com.ruoyi.web.controller.system.SysUserController.add()','POST',1,'admin',NULL,'/system/user','127.0.0.1','å†…ç½‘IP','{\"admin\":false,\"password\":\"$2a$10$azcRVTGkYXf0B9PyMuf0FOkn7X7B0Q5iFgZp.9Y8dxjseb.Xkk.Cu\",\"postIds\":[],\"nickName\":\"ç”¨æˆ·æ˜µç§°\",\"sex\":\"0\",\"deptId\":100,\"params\":{},\"userName\":\"ç”¨æˆ·åç§°\",\"userId\":4,\"createBy\":\"admin\",\"roleIds\":[],\"status\":\"0\"}','{\"msg\":\"æ“ä½œæˆåŠŸ\",\"code\":200}',0,NULL,'2021-05-05 14:35:48'),(69,'éƒ¨é—¨ç®¡ç†',2,'com.ruoyi.web.controller.system.SysDeptController.edit()','PUT',1,'admin',NULL,'/system/dept','127.0.0.1','å†…ç½‘IP','{\"deptName\":\"æ˜è™¹ç¤¾åŒº\",\"leader\":\"admin\",\"deptId\":100,\"orderNum\":\"0\",\"delFlag\":\"0\",\"params\":{},\"parentId\":0,\"createBy\":\"admin\",\"children\":[],\"createTime\":1521171180000,\"phone\":\"15888888888\",\"updateBy\":\"admin\",\"ancestors\":\"0\",\"email\":\"mh@qq.com\",\"status\":\"0\"}','{\"msg\":\"æ“ä½œæˆåŠŸ\",\"code\":200}',0,NULL,'2021-05-05 15:09:44'),(70,'éƒ¨é—¨ç®¡ç†',3,'com.ruoyi.web.controller.system.SysDeptController.remove()','DELETE',1,'admin',NULL,'/system/dept/101','127.0.0.1','å†…ç½‘IP','{deptId=101}','{\"msg\":\"å­˜åœ¨ä¸‹çº§éƒ¨é—¨,ä¸å…è®¸åˆ é™¤\",\"code\":500}',0,NULL,'2021-05-05 15:09:55'),(71,'éƒ¨é—¨ç®¡ç†',2,'com.ruoyi.web.controller.system.SysDeptController.edit()','PUT',1,'admin',NULL,'/system/dept','127.0.0.1','å†…ç½‘IP','{\"deptName\":\"ç ”å‘\",\"leader\":\"admin\",\"deptId\":101,\"orderNum\":\"1\",\"delFlag\":\"0\",\"params\":{},\"parentId\":100,\"createBy\":\"admin\",\"children\":[],\"createTime\":1521171180000,\"phone\":\"15888888888\",\"updateBy\":\"admin\",\"ancestors\":\"0,100\",\"email\":\"mh@qq.com\",\"status\":\"0\"}','{\"msg\":\"æ“ä½œæˆåŠŸ\",\"code\":200}',0,NULL,'2021-05-05 15:10:58'),(72,'éƒ¨é—¨ç®¡ç†',3,'com.ruoyi.web.controller.system.SysDeptController.remove()','DELETE',1,'admin',NULL,'/system/dept/103','127.0.0.1','å†…ç½‘IP','{deptId=103}','{\"msg\":\"éƒ¨é—¨å­˜åœ¨ç”¨æˆ·,ä¸å…è®¸åˆ é™¤\",\"code\":500}',0,NULL,'2021-05-05 15:11:12'),(73,'ç”¨æˆ·ç®¡ç†',2,'com.ruoyi.web.controller.system.SysUserController.edit()','PUT',1,'admin',NULL,'/system/user','127.0.0.1','å†…ç½‘IP','{\"roles\":[{\"flag\":false,\"roleId\":1,\"admin\":true,\"dataScope\":\"1\",\"params\":{},\"roleSort\":\"1\",\"deptCheckStrictly\":false,\"menuCheckStrictly\":false,\"roleKey\":\"admin\",\"roleName\":\"è¶…çº§ç®¡ç†å‘˜\",\"status\":\"0\"}],\"phonenumber\":\"15888888888\",\"admin\":true,\"loginDate\":1521171180000,\"remark\":\"ç®¡ç†å‘˜\",\"delFlag\":\"0\",\"password\":\"\",\"postIds\":[1],\"loginIp\":\"127.0.0.1\",\"email\":\"ry@163.com\",\"nickName\":\"è‹¥ä¾\",\"sex\":\"1\",\"deptId\":100,\"avatar\":\"/profile/avatar/2021/03/23/cabaf3c7-93a7-4ad2-a683-fde5242c47a8.jpeg\",\"dept\":{\"deptName\":\"ç ”å‘éƒ¨é—¨\",\"leader\":\"è‹¥ä¾\",\"deptId\":103,\"orderNum\":\"1\",\"params\":{},\"parentId\":101,\"children\":[],\"status\":\"0\"},\"params\":{},\"userName\":\"admin\",\"userId\":1,\"createBy\":\"admin\",\"roleIds\":[1],\"createTime\":1521171180000,\"status\":\"0\"}','null',1,'ä¸å…è®¸æ“ä½œè¶…çº§ç®¡ç†å‘˜ç”¨æˆ·','2021-05-05 15:11:32'),(74,'ç”¨æˆ·ç®¡ç†',2,'com.ruoyi.web.controller.system.SysUserController.edit()','PUT',1,'admin',NULL,'/system/user','127.0.0.1','å†…ç½‘IP','{\"roles\":[{\"flag\":false,\"roleId\":2,\"admin\":false,\"dataScope\":\"1\",\"params\":{},\"roleSort\":\"2\",\"deptCheckStrictly\":false,\"menuCheckStrictly\":false,\"roleKey\":\"common\",\"roleName\":\"æ™®é€šè§’è‰²\",\"status\":\"0\"}],\"phonenumber\":\"15666666666\",\"admin\":false,\"loginDate\":1521171180000,\"remark\":\"æµ‹è¯•å‘˜\",\"delFlag\":\"0\",\"password\":\"\",\"updateBy\":\"admin\",\"postIds\":[2],\"loginIp\":\"127.0.0.1\",\"email\":\"ry@qq.com\",\"nickName\":\"è‹¥ä¾\",\"sex\":\"1\",\"deptId\":100,\"avatar\":\"\",\"dept\":{\"deptName\":\"æµ‹è¯•éƒ¨é—¨\",\"leader\":\"è‹¥ä¾\",\"deptId\":105,\"orderNum\":\"3\",\"params\":{},\"parentId\":101,\"children\":[],\"status\":\"0\"},\"params\":{},\"userName\":\"ry\",\"userId\":2,\"createBy\":\"admin\",\"roleIds\":[2],\"createTime\":1521171180000,\"status\":\"0\"}','{\"msg\":\"æ“ä½œæˆåŠŸ\",\"code\":200}',0,NULL,'2021-05-05 15:11:54'),(75,'éƒ¨é—¨ç®¡ç†',3,'com.ruoyi.web.controller.system.SysDeptController.remove()','DELETE',1,'admin',NULL,'/system/dept/102','127.0.0.1','å†…ç½‘IP','{deptId=102}','{\"msg\":\"å­˜åœ¨ä¸‹çº§éƒ¨é—¨,ä¸å…è®¸åˆ é™¤\",\"code\":500}',0,NULL,'2021-05-05 15:12:43'),(76,'éƒ¨é—¨ç®¡ç†',3,'com.ruoyi.web.controller.system.SysDeptController.remove()','DELETE',1,'admin',NULL,'/system/dept/108','127.0.0.1','å†…ç½‘IP','{deptId=108}','{\"msg\":\"æ“ä½œæˆåŠŸ\",\"code\":200}',0,NULL,'2021-05-05 15:12:48'),(77,'éƒ¨é—¨ç®¡ç†',3,'com.ruoyi.web.controller.system.SysDeptController.remove()','DELETE',1,'admin',NULL,'/system/dept/109','127.0.0.1','å†…ç½‘IP','{deptId=109}','{\"msg\":\"æ“ä½œæˆåŠŸ\",\"code\":200}',0,NULL,'2021-05-05 15:12:53'),(78,'éƒ¨é—¨ç®¡ç†',3,'com.ruoyi.web.controller.system.SysDeptController.remove()','DELETE',1,'admin',NULL,'/system/dept/102','127.0.0.1','å†…ç½‘IP','{deptId=102}','{\"msg\":\"æ“ä½œæˆåŠŸ\",\"code\":200}',0,NULL,'2021-05-05 15:12:57'),(79,'éƒ¨é—¨ç®¡ç†',2,'com.ruoyi.web.controller.system.SysDeptController.edit()','PUT',1,'admin',NULL,'/system/dept','127.0.0.1','å†…ç½‘IP','{\"deptName\":\"åç«¯ç ”å‘\",\"leader\":\"admin\",\"deptId\":103,\"orderNum\":\"1\",\"delFlag\":\"0\",\"params\":{},\"parentId\":101,\"createBy\":\"admin\",\"children\":[],\"createTime\":1521171180000,\"phone\":\"15888888888\",\"updateBy\":\"admin\",\"ancestors\":\"0,100,101\",\"email\":\"ry@qq.com\",\"status\":\"0\"}','{\"msg\":\"æ“ä½œæˆåŠŸ\",\"code\":200}',0,NULL,'2021-05-05 15:13:33'),(80,'è§’è‰²ç®¡ç†',2,'com.ruoyi.web.controller.system.SysRoleController.edit()','PUT',1,'admin',NULL,'/system/role','127.0.0.1','å†…ç½‘IP','{\"flag\":false,\"roleId\":2,\"admin\":false,\"remark\":\"æ™®é€šè§’è‰²\",\"dataScope\":\"1\",\"delFlag\":\"0\",\"params\":{},\"roleSort\":\"2\",\"deptCheckStrictly\":true,\"createTime\":1521171180000,\"updateBy\":\"admin\",\"menuCheckStrictly\":true,\"roleKey\":\"common\",\"roleName\":\"æ™®é€šè§’è‰²\",\"menuIds\":[1,1061,1062,1063,1064,1065,1066,1067,1068,1069,1070,1071,1072,1073,1074,1075,1076,1077,1078,1079,1080,1081,1082,1083,1084,1085,1086,1087,1088,1089,1090,1091,1092,1093,1094,1095,1096,100,1001,1002,1003,1004,1005,1006,1007,101,1008,1009,1010,1011,1012,102,1013,1014,1015,1016,103,1017,1018,1019,1020,104,1021,1022,1023,1024,1025,105,1026,1027,1028,1029,1030,106,1031,1032,1033,1034,1035,107,1036,1037,1038,1039,108,500,1040,1041,1042,501,1043,1044,1045],\"status\":\"0\"}','{\"msg\":\"æ“ä½œæˆåŠŸ\",\"code\":200}',0,NULL,'2021-05-05 15:15:07'),(81,'èœå•ç®¡ç†',3,'com.ruoyi.web.controller.system.SysMenuController.remove()','DELETE',1,'admin',NULL,'/system/menu/1097','127.0.0.1','å†…ç½‘IP','{menuId=1097}','{\"msg\":\"å­˜åœ¨å­èœå•,ä¸å…è®¸åˆ é™¤\",\"code\":500}',0,NULL,'2021-05-05 15:30:41'),(82,'èœå•ç®¡ç†',3,'com.ruoyi.web.controller.system.SysMenuController.remove()','DELETE',1,'admin',NULL,'/system/menu/1098','127.0.0.1','å†…ç½‘IP','{menuId=1098}','{\"msg\":\"æ“ä½œæˆåŠŸ\",\"code\":200}',0,NULL,'2021-05-05 15:31:48'),(83,'èœå•ç®¡ç†',3,'com.ruoyi.web.controller.system.SysMenuController.remove()','DELETE',1,'admin',NULL,'/system/menu/1097','127.0.0.1','å†…ç½‘IP','{menuId=1097}','{\"msg\":\"å­˜åœ¨å­èœå•,ä¸å…è®¸åˆ é™¤\",\"code\":500}',0,NULL,'2021-05-05 15:31:52'),(84,'èœå•ç®¡ç†',3,'com.ruoyi.web.controller.system.SysMenuController.remove()','DELETE',1,'admin',NULL,'/system/menu/1099','127.0.0.1','å†…ç½‘IP','{menuId=1099}','{\"msg\":\"æ“ä½œæˆåŠŸ\",\"code\":200}',0,NULL,'2021-05-05 15:32:00'),(85,'èœå•ç®¡ç†',3,'com.ruoyi.web.controller.system.SysMenuController.remove()','DELETE',1,'admin',NULL,'/system/menu/1102','127.0.0.1','å†…ç½‘IP','{menuId=1102}','{\"msg\":\"æ“ä½œæˆåŠŸ\",\"code\":200}',0,NULL,'2021-05-05 15:32:07'),(86,'èœå•ç®¡ç†',3,'com.ruoyi.web.controller.system.SysMenuController.remove()','DELETE',1,'admin',NULL,'/system/menu/1101','127.0.0.1','å†…ç½‘IP','{menuId=1101}','{\"msg\":\"æ“ä½œæˆåŠŸ\",\"code\":200}',0,NULL,'2021-05-05 15:32:10'),(87,'èœå•ç®¡ç†',3,'com.ruoyi.web.controller.system.SysMenuController.remove()','DELETE',1,'admin',NULL,'/system/menu/1100','127.0.0.1','å†…ç½‘IP','{menuId=1100}','{\"msg\":\"æ“ä½œæˆåŠŸ\",\"code\":200}',0,NULL,'2021-05-05 15:32:13'),(88,'èœå•ç®¡ç†',3,'com.ruoyi.web.controller.system.SysMenuController.remove()','DELETE',1,'admin',NULL,'/system/menu/1097','127.0.0.1','å†…ç½‘IP','{menuId=1097}','{\"msg\":\"æ“ä½œæˆåŠŸ\",\"code\":200}',0,NULL,'2021-05-05 15:32:18'),(89,'è§’è‰²ç®¡ç†',2,'com.ruoyi.web.controller.system.SysRoleController.edit()','PUT',1,'admin',NULL,'/system/role','127.0.0.1','å†…ç½‘IP','{\"flag\":false,\"roleId\":2,\"admin\":false,\"remark\":\"æ™®é€šè§’è‰²\",\"dataScope\":\"1\",\"delFlag\":\"0\",\"params\":{},\"roleSort\":\"2\",\"deptCheckStrictly\":true,\"createTime\":1521171180000,\"updateBy\":\"admin\",\"menuCheckStrictly\":true,\"roleKey\":\"common\",\"roleName\":\"æ™®é€šè§’è‰²\",\"menuIds\":[1,1061,1062,1063,1064,1065,1066,1067,1068,1069,1070,1071,1072,1073,1074,1075,1076,1077,1078,1079,1080,1081,1082,1083,1084,1085,1086,1087,1088,1089,1090,1091,1092,1093,1094,1095,1096,1103,1104,1105,1106,1107,1108,100,1001,1002,1003,1004,1005,1006,1007,101,1008,1009,1010,1011,1012,102,1013,1014,1015,1016,103,1017,1018,1019,1020,104,1021,1022,1023,1024,1025,105,1026,1027,1028,1029,1030,106,1031,1032,1033,1034,1035,107,1036,1037,1038,1039,108,500,1040,1041,1042,501,1043,1044,1045],\"status\":\"0\"}','{\"msg\":\"æ“ä½œæˆåŠŸ\",\"code\":200}',0,NULL,'2021-05-05 15:34:38'),(90,'è§’è‰²ç®¡ç†',2,'com.ruoyi.web.controller.system.SysRoleController.dataScope()','PUT',1,'admin',NULL,'/system/role/dataScope','127.0.0.1','å†…ç½‘IP','{\"flag\":false,\"roleId\":2,\"admin\":false,\"remark\":\"æ™®é€šè§’è‰²\",\"dataScope\":\"1\",\"delFlag\":\"0\",\"params\":{},\"roleSort\":\"2\",\"deptCheckStrictly\":true,\"createTime\":1521171180000,\"menuCheckStrictly\":true,\"roleKey\":\"common\",\"roleName\":\"æ™®é€šè§’è‰²\",\"deptIds\":[100,101,105],\"status\":\"0\"}','{\"msg\":\"æ“ä½œæˆåŠŸ\",\"code\":200}',0,NULL,'2021-05-05 15:35:23'),(91,'éƒ¨é—¨ç®¡ç†',1,'com.ruoyi.web.controller.system.SysDeptController.add()','POST',1,'admin',NULL,'/system/dept','127.0.0.1','å†…ç½‘IP','{\"deptName\":\"æ™®é€šç”¨æˆ·\",\"leader\":\"admin\",\"orderNum\":\"2\",\"params\":{},\"parentId\":100,\"createBy\":\"admin\",\"children\":[],\"ancestors\":\"0,100\",\"status\":\"0\"}','{\"msg\":\"æ“ä½œæˆåŠŸ\",\"code\":200}',0,NULL,'2021-05-05 15:40:13'),(92,'éƒ¨é—¨ç®¡ç†',3,'com.ruoyi.web.controller.system.SysDeptController.remove()','DELETE',1,'admin',NULL,'/system/dept/104','127.0.0.1','å†…ç½‘IP','{deptId=104}','{\"msg\":\"æ“ä½œæˆåŠŸ\",\"code\":200}',0,NULL,'2021-05-05 15:40:19'),(93,'éƒ¨é—¨ç®¡ç†',3,'com.ruoyi.web.controller.system.SysDeptController.remove()','DELETE',1,'admin',NULL,'/system/dept/105','127.0.0.1','å†…ç½‘IP','{deptId=105}','{\"msg\":\"æ“ä½œæˆåŠŸ\",\"code\":200}',0,NULL,'2021-05-05 15:40:26'),(94,'éƒ¨é—¨ç®¡ç†',3,'com.ruoyi.web.controller.system.SysDeptController.remove()','DELETE',1,'admin',NULL,'/system/dept/106','127.0.0.1','å†…ç½‘IP','{deptId=106}','{\"msg\":\"æ“ä½œæˆåŠŸ\",\"code\":200}',0,NULL,'2021-05-05 15:40:28'),(95,'éƒ¨é—¨ç®¡ç†',3,'com.ruoyi.web.controller.system.SysDeptController.remove()','DELETE',1,'admin',NULL,'/system/dept/107','127.0.0.1','å†…ç½‘IP','{deptId=107}','{\"msg\":\"æ“ä½œæˆåŠŸ\",\"code\":200}',0,NULL,'2021-05-05 15:40:31'),(96,'éƒ¨é—¨ç®¡ç†',1,'com.ruoyi.web.controller.system.SysDeptController.add()','POST',1,'admin',NULL,'/system/dept','127.0.0.1','å†…ç½‘IP','{\"deptName\":\"å‰ç«¯ç ”å‘\",\"leader\":\"admin\",\"orderNum\":\"1\",\"params\":{},\"parentId\":101,\"createBy\":\"admin\",\"children\":[],\"ancestors\":\"0,100,101\",\"status\":\"0\"}','{\"msg\":\"æ“ä½œæˆåŠŸ\",\"code\":200}',0,NULL,'2021-05-05 15:40:53'),(97,'è§’è‰²ç®¡ç†',2,'com.ruoyi.web.controller.system.SysRoleController.dataScope()','PUT',1,'admin',NULL,'/system/role/dataScope','127.0.0.1','å†…ç½‘IP','{\"flag\":false,\"roleId\":2,\"admin\":false,\"remark\":\"æ™®é€šè§’è‰²\",\"dataScope\":\"2\",\"delFlag\":\"0\",\"params\":{},\"roleSort\":\"2\",\"deptCheckStrictly\":true,\"createTime\":1521171180000,\"menuCheckStrictly\":true,\"roleKey\":\"common\",\"roleName\":\"æ™®é€šè§’è‰²\",\"deptIds\":[100,110],\"status\":\"0\"}','{\"msg\":\"æ“ä½œæˆåŠŸ\",\"code\":200}',0,NULL,'2021-05-05 15:41:35'),(98,'ã€æ–°å¢ã€æ–‡ç« ã€‘ã€‘',1,'com.ruoyi.web.controller.busi.BusiArticleController.add()','POST',1,'admin',NULL,'/system/article','127.0.0.1','å†…ç½‘IP','{\"imgs\":[],\"articleTitle\":\"ç°åœ¨æ‰å‡å ªç§°é€‰ä¸¾\",\"vedios\":[],\"articleId\":11,\"params\":{},\"createTime\":1620236285107,\"articleContent\":\"æ˜¯å¦“å¥³ç©ºé—´æ˜¯å¥³æ¬¾å£«å¤§å¤«\",\"createUser\":\"admin\",\"articleLable\":\"\"}','{\"msg\":\"æ“ä½œæˆåŠŸ\",\"code\":200}',0,NULL,'2021-05-06 01:38:05'),(99,'ç”¨æˆ·å¤´åƒ',2,'com.ruoyi.web.controller.system.SysProfileController.avatar()','POST',1,'admin',NULL,'/system/user/profile/avatar','127.0.0.1','å†…ç½‘IP','','{\"msg\":\"æ“ä½œæˆåŠŸ\",\"imgUrl\":\"/profile/avatar/2021/05/06/0ec1a57d-6c1c-457c-b85d-67b63e1fd616.jpeg\",\"code\":200}',0,NULL,'2021-05-06 01:38:24'),(100,'ã€æ–°å¢ã€æ–‡ç« ã€‘ã€‘',1,'com.ruoyi.web.controller.busi.BusiArticleController.add()','POST',1,'admin',NULL,'/system/article','127.0.0.1','å†…ç½‘IP','{\"imgs\":[],\"articleTitle\":\"æ¬§è¨ä½èšå“¦å¯¹å¸æ³•\",\"vedios\":[],\"articleId\":12,\"params\":{},\"createTime\":1620236320096,\"articleContent\":\"å“¦å“¦ä½ çš„ç©ºé—´\",\"createUser\":\"admin\",\"articleLable\":\"\"}','{\"msg\":\"æ“ä½œæˆåŠŸ\",\"code\":200}',0,NULL,'2021-05-06 01:38:40'),(101,'ã€æ–°å¢ã€æ–‡ç« ã€‘ã€‘',1,'com.ruoyi.web.controller.busi.BusiArticleController.add()','POST',1,'admin',NULL,'/system/article','127.0.0.1','å†…ç½‘IP','{\"imgs\":[],\"articleTitle\":\"çš„æ’’æ“¦é€Ÿåº¦\",\"vedios\":[],\"articleId\":13,\"articleVediourls\":\"\",\"params\":{},\"createTime\":1620236327435,\"articleContent\":\"æ’’å¯¹æ’’\",\"createUser\":\"admin\",\"articleLable\":\"\"}','{\"msg\":\"æ“ä½œæˆåŠŸ\",\"code\":200}',0,NULL,'2021-05-06 01:38:47'),(102,'ã€æ–°å¢ã€æ–‡ç« ã€‘ã€‘',1,'com.ruoyi.web.controller.busi.BusiArticleController.add()','POST',1,'admin',NULL,'/system/article','127.0.0.1','å†…ç½‘IP','{\"imgs\":[],\"articleTitle\":\"é˜¿è¿ªæ–¯æ‰“æ’’é˜¿æ–¯é¡¿æ’’æ—¦\",\"vedios\":[],\"articleId\":14,\"articleVediourls\":\"\",\"params\":{},\"createTime\":1620236335244,\"articleContent\":\"é˜¿æ–¯é¡¿éƒ½æ˜¯æ’’å¯¹æ’’é˜¿æ–¯é¡¿çš„\",\"createUser\":\"admin\",\"articleLable\":\"\"}','{\"msg\":\"æ“ä½œæˆåŠŸ\",\"code\":200}',0,NULL,'2021-05-06 01:38:55'),(103,'ã€æ–°å¢ã€æ–‡ç« ã€‘ã€‘',1,'com.ruoyi.web.controller.busi.BusiArticleController.add()','POST',1,'admin',NULL,'/system/article','127.0.0.1','å†…ç½‘IP','{\"imgs\":[\"http://localhost:8080/profile/upload/2021/05/06/2bd94aeb-0a83-4018-bb31-407cd953cfd2.png\"],\"articleTitle\":\"å¥¥æ–¯ä¸å£«å¤§å¤«çœ‹è§å‘\",\"vedios\":[],\"articleImgurls\":\"http://localhost:8080/profile/upload/2021/05/06/2bd94aeb-0a83-4018-bb31-407cd953cfd2.png\",\"articleId\":15,\"articleVediourls\":\"\",\"params\":{},\"createTime\":1620236347118,\"articleContent\":\"å•Šæ’’æ—¦ç«‹åˆ»å°±åå€’æ˜¯å¡å¤«å¡æ’’åœ°æ–¹\",\"createUser\":\"admin\",\"articleLable\":\"\"}','{\"msg\":\"æ“ä½œæˆåŠŸ\",\"code\":200}',0,NULL,'2021-05-06 01:39:07'),(104,'ã€æ–°å¢ã€æ–‡ç« ã€‘ã€‘',1,'com.ruoyi.web.controller.busi.BusiArticleController.add()','POST',1,'admin',NULL,'/system/article','127.0.0.1','å†…ç½‘IP','{\"imgs\":[],\"articleTitle\":\"å•Šæ‰‹åŠ¨é˜€æ‰‹åŠ¨é˜€å¯èƒ½çš„\",\"vedios\":[],\"articleId\":16,\"articleVediourls\":\"\",\"params\":{},\"createTime\":1620236430005,\"articleContent\":\"é˜¿æ¾åœ°æ³•è‰°è‹¦æ’’æ—¦èŒƒå¾·è¨\",\"createUser\":\"admin\",\"articleLable\":\"\"}','{\"msg\":\"æ“ä½œæˆåŠŸ\",\"code\":200}',0,NULL,'2021-05-06 01:40:30'),(105,'ã€æ–°å¢ã€æ–‡ç« ã€‘ã€‘',1,'com.ruoyi.web.controller.busi.BusiArticleController.add()','POST',1,'admin',NULL,'/system/article','127.0.0.1','å†…ç½‘IP','{\"imgs\":[],\"articleTitle\":\"å•Šæ‰‹åŠ¨é˜€æ‰‹åŠ¨é˜€å¯èƒ½çš„\",\"vedios\":[],\"articleId\":11,\"articleVediourls\":\"\",\"params\":{},\"createTime\":1620236474365,\"articleContent\":\"é˜¿æ¾åœ°æ³•è‰°è‹¦æ’’æ—¦èŒƒå¾·è¨\",\"createUser\":\"admin\",\"articleLable\":\"\"}','{\"msg\":\"æ“ä½œæˆåŠŸ\",\"code\":200}',0,NULL,'2021-05-06 01:41:14'),(106,'ã€è¯„è®ºã€‘',1,'com.ruoyi.web.controller.busi.BusiCommentController.add()','POST',1,'admin',NULL,'/system/comment','127.0.0.1','å†…ç½‘IP','{\"imgs\":[],\"articleId\":11,\"params\":{},\"content\":\"içš„åå°„ç‡çš„ä»˜æ¬¾æ—¶é—´ä¸èƒ½è‚¯å®šå°±æ˜¯æ–¹ä¾¿\",\"createBy\":\"admin\",\"createTime\":1620236487352,\"answerUser\":1,\"id\":8}','{\"msg\":\"æ“ä½œæˆåŠŸ\",\"code\":200}',0,NULL,'2021-05-06 01:41:27'),(107,'ã€æ–°å¢ã€æ–‡ç« ã€‘ã€‘',1,'com.ruoyi.web.controller.busi.BusiArticleController.add()','POST',1,'admin',NULL,'/system/article','127.0.0.1','å†…ç½‘IP','{\"imgs\":[],\"articleTitle\":\"ç”µé¥­ç…²ç”µé¥­ç…²\",\"vedios\":[],\"articleId\":12,\"articleVediourls\":\"\",\"params\":{},\"createTime\":1620236597673,\"articleContent\":\"å®šæ—¶å‘å¸ƒå¯¹ä¸å¯¹\",\"createUser\":\"admin\",\"articleLable\":\"\"}','{\"msg\":\"æ“ä½œæˆåŠŸ\",\"code\":200}',0,NULL,'2021-05-06 01:43:17'),(108,'ã€æ–°å¢ã€æ–‡ç« ã€‘ã€‘',1,'com.ruoyi.web.controller.busi.BusiArticleController.add()','POST',1,'admin',NULL,'/system/article','127.0.0.1','å†…ç½‘IP','{\"imgs\":[\"http://localhost:8080/profile/upload/2021/05/06/235810a6-4402-4bf8-82b6-d3b9ffa04b3b.png\"],\"articleTitle\":\"çš„ä¸–ç•Œå¦‡å¥³çš„é£æœºå–€ä»€ç»™ä½ ç­”å¤\",\"vedios\":[],\"articleImgurls\":\"http://localhost:8080/profile/upload/2021/05/06/235810a6-4402-4bf8-82b6-d3b9ffa04b3b.png\",\"articleId\":13,\"params\":{},\"createTime\":1620237003441,\"articleContent\":\"æ‰©å¤§è§£æ”¾å¦‡å¥³ç©ºé—´çš„åé¦ˆæ˜¯æ³•å›½ç«‹åˆ»é©¬ä¸Šå‘è¿‡æ¥æ’’\",\"createUser\":\"admin\",\"articleLable\":\"\"}','{\"msg\":\"æ“ä½œæˆåŠŸ\",\"code\":200}',0,NULL,'2021-05-06 01:50:03'),(109,'ã€æ–°å¢ã€æ–‡ç« ã€‘ã€‘',1,'com.ruoyi.web.controller.busi.BusiArticleController.add()','POST',1,'admin',NULL,'/system/article','127.0.0.1','å†…ç½‘IP','{\"imgs\":[],\"articleTitle\":\"æ´’æ€å›å•Šçš„æ•°æ®åº“çš„\",\"vedios\":[],\"articleId\":14,\"articleVediourls\":\"http://localhost:8080/profile/upload/2021/05/06/9519ba41-82af-40db-82ad-aa6198d42218.mp4\",\"params\":{},\"createTime\":1620237038478,\"articleContent\":\"çœ‹åˆ°å¢ƒå†…å‘ç©ºé—´å‘åˆ°ä½ å¼€ä»·å¤šå°‘ç¬¬ä¸‰æ–¹vç©ºé—´çš„\\nå£«å¤§å¤«vçœ‹è§å¯¹æ–¹æ˜¯å¥³æ¬¾æ¥å†³å®šæ˜¯å¦\\næ˜¯vç¦»å¼€æˆ¿é—´å¥³ç”Ÿçš„çœ‹é£æ™¯å¥³å¤§å¤«\",\"createUser\":\"admin\",\"articleLable\":\"mysql\"}','{\"msg\":\"æ“ä½œæˆåŠŸ\",\"code\":200}',0,NULL,'2021-05-06 01:50:38'),(110,'ã€è¯„è®ºã€‘',1,'com.ruoyi.web.controller.busi.BusiCommentController.add()','POST',1,'admin',NULL,'/system/comment','127.0.0.1','å†…ç½‘IP','{\"imgs\":[\"http://localhost:8080/profile/upload/2021/05/06/63f29c20-0e08-47d7-9e46-8f069b7b1166.png\"],\"articleId\":11,\"params\":{},\"content\":\"çˆ±ä¸Šè¦…çš„è¨èŠ¬åˆ°äº†å¼€å§‹æ‰“\",\"createBy\":\"admin\",\"createTime\":1620237086589,\"imgurls\":\"http://localhost:8080/profile/upload/2021/05/06/63f29c20-0e08-47d7-9e46-8f069b7b1166.png\",\"answerUser\":1,\"id\":9}','{\"msg\":\"æ“ä½œæˆåŠŸ\",\"code\":200}',0,NULL,'2021-05-06 01:51:26'),(111,'ã€è¯„è®ºã€‘',1,'com.ruoyi.web.controller.busi.BusiCommentController.add()','POST',1,'admin',NULL,'/system/comment','127.0.0.1','å†…ç½‘IP','{\"imgs\":[],\"articleId\":11,\"params\":{},\"content\":\"å—·å—·iuå‘åŠ¨å‘åŠ¨æ”»å‡»å¿«é€’å¸ˆå‚…ä½ \",\"parentId\":9,\"createBy\":\"admin\",\"createTime\":1620237093971,\"answerUser\":1,\"id\":10}','{\"msg\":\"æ“ä½œæˆåŠŸ\",\"code\":200}',0,NULL,'2021-05-06 01:51:33'),(112,'ã€è¯„è®ºã€‘',1,'com.ruoyi.web.controller.busi.BusiCommentController.add()','POST',1,'admin',NULL,'/system/comment','127.0.0.1','å†…ç½‘IP','{\"imgs\":[],\"articleId\":11,\"params\":{},\"content\":\"æ’’æ—¦vå“¦å•¤é…’æ‰“æ‰«vå¶æ˜¯ä½›ç‰Œå“¦ä¸\",\"parentId\":9,\"createBy\":\"admin\",\"createTime\":1620237099723,\"answerUser\":1,\"id\":11}','{\"msg\":\"æ“ä½œæˆåŠŸ\",\"code\":200}',0,NULL,'2021-05-06 01:51:39'),(113,'ã€è¯„è®ºã€‘',1,'com.ruoyi.web.controller.busi.BusiCommentController.add()','POST',1,'admin',NULL,'/system/comment','127.0.0.1','å†…ç½‘IP','{\"imgs\":[],\"articleId\":11,\"params\":{},\"content\":\"æ­»å•Šuvçš„æ˜¯å¦“å¥³çœ‹è§çš„éƒ½æ˜¯vv\",\"parentId\":9,\"createBy\":\"admin\",\"createTime\":1620237109127,\"answerUser\":1,\"id\":12}','{\"msg\":\"æ“ä½œæˆåŠŸ\",\"code\":200}',0,NULL,'2021-05-06 01:51:49'),(114,'å…³æ³¨ä¿¡æ¯',1,'com.ruoyi.web.controller.busi.BusiFollowsController.add()','POST',1,'admin',NULL,'/system/follows','127.0.0.1','å†…ç½‘IP','{\"followId\":1,\"createBy\":\"admin\",\"createTime\":1620237619930,\"id\":5,\"params\":{},\"userId\":3}','{\"msg\":\"æ“ä½œæˆåŠŸ\",\"code\":200}',0,NULL,'2021-05-06 02:00:19'),(115,'ç”¨æˆ·ç®¡ç†',1,'com.ruoyi.web.controller.system.SysUserController.add()','POST',1,'admin',NULL,'/system/user','127.0.0.1','å†…ç½‘IP','{\"admin\":false,\"password\":\"$2a$10$JfEIYOgFPhcnDl0YMr2OV.cHZphGz2FB/cVj5qwl6vySrEIbgVWLS\",\"postIds\":[],\"nickName\":\"ç§‘æŠ€å¤§å¦\",\"deptId\":110,\"params\":{},\"userName\":\"qwerty\",\"userId\":5,\"createBy\":\"admin\",\"roleIds\":[2],\"status\":\"0\"}','{\"msg\":\"æ“ä½œæˆåŠŸ\",\"code\":200}',0,NULL,'2021-05-06 02:30:00'),(116,'ç”¨æˆ·ç®¡ç†',1,'com.ruoyi.web.controller.system.SysUserController.add()','POST',1,'admin',NULL,'/system/user','127.0.0.1','å†…ç½‘IP','{\"admin\":false,\"password\":\"$2a$10$PmLQQlPx0PDyzpcgGTxsKOdImPo..vfwDRJurhRAczTc077jS4JFi\",\"postIds\":[],\"nickName\":\"é˜¿åŸºè¯ºæŸ¥çœ‹\",\"sex\":\"0\",\"deptId\":110,\"params\":{},\"userName\":\"tanhong\",\"userId\":6,\"createBy\":\"admin\",\"roleIds\":[2],\"status\":\"0\"}','{\"msg\":\"æ“ä½œæˆåŠŸ\",\"code\":200}',0,NULL,'2021-05-06 02:31:24'),(117,'ç”¨æˆ·å¤´åƒ',2,'com.ruoyi.web.controller.system.SysProfileController.avatar()','POST',1,'qwerty',NULL,'/system/user/profile/avatar','127.0.0.1','å†…ç½‘IP','','{\"msg\":\"æ“ä½œæˆåŠŸ\",\"imgUrl\":\"/profile/avatar/2021/05/06/ad236f19-7048-45a1-a35c-404c52f6680c.jpeg\",\"code\":200}',0,NULL,'2021-05-06 02:32:05'),(118,'ç”¨æˆ·å¤´åƒ',2,'com.ruoyi.web.controller.system.SysProfileController.avatar()','POST',1,'tanhong',NULL,'/system/user/profile/avatar','127.0.0.1','å†…ç½‘IP','','{\"msg\":\"æ“ä½œæˆåŠŸ\",\"imgUrl\":\"/profile/avatar/2021/05/06/9ac015e7-92cd-4c92-a633-5ffbbba576ed.jpeg\",\"code\":200}',0,NULL,'2021-05-06 02:32:36'),(119,'ã€æ–°å¢ã€æ–‡ç« ã€‘ã€‘',1,'com.ruoyi.web.controller.busi.BusiArticleController.add()','POST',1,'admin',NULL,'/system/article','127.0.0.1','å†…ç½‘IP','{\"imgs\":[\"http://localhost:8080/profile/upload/2021/05/06/6c898a79-ece0-41fb-8062-97d3007e5275.png\",\"http://localhost:8080/profile/upload/2021/05/06/d38868ee-e5e3-4c0c-9efd-171a9d18b70d.png\",\"http://localhost:8080/profile/upload/2021/05/06/19192bf1-f3c7-4a1b-9b23-8a82dfa16e2a.png\",\"http://localhost:8080/profile/upload/2021/05/06/54f1b28e-2db6-406f-b007-4b7571b02f59.png\",\"http://localhost:8080/profile/upload/2021/05/06/cd9a8703-eede-4f71-abc2-62e2d1c9db61.png\"],\"articleTitle\":\"æˆè¯¾æ•™å¸ˆçš„å¥³å¤§æ¬¾å°±æ˜¯vä½ \",\"vedios\":[],\"articleImgurls\":\"http://localhost:8080/profile/upload/2021/05/06/6c898a79-ece0-41fb-8062-97d3007e5275.png,http://localhost:8080/profile/upload/2021/05/06/d38868ee-e5e3-4c0c-9efd-171a9d18b70d.png,http://localhost:8080/profile/upload/2021/05/06/19192bf1-f3c7-4a1b-9b23-8a82dfa16e2a.png,http://localhost:8080/profile/upload/2021/05/06/54f1b28e-2db6-406f-b007-4b7571b02f59.png,http://localhost:8080/profile/upload/2021/05/06/cd9a8703-eede-4f71-abc2-62e2d1c9db61.png\",\"articleId\":15,\"params\":{},\"createTime\":1620239636444,\"articleContent\":\"ä¹å¹´ç››å¤§å¼€æ”¾å°±æ˜¯é‚£ä»¶ç–¯ç‹‚çš„çœ‹å¾—è§å•Šv\\né˜¿æ–¯è¾¾å…‹vç¼´çº³ç¨æ¬¾å·¨å¤§v\\né˜¿è¨çš„è€ƒè™‘ä»Šå¹´æ’’æ—¦vçœ‹è§æ’’æ—¦\\né˜¿é‡Œå±±æ‰©å¤§éº»çƒ¦å¯„åˆ°iaf\",\"createUser\":\"admin\",\"articleLable\":\"\"}','{\"msg\":\"æ“ä½œæˆåŠŸ\",\"code\":200}',0,NULL,'2021-05-06 02:33:56'),(120,'ã€æ–°å¢ã€æ–‡ç« ã€‘ã€‘',1,'com.ruoyi.web.controller.busi.BusiArticleController.add()','POST',1,'admin',NULL,'/system/article','127.0.0.1','å†…ç½‘IP','{\"imgs\":[],\"articleTitle\":\"é˜¿æ–¯é¡¿è¦…æ¬§å‰å®‰åˆ°\",\"vedios\":[],\"articleId\":16,\"articleVediourls\":\"http://localhost:8080/profile/upload/2021/05/06/78f5d850-d731-436b-ab6b-a77e9248e1f2.mp4\",\"params\":{},\"createTime\":1620239649783,\"articleContent\":\"ä½ çš„å–€ä»€åœ°æ–¹\",\"createUser\":\"admin\",\"articleLable\":\"\"}','{\"msg\":\"æ“ä½œæˆåŠŸ\",\"code\":200}',0,NULL,'2021-05-06 02:34:09'),(121,'ã€æ–°å¢ã€æ–‡ç« ã€‘ã€‘',1,'com.ruoyi.web.controller.busi.BusiArticleController.add()','POST',1,'admin',NULL,'/system/article','127.0.0.1','å†…ç½‘IP','{\"imgs\":[\"http://localhost:8080/profile/upload/2021/05/06/d0bb3d09-dc67-428c-82c1-c5c1cc643aa7.png\"],\"articleTitle\":\"å¥¥è¿ªå“¦åˆ†çš„è²å°¼å…‹æ–¯åƒåœ¾\",\"vedios\":[],\"articleImgurls\":\"http://localhost:8080/profile/upload/2021/05/06/d0bb3d09-dc67-428c-82c1-c5c1cc643aa7.png\",\"articleId\":17,\"params\":{},\"createTime\":1620239682496,\"articleContent\":\"é‚£ä½ çš„ç©ºé—´å¦‡å¥³è‚¯å®šæ˜¯åˆ†å±€\",\"createUser\":\"admin\",\"articleLable\":\"\"}','{\"msg\":\"æ“ä½œæˆåŠŸ\",\"code\":200}',0,NULL,'2021-05-06 02:34:42'),(122,'ã€æ–°å¢ã€æ–‡ç« ã€‘ã€‘',1,'com.ruoyi.web.controller.busi.BusiArticleController.add()','POST',1,'admin',NULL,'/system/article','127.0.0.1','å†…ç½‘IP','{\"imgs\":[],\"articleTitle\":\"åˆ°iå°±æ˜¯ä¸œæ–¹\",\"vedios\":[],\"articleId\":18,\"articleVediourls\":\"http://localhost:8080/profile/upload/2021/05/06/6946ca35-042b-4bc7-a842-e426fc6a0469.mp4\",\"params\":{},\"createTime\":1620239696206,\"articleContent\":\"å“¦iæ²¡å¾—åˆ°çœ‹vç¾ä¸½çš„å¼€å‘vå—\",\"createUser\":\"admin\",\"articleLable\":\"\"}','{\"msg\":\"æ“ä½œæˆåŠŸ\",\"code\":200}',0,NULL,'2021-05-06 02:34:56'),(123,'ã€æ–°å¢ã€æ–‡ç« ã€‘ã€‘',1,'com.ruoyi.web.controller.busi.BusiArticleController.add()','POST',1,'admin',NULL,'/system/article','127.0.0.1','å†…ç½‘IP','{\"imgs\":[],\"articleTitle\":\"å½“æˆ‘æ”¾å±å°±æ˜¯å¤§è¦…å—\",\"vedios\":[],\"articleId\":19,\"articleVediourls\":\"\",\"params\":{},\"createTime\":1620239703201,\"articleContent\":\"æ¬§ç¾å¤šä½vçœ‹åˆ°ä»€ä¹ˆæ—…å®¢çˆ±ä¸Šäº†æ‰“å¼€vç›®çš„æ˜¯\\næ’’æ—¦vä¸¤å¹´çš„é€Ÿç‡\",\"createUser\":\"admin\",\"articleLable\":\"\"}','{\"msg\":\"æ“ä½œæˆåŠŸ\",\"code\":200}',0,NULL,'2021-05-06 02:35:03'),(124,'ã€æ–°å¢ã€æ–‡ç« ã€‘ã€‘',1,'com.ruoyi.web.controller.busi.BusiArticleController.add()','POST',1,'admin',NULL,'/system/article','127.0.0.1','å†…ç½‘IP','{\"imgs\":[],\"articleTitle\":\"é˜¿æ¾ié£æœºé€åŸƒå¾·åŠ ä½›å—ä¸ºé€€å“¦æ—¥ä¿„å„¿ç«¥\",\"vedios\":[],\"articleId\":20,\"articleVediourls\":\"\",\"params\":{},\"createTime\":1620239711511,\"articleContent\":\"é˜¿è¨DVDæ’’vä½†æ˜¯vvé˜¿æ–¯é¡¿\",\"createUser\":\"admin\",\"articleLable\":\"\"}','{\"msg\":\"æ“ä½œæˆåŠŸ\",\"code\":200}',0,NULL,'2021-05-06 02:35:11'),(125,'å…³æ³¨ä¿¡æ¯',1,'com.ruoyi.web.controller.busi.BusiFollowsController.add()','POST',1,'admin',NULL,'/system/follows','127.0.0.1','å†…ç½‘IP','{\"followId\":1,\"createBy\":\"admin\",\"createTime\":1620239800618,\"id\":6,\"params\":{},\"userId\":6}','{\"msg\":\"æ“ä½œæˆåŠŸ\",\"code\":200}',0,NULL,'2021-05-06 02:36:40'),(126,'ã€æ–°å¢ã€æ–‡ç« ã€‘ã€‘',1,'com.ruoyi.web.controller.busi.BusiArticleController.add()','POST',1,'admin',NULL,'/system/article','127.0.0.1','å†…ç½‘IP','{\"imgs\":[],\"articleTitle\":\"å¸æ³•å“ªé‡Œçš„å¼€å‘äº†\",\"vedios\":[],\"articleId\":21,\"params\":{},\"createTime\":1620240290685,\"articleContent\":\"è‚¯å®šæ²¡äº‹çš„å—vå¼€æœ—å¤§æ–¹v\",\"createUser\":\"admin\",\"articleLable\":\"\"}','{\"msg\":\"æ“ä½œæˆåŠŸ\",\"code\":200}',0,NULL,'2021-05-06 02:44:50'),(127,'ã€æ–°å¢ã€æ–‡ç« ã€‘ã€‘',1,'com.ruoyi.web.controller.busi.BusiArticleController.add()','POST',1,'admin',NULL,'/system/article','127.0.0.1','å†…ç½‘IP','{\"imgs\":[],\"articleTitle\":\"çˆ±ä¸Šäº†è´·æ¬¾ä¹°æˆ¿ç»¿å¡çš„æ’’\",\"vedios\":[],\"articleId\":22,\"articleVediourls\":\"http://localhost:8080/profile/upload/2021/05/06/b46d3aa5-663d-4d31-b680-cfb670fd7435.mp4\",\"params\":{},\"createTime\":1620240311821,\"articleContent\":\"äº†è‚¯å®šæ²¡äº‹vå¢å¡æ–¯å®šå¾‹v\",\"createUser\":\"admin\",\"articleLable\":\"\"}','{\"msg\":\"æ“ä½œæˆåŠŸ\",\"code\":200}',0,NULL,'2021-05-06 02:45:11'),(128,'ã€æ–°å¢ã€æ–‡ç« ã€‘ã€‘',1,'com.ruoyi.web.controller.busi.BusiArticleController.add()','POST',1,'admin',NULL,'/system/article','127.0.0.1','å†…ç½‘IP','{\"imgs\":[\"http://localhost:8080/profile/upload/2021/05/06/28288361-1583-48ad-af5a-cc1fa0301ae3.png\",\"http://localhost:8080/profile/upload/2021/05/06/931a0280-7873-494e-a5cd-a90aa67f8b7e.png\"],\"articleTitle\":\"åˆ˜åº·åº·æ”¾å•Š\",\"vedios\":[],\"articleImgurls\":\"http://localhost:8080/profile/upload/2021/05/06/28288361-1583-48ad-af5a-cc1fa0301ae3.png,http://localhost:8080/profile/upload/2021/05/06/931a0280-7873-494e-a5cd-a90aa67f8b7e.png\",\"articleId\":23,\"articleVediourls\":\"\",\"params\":{},\"createTime\":1620240336706,\"articleContent\":\"è·¯å£æ”¾å¤§æ¥çœ‹é˜²ç©ºæ´å‘ç”Ÿè¿‡æ˜¯ä¸œæ–¹å…­å›½å¼€å‘çš„é¦–æ¬¾ä¸¤ä¸ª\\nå­™å¤§å‘æ„Ÿæ…¨çš„å‘ç”Ÿç‡çœ‹è¿‡\",\"createUser\":\"admin\",\"articleLable\":\"\"}','{\"msg\":\"æ“ä½œæˆåŠŸ\",\"code\":200}',0,NULL,'2021-05-06 02:45:36'),(129,'ã€æ ‡ç­¾ã€‘',1,'com.ruoyi.web.controller.busi.BusiLableController.add()','POST',1,'admin',NULL,'/system/lable','127.0.0.1','å†…ç½‘IP','{\"createBy\":\"admin\",\"lableName\":\"iå®‰ä¸œå°¼çš„ç©ºé—´æ˜¯å¦èƒ½\",\"createTime\":1620240391281,\"lableDescription\":\"æµå—å¸‚vç§‘æŠ€å¤§å¦å‘vå—æ–¹çš„\",\"lableImg\":\"http://localhost:8080/profile/upload/2021/05/06/b8898ad3-ef50-402a-8738-e717bd02fb00.png\",\"params\":{},\"lableId\":3}','{\"msg\":\"æ“ä½œæˆåŠŸ\",\"code\":200}',0,NULL,'2021-05-06 02:46:31'),(130,'ã€æ ‡ç­¾ã€‘',1,'com.ruoyi.web.controller.busi.BusiLableController.add()','POST',1,'admin',NULL,'/system/lable','127.0.0.1','å†…ç½‘IP','{\"createBy\":\"admin\",\"lableName\":\"å¥¥æ–¯å¡çš„å¥¶ç²‰\",\"createTime\":1620240411119,\"lableDescription\":\"æ‹‰å…‹ä¸çš„åˆ†å˜å¡å£«å¤§å¤«\",\"lableImg\":\"http://localhost:8080/profile/upload/2021/05/06/1b30080f-e675-4fb5-a760-d30034245f15.png\",\"params\":{},\"lableId\":4}','{\"msg\":\"æ“ä½œæˆåŠŸ\",\"code\":200}',0,NULL,'2021-05-06 02:46:51'),(131,'ã€æ ‡ç­¾ã€‘',1,'com.ruoyi.web.controller.busi.BusiLableController.add()','POST',1,'admin',NULL,'/system/lable','127.0.0.1','å†…ç½‘IP','{\"createBy\":\"admin\",\"lableName\":\"é˜¿æ–¯é¡¿é˜¿æ–¯å…°çš„çœ‹æ³•æ¥å¾—æ·±åˆ»\",\"createTime\":1620240423262,\"lableDescription\":\"é˜¿ç‘Ÿä¸œè¦…å£«å¤§å¤«çš„\",\"lableImg\":\"http://localhost:8080/profile/upload/2021/05/06/2d29aadd-fafb-4a69-bc24-49868b81188f.png\",\"params\":{},\"lableId\":5}','{\"msg\":\"æ“ä½œæˆåŠŸ\",\"code\":200}',0,NULL,'2021-05-06 02:47:03'),(132,'ã€æ ‡ç­¾ã€‘',1,'com.ruoyi.web.controller.busi.BusiLableController.add()','POST',1,'admin',NULL,'/system/lable','127.0.0.1','å†…ç½‘IP','{\"createBy\":\"admin\",\"lableName\":\"é˜¿æ–¯è’‚èŠ¬æ’’éƒ½iç§¯åˆ†å¤šå°‘\",\"createTime\":1620240435516,\"lableDescription\":\"çˆ±ä¸Šä½ çš„æ¥å£ç¬¬ä¸‰æ–¹çš„åœ£è¯èŠ‚å®‰æŠš\",\"lableImg\":\"http://localhost:8080/profile/upload/2021/05/06/648fd2e0-a706-4e1f-b2ba-7bd4d0c26ef3.png\",\"params\":{},\"lableId\":6}','{\"msg\":\"æ“ä½œæˆåŠŸ\",\"code\":200}',0,NULL,'2021-05-06 02:47:15'),(133,'ä¸ªäººä¿¡æ¯',2,'com.ruoyi.web.controller.system.SysProfileController.updateProfile()','PUT',1,'admin',NULL,'/system/user/profile','127.0.0.1','å†…ç½‘IP','{\"roles\":[{\"flag\":false,\"roleId\":1,\"admin\":true,\"dataScope\":\"1\",\"params\":{},\"roleSort\":\"1\",\"deptCheckStrictly\":false,\"menuCheckStrictly\":false,\"roleKey\":\"admin\",\"roleName\":\"è¶…çº§ç®¡ç†å‘˜\",\"status\":\"0\"}],\"phonenumber\":\"15888888888\",\"admin\":true,\"loginDate\":1620211727000,\"remark\":\"ç®¡ç†å‘˜\",\"delFlag\":\"0\",\"loginIp\":\"127.0.0.1\",\"email\":\"ry@163.com\",\"nickName\":\"çœŸä¸€\",\"sex\":\"0\",\"deptId\":103,\"avatar\":\"/profile/avatar/2021/05/06/0ec1a57d-6c1c-457c-b85d-67b63e1fd616.jpeg\",\"dept\":{\"deptName\":\"åç«¯ç ”å‘\",\"leader\":\"admin\",\"deptId\":103,\"orderNum\":\"1\",\"params\":{},\"parentId\":101,\"children\":[],\"status\":\"0\"},\"params\":{},\"userName\":\"admin\",\"userId\":1,\"createBy\":\"admin\",\"createTime\":1620211852000,\"status\":\"0\"}','{\"msg\":\"æ“ä½œæˆåŠŸ\",\"code\":200}',0,NULL,'2021-05-06 05:19:43'),(134,'ã€æ ‡ç­¾ã€‘',1,'com.ruoyi.web.controller.busi.BusiLableController.add()','POST',1,'admin',NULL,'/system/lable','127.0.0.1','å†…ç½‘IP','{\"createBy\":\"admin\",\"lableName\":\"çœ‹è§æ’’æ—¦ä½ \",\"createTime\":1620249619293,\"lableDescription\":\"äºŒåå…­æŸä¸ªåœ°æ–¹è€ƒè™‘ä¹°ä¸ª\",\"lableImg\":\"http://localhost:8080/profile/upload/2021/05/06/049ed9c1-ca7f-41e2-b84f-ab5930e00777.png\",\"params\":{},\"lableId\":7}','{\"msg\":\"æ“ä½œæˆåŠŸ\",\"code\":200}',0,NULL,'2021-05-06 05:20:19'),(135,'ã€æ ‡ç­¾ã€‘',1,'com.ruoyi.web.controller.busi.BusiLableController.add()','POST',1,'admin',NULL,'/system/lable','127.0.0.1','å†…ç½‘IP','{\"createBy\":\"admin\",\"lableName\":\"çˆ±çš„åé¢æ’’å¤§äº†\",\"createTime\":1620249630256,\"lableDescription\":\"çœ‹æ¥å…è´¹çœ‹æ–¯æ‹‰å¤«ä½†æ˜¯\",\"lableImg\":\"http://localhost:8080/profile/upload/2021/05/06/dae77a54-6b03-4b3d-b7d1-3a15a76f422f.png\",\"params\":{},\"lableId\":8}','{\"msg\":\"æ“ä½œæˆåŠŸ\",\"code\":200}',0,NULL,'2021-05-06 05:20:30'),(136,'ã€æ ‡ç­¾ã€‘',1,'com.ruoyi.web.controller.busi.BusiLableController.add()','POST',1,'admin',NULL,'/system/lable','127.0.0.1','å†…ç½‘IP','{\"createBy\":\"admin\",\"lableName\":\"çˆ±çš„è¦…é™å®‰å¯ºå\",\"createTime\":1620249645379,\"lableDescription\":\"å¢è¨å¡éƒ½æ²¡æ³•ç»¿å¡çš„æ’’æ³•\",\"lableImg\":\"http://localhost:8080/profile/upload/2021/05/06/6d92368d-b108-4266-b13a-bd030080b10d.png\",\"params\":{},\"lableId\":9}','{\"msg\":\"æ“ä½œæˆåŠŸ\",\"code\":200}',0,NULL,'2021-05-06 05:20:45'),(137,'ã€æ ‡ç­¾ã€‘',1,'com.ruoyi.web.controller.busi.BusiLableController.add()','POST',1,'admin',NULL,'/system/lable','127.0.0.1','å†…ç½‘IP','{\"createBy\":\"admin\",\"lableName\":\"å¥¥è¿ªå‘\",\"createTime\":1620249655376,\"lableDescription\":\"çˆ±ä¸Šå¯¹æ–¹\",\"lableImg\":\"http://localhost:8080/profile/upload/2021/05/06/40b7b1d9-486e-468b-b402-e1568f383848.png\",\"params\":{},\"lableId\":10}','{\"msg\":\"æ“ä½œæˆåŠŸ\",\"code\":200}',0,NULL,'2021-05-06 05:20:55'),(138,'ã€æ ‡ç­¾ã€‘',1,'com.ruoyi.web.controller.busi.BusiLableController.add()','POST',1,'admin',NULL,'/system/lable','127.0.0.1','å†…ç½‘IP','{\"createBy\":\"admin\",\"lableName\":\"å•Šæ‰“å‘æ’’æ—¦å‘\",\"createTime\":1620249667200,\"lableDescription\":\"å•Šæ’’æ—¦èŒƒå¾·è¨ç»™\",\"lableImg\":\"http://localhost:8080/profile/upload/2021/05/06/02a4b92a-82b8-485e-a5a6-6b114a41fccf.png\",\"params\":{},\"lableId\":11}','{\"msg\":\"æ“ä½œæˆåŠŸ\",\"code\":200}',0,NULL,'2021-05-06 05:21:07'),(139,'èœå•ç®¡ç†',2,'com.ruoyi.web.controller.system.SysMenuController.edit()','PUT',1,'admin',NULL,'/system/menu','127.0.0.1','å†…ç½‘IP','{\"visible\":\"1\",\"icon\":\"#\",\"orderNum\":\"1\",\"menuName\":\"è¯é¢˜å…¬å‘Š\",\"params\":{},\"parentId\":1,\"isCache\":\"0\",\"path\":\"notice\",\"component\":\"system/notice/index\",\"children\":[],\"createTime\":1620198206000,\"updateBy\":\"admin\",\"isFrame\":\"1\",\"menuId\":1085,\"menuType\":\"C\",\"perms\":\"system:notice:list\",\"status\":\"0\"}','{\"msg\":\"æ“ä½œæˆåŠŸ\",\"code\":200}',0,NULL,'2021-05-06 05:45:48'),(140,'èœå•ç®¡ç†',2,'com.ruoyi.web.controller.system.SysMenuController.edit()','PUT',1,'admin',NULL,'/system/menu','127.0.0.1','å†…ç½‘IP','{\"visible\":\"1\",\"icon\":\"#\",\"orderNum\":\"1\",\"menuName\":\"è¯é¢˜å…¬å‘Š\",\"params\":{},\"parentId\":1,\"isCache\":\"0\",\"path\":\"notice\",\"component\":\"system/noticer/index\",\"children\":[],\"createTime\":1620198206000,\"updateBy\":\"admin\",\"isFrame\":\"1\",\"menuId\":1085,\"menuType\":\"C\",\"perms\":\"system:notice:list\",\"status\":\"0\"}','{\"msg\":\"æ“ä½œæˆåŠŸ\",\"code\":200}',0,NULL,'2021-05-06 05:47:53'),(141,'èœå•ç®¡ç†',2,'com.ruoyi.web.controller.system.SysMenuController.edit()','PUT',1,'admin',NULL,'/system/menu','127.0.0.1','å†…ç½‘IP','{\"visible\":\"1\",\"icon\":\"#\",\"orderNum\":\"1\",\"menuName\":\"è¯é¢˜å…¬å‘Š\",\"params\":{},\"parentId\":1,\"isCache\":\"0\",\"path\":\"notice\",\"component\":\"system/noticer/index\",\"children\":[],\"createTime\":1620198206000,\"updateBy\":\"admin\",\"isFrame\":\"1\",\"menuId\":1085,\"menuType\":\"C\",\"perms\":\"system:noticer:list\",\"status\":\"0\"}','{\"msg\":\"æ“ä½œæˆåŠŸ\",\"code\":200}',0,NULL,'2021-05-06 05:48:15'),(142,'èœå•ç®¡ç†',2,'com.ruoyi.web.controller.system.SysMenuController.edit()','PUT',1,'admin',NULL,'/system/menu','127.0.0.1','å†…ç½‘IP','{\"visible\":\"1\",\"icon\":\"#\",\"orderNum\":\"1\",\"menuName\":\"è¯é¢˜å…¬å‘Š\",\"params\":{},\"parentId\":1,\"isCache\":\"0\",\"path\":\"notice\",\"component\":\"system/notice/index\",\"children\":[],\"createTime\":1620198206000,\"updateBy\":\"admin\",\"isFrame\":\"1\",\"menuId\":1085,\"menuType\":\"C\",\"perms\":\"system:notice:list\",\"status\":\"0\"}','{\"msg\":\"æ“ä½œæˆåŠŸ\",\"code\":200}',0,NULL,'2021-05-06 05:48:51'),(143,'èœå•ç®¡ç†',2,'com.ruoyi.web.controller.system.SysMenuController.edit()','PUT',1,'admin',NULL,'/system/menu','127.0.0.1','å†…ç½‘IP','{\"visible\":\"0\",\"icon\":\"button\",\"orderNum\":\"1\",\"menuName\":\"ç”¨æˆ·æ“ä½œ\",\"params\":{},\"parentId\":1,\"isCache\":\"0\",\"path\":\"operation\",\"component\":\"system/operation/index\",\"children\":[],\"createTime\":1620197767000,\"updateBy\":\"admin\",\"isFrame\":\"1\",\"menuId\":1061,\"menuType\":\"C\",\"perms\":\"system:operation:list\",\"status\":\"0\"}','{\"msg\":\"æ“ä½œæˆåŠŸ\",\"code\":200}',0,NULL,'2021-05-06 05:49:12'),(144,'èœå•ç®¡ç†',2,'com.ruoyi.web.controller.system.SysMenuController.edit()','PUT',1,'admin',NULL,'/system/menu','127.0.0.1','å†…ç½‘IP','{\"visible\":\"0\",\"icon\":\"education\",\"orderNum\":\"1\",\"menuName\":\"æ–‡ç« ç®¡ç†\",\"params\":{},\"parentId\":1,\"isCache\":\"0\",\"path\":\"article\",\"component\":\"system/article/index\",\"children\":[],\"createTime\":1620198002000,\"updateBy\":\"admin\",\"isFrame\":\"1\",\"menuId\":1067,\"menuType\":\"C\",\"perms\":\"system:article:list\",\"status\":\"0\"}','{\"msg\":\"æ“ä½œæˆåŠŸ\",\"code\":200}',0,NULL,'2021-05-06 05:49:24'),(145,'èœå•ç®¡ç†',2,'com.ruoyi.web.controller.system.SysMenuController.edit()','PUT',1,'admin',NULL,'/system/menu','127.0.0.1','å†…ç½‘IP','{\"visible\":\"0\",\"icon\":\"peoples\",\"orderNum\":\"1\",\"menuName\":\"æ¨èå¾—åˆ†\",\"params\":{},\"parentId\":1,\"isCache\":\"0\",\"path\":\"score\",\"component\":\"system/score/index\",\"children\":[],\"createTime\":1620198092000,\"updateBy\":\"admin\",\"isFrame\":\"1\",\"menuId\":1073,\"menuType\":\"C\",\"perms\":\"system:score:list\",\"status\":\"0\"}','{\"msg\":\"æ“ä½œæˆåŠŸ\",\"code\":200}',0,NULL,'2021-05-06 05:49:49'),(146,'èœå•ç®¡ç†',2,'com.ruoyi.web.controller.system.SysMenuController.edit()','PUT',1,'admin',NULL,'/system/menu','127.0.0.1','å†…ç½‘IP','{\"visible\":\"0\",\"icon\":\"tab\",\"orderNum\":\"1\",\"menuName\":\"è¯é¢˜ç®¡ç†\",\"params\":{},\"parentId\":1,\"isCache\":\"0\",\"path\":\"lable\",\"component\":\"system/lable/index\",\"children\":[],\"createTime\":1620198152000,\"updateBy\":\"admin\",\"isFrame\":\"1\",\"menuId\":1079,\"menuType\":\"C\",\"perms\":\"system:lable:list\",\"status\":\"0\"}','{\"msg\":\"æ“ä½œæˆåŠŸ\",\"code\":200}',0,NULL,'2021-05-06 05:50:04'),(147,'èœå•ç®¡ç†',2,'com.ruoyi.web.controller.system.SysMenuController.edit()','PUT',1,'admin',NULL,'/system/menu','127.0.0.1','å†…ç½‘IP','{\"visible\":\"0\",\"icon\":\"peoples\",\"orderNum\":\"1\",\"menuName\":\"å…³æ³¨ç®¡ç†\",\"params\":{},\"parentId\":1,\"isCache\":\"0\",\"path\":\"follows\",\"component\":\"system/follows/index\",\"children\":[],\"createTime\":1620198244000,\"updateBy\":\"admin\",\"isFrame\":\"1\",\"menuId\":1091,\"menuType\":\"C\",\"perms\":\"system:follows:list\",\"status\":\"0\"}','{\"msg\":\"æ“ä½œæˆåŠŸ\",\"code\":200}',0,NULL,'2021-05-06 05:50:31'),(148,'èœå•ç®¡ç†',2,'com.ruoyi.web.controller.system.SysMenuController.edit()','PUT',1,'admin',NULL,'/system/menu','127.0.0.1','å†…ç½‘IP','{\"visible\":\"0\",\"icon\":\"edit\",\"orderNum\":\"1\",\"menuName\":\"è¯„è®ºç®¡ç†\",\"params\":{},\"parentId\":1,\"isCache\":\"0\",\"path\":\"comment\",\"component\":\"system/comment/index\",\"children\":[],\"createTime\":1620199815000,\"updateBy\":\"admin\",\"isFrame\":\"1\",\"menuId\":1103,\"menuType\":\"C\",\"perms\":\"system:comment:list\",\"status\":\"0\"}','{\"msg\":\"æ“ä½œæˆåŠŸ\",\"code\":200}',0,NULL,'2021-05-06 05:50:42'),(149,'èœå•ç®¡ç†',1,'com.ruoyi.web.controller.system.SysMenuController.add()','POST',1,'admin',NULL,'/system/menu','127.0.0.1','å†…ç½‘IP','{\"visible\":\"0\",\"icon\":\"chart\",\"orderNum\":\"1\",\"menuName\":\"è¡Œä¸ºæ•°æ®\",\"params\":{},\"parentId\":2,\"isCache\":\"0\",\"path\":\"/monitor/sysState/index\",\"component\":\"/monitor/sysState/index\",\"createBy\":\"admin\",\"children\":[],\"isFrame\":\"1\",\"menuType\":\"C\",\"status\":\"0\"}','{\"msg\":\"æ“ä½œæˆåŠŸ\",\"code\":200}',0,NULL,'2021-05-06 05:58:29'),(150,'èœå•ç®¡ç†',2,'com.ruoyi.web.controller.system.SysMenuController.edit()','PUT',1,'admin',NULL,'/system/menu','127.0.0.1','å†…ç½‘IP','{\"visible\":\"0\",\"icon\":\"chart\",\"orderNum\":\"1\",\"menuName\":\"è¡Œä¸ºæ•°æ®\",\"params\":{},\"parentId\":2,\"isCache\":\"0\",\"path\":\"monitor/sysState/index\",\"component\":\"monitor/sysState/index\",\"children\":[],\"createTime\":1620251909000,\"updateBy\":\"admin\",\"isFrame\":\"1\",\"menuId\":1109,\"menuType\":\"C\",\"perms\":\"\",\"status\":\"0\"}','{\"msg\":\"æ“ä½œæˆåŠŸ\",\"code\":200}',0,NULL,'2021-05-06 05:58:42'),(151,'èœå•ç®¡ç†',2,'com.ruoyi.web.controller.system.SysMenuController.edit()','PUT',1,'admin',NULL,'/system/menu','127.0.0.1','å†…ç½‘IP','{\"visible\":\"1\",\"icon\":\"peoples\",\"orderNum\":\"1\",\"menuName\":\"æ¨èå¾—åˆ†\",\"params\":{},\"parentId\":1,\"isCache\":\"0\",\"path\":\"score\",\"component\":\"system/score/index\",\"children\":[],\"createTime\":1620198092000,\"updateBy\":\"admin\",\"isFrame\":\"1\",\"menuId\":1073,\"menuType\":\"C\",\"perms\":\"system:score:list\",\"status\":\"0\"}','{\"msg\":\"æ“ä½œæˆåŠŸ\",\"code\":200}',0,NULL,'2021-05-06 07:15:40'),(152,'èœå•ç®¡ç†',2,'com.ruoyi.web.controller.system.SysMenuController.edit()','PUT',1,'admin',NULL,'/system/menu','127.0.0.1','å†…ç½‘IP','{\"visible\":\"1\",\"icon\":\"peoples\",\"orderNum\":\"1\",\"menuName\":\"å…³æ³¨ç®¡ç†\",\"params\":{},\"parentId\":1,\"isCache\":\"0\",\"path\":\"follows\",\"component\":\"system/follows/index\",\"children\":[],\"createTime\":1620198244000,\"updateBy\":\"admin\",\"isFrame\":\"1\",\"menuId\":1091,\"menuType\":\"C\",\"perms\":\"system:follows:list\",\"status\":\"0\"}','{\"msg\":\"æ“ä½œæˆåŠŸ\",\"code\":200}',0,NULL,'2021-05-06 07:15:55'),(153,'èœå•ç®¡ç†',2,'com.ruoyi.web.controller.system.SysMenuController.edit()','PUT',1,'admin',NULL,'/system/menu','127.0.0.1','å†…ç½‘IP','{\"visible\":\"1\",\"icon\":\"tree\",\"orderNum\":\"4\",\"menuName\":\"éƒ¨é—¨ç®¡ç†\",\"params\":{},\"parentId\":1,\"isCache\":\"0\",\"path\":\"dept\",\"component\":\"system/dept/index\",\"children\":[],\"createTime\":1521171180000,\"updateBy\":\"admin\",\"isFrame\":\"1\",\"menuId\":103,\"menuType\":\"C\",\"perms\":\"system:dept:list\",\"status\":\"0\"}','{\"msg\":\"æ“ä½œæˆåŠŸ\",\"code\":200}',0,NULL,'2021-05-06 07:16:04'),(154,'èœå•ç®¡ç†',2,'com.ruoyi.web.controller.system.SysMenuController.edit()','PUT',1,'admin',NULL,'/system/menu','127.0.0.1','å†…ç½‘IP','{\"visible\":\"1\",\"icon\":\"post\",\"orderNum\":\"5\",\"menuName\":\"å²—ä½ç®¡ç†\",\"params\":{},\"parentId\":1,\"isCache\":\"0\",\"path\":\"post\",\"component\":\"system/post/index\",\"children\":[],\"createTime\":1521171180000,\"updateBy\":\"admin\",\"isFrame\":\"1\",\"menuId\":104,\"menuType\":\"C\",\"perms\":\"system:post:list\",\"status\":\"0\"}','{\"msg\":\"æ“ä½œæˆåŠŸ\",\"code\":200}',0,NULL,'2021-05-06 07:16:09'),(155,'èœå•ç®¡ç†',2,'com.ruoyi.web.controller.system.SysMenuController.edit()','PUT',1,'admin',NULL,'/system/menu','127.0.0.1','å†…ç½‘IP','{\"visible\":\"1\",\"icon\":\"log\",\"orderNum\":\"9\",\"menuName\":\"æ—¥å¿—ç®¡ç†\",\"params\":{},\"parentId\":1,\"isCache\":\"0\",\"path\":\"log\",\"component\":\"system/log/index\",\"children\":[],\"createTime\":1521171180000,\"updateBy\":\"admin\",\"isFrame\":\"1\",\"menuId\":108,\"menuType\":\"M\",\"perms\":\"\",\"status\":\"0\"}','{\"msg\":\"æ“ä½œæˆåŠŸ\",\"code\":200}',0,NULL,'2021-05-06 07:16:21'),(156,'èœå•ç®¡ç†',2,'com.ruoyi.web.controller.system.SysMenuController.edit()','PUT',1,'admin',NULL,'/system/menu','127.0.0.1','å†…ç½‘IP','{\"visible\":\"1\",\"icon\":\"job\",\"orderNum\":\"2\",\"menuName\":\"å®šæ—¶ä»»åŠ¡\",\"params\":{},\"parentId\":2,\"isCache\":\"0\",\"path\":\"job\",\"component\":\"monitor/job/index\",\"children\":[],\"createTime\":1521171180000,\"updateBy\":\"admin\",\"isFrame\":\"1\",\"menuId\":110,\"menuType\":\"C\",\"perms\":\"monitor:job:list\",\"status\":\"0\"}','{\"msg\":\"æ“ä½œæˆåŠŸ\",\"code\":200}',0,NULL,'2021-05-06 07:16:35'),(157,'èœå•ç®¡ç†',2,'com.ruoyi.web.controller.system.SysMenuController.edit()','PUT',1,'admin',NULL,'/system/menu','127.0.0.1','å†…ç½‘IP','{\"visible\":\"1\",\"icon\":\"dict\",\"orderNum\":\"6\",\"menuName\":\"å­—å…¸ç®¡ç†\",\"params\":{},\"parentId\":1,\"isCache\":\"0\",\"path\":\"dict\",\"component\":\"system/dict/index\",\"children\":[],\"createTime\":1521171180000,\"updateBy\":\"admin\",\"isFrame\":\"1\",\"menuId\":105,\"menuType\":\"C\",\"perms\":\"system:dict:list\",\"status\":\"0\"}','{\"msg\":\"æ“ä½œæˆåŠŸ\",\"code\":200}',0,NULL,'2021-05-06 07:17:20'),(158,'èœå•ç®¡ç†',2,'com.ruoyi.web.controller.system.SysMenuController.edit()','PUT',1,'admin',NULL,'/system/menu','127.0.0.1','å†…ç½‘IP','{\"visible\":\"1\",\"icon\":\"message\",\"orderNum\":\"8\",\"menuName\":\"é€šçŸ¥å…¬å‘Š\",\"params\":{},\"parentId\":1,\"isCache\":\"0\",\"path\":\"notice\",\"component\":\"system/notice/index\",\"children\":[],\"createTime\":1521171180000,\"updateBy\":\"admin\",\"isFrame\":\"1\",\"menuId\":107,\"menuType\":\"C\",\"perms\":\"system:notice:list\",\"status\":\"0\"}','{\"msg\":\"æ“ä½œæˆåŠŸ\",\"code\":200}',0,NULL,'2021-05-06 07:17:25'),(159,'èœå•ç®¡ç†',2,'com.ruoyi.web.controller.system.SysMenuController.edit()','PUT',1,'admin',NULL,'/system/menu','127.0.0.1','å†…ç½‘IP','{\"visible\":\"1\",\"icon\":\"edit\",\"orderNum\":\"7\",\"menuName\":\"å‚æ•°è®¾ç½®\",\"params\":{},\"parentId\":1,\"isCache\":\"0\",\"path\":\"config\",\"component\":\"system/config/index\",\"children\":[],\"createTime\":1620227920000,\"updateBy\":\"admin\",\"isFrame\":\"1\",\"menuId\":106,\"menuType\":\"C\",\"perms\":\"system:config:list\",\"status\":\"0\"}','{\"msg\":\"æ“ä½œæˆåŠŸ\",\"code\":200}',0,NULL,'2021-05-06 07:20:42'),(160,'èœå•ç®¡ç†',2,'com.ruoyi.web.controller.system.SysMenuController.edit()','PUT',1,'admin',NULL,'/system/menu','127.0.0.1','å†…ç½‘IP','{\"visible\":\"1\",\"icon\":\"build\",\"orderNum\":\"1\",\"menuName\":\"è¡¨å•æ„å»º\",\"params\":{},\"parentId\":3,\"isCache\":\"0\",\"path\":\"build\",\"component\":\"tool/build/index\",\"children\":[],\"createTime\":1620227923000,\"updateBy\":\"admin\",\"isFrame\":\"1\",\"menuId\":113,\"menuType\":\"C\",\"perms\":\"tool:build:list\",\"status\":\"0\"}','{\"msg\":\"æ“ä½œæˆåŠŸ\",\"code\":200}',0,NULL,'2021-05-06 07:39:24'),(161,'èœå•ç®¡ç†',2,'com.ruoyi.web.controller.system.SysMenuController.edit()','PUT',1,'admin',NULL,'/system/menu','127.0.0.1','å†…ç½‘IP','{\"visible\":\"1\",\"icon\":\"code\",\"orderNum\":\"2\",\"menuName\":\"ä»£ç ç”Ÿæˆ\",\"params\":{},\"parentId\":3,\"isCache\":\"0\",\"path\":\"gen\",\"component\":\"tool/gen/index\",\"children\":[],\"createTime\":1620227924000,\"updateBy\":\"admin\",\"isFrame\":\"1\",\"menuId\":114,\"menuType\":\"C\",\"perms\":\"tool:gen:list\",\"status\":\"0\"}','{\"msg\":\"æ“ä½œæˆåŠŸ\",\"code\":200}',0,NULL,'2021-05-06 07:39:31'),(162,'ã€è¯„è®ºã€‘',1,'com.ruoyi.web.controller.busi.BusiCommentController.add()','POST',1,'tanhongq',NULL,'/system/comment','127.0.0.1','å†…ç½‘IP','{\"imgs\":[\"http://localhost:8080/profile/upload/2021/05/06/dc549fcc-fcf2-4e49-9a40-a4c131af0355.png\"],\"articleId\":12,\"params\":{},\"content\":\"æš—ç¤ºçš„éª„å‚²å¤šå°‘åˆ†å‘¢\",\"createBy\":\"tanhongq\",\"createTime\":1620268032870,\"imgurls\":\"http://localhost:8080/profile/upload/2021/05/06/dc549fcc-fcf2-4e49-9a40-a4c131af0355.png\",\"answerUser\":2,\"id\":13}','{\"msg\":\"æ“ä½œæˆåŠŸ\",\"code\":200}',0,NULL,'2021-05-06 10:27:12'),(163,'ç”¨æˆ·å¤´åƒ',2,'com.ruoyi.web.controller.system.SysProfileController.avatar()','POST',1,'tanhongq',NULL,'/system/user/profile/avatar','127.0.0.1','å†…ç½‘IP','','{\"msg\":\"æ“ä½œæˆåŠŸ\",\"imgUrl\":\"/profile/avatar/2021/05/06/6e554dde-826b-4d52-951f-fdf30715d867.jpeg\",\"code\":200}',0,NULL,'2021-05-06 10:27:35'),(164,'ã€è¯„è®ºã€‘',1,'com.ruoyi.web.controller.busi.BusiCommentController.add()','POST',1,'tanhongq',NULL,'/system/comment','127.0.0.1','å†…ç½‘IP','{\"imgs\":[],\"articleId\":11,\"params\":{},\"content\":\"æ’’æ—¦å¼€å‘ä½ \",\"createBy\":\"tanhongq\",\"createTime\":1620268069340,\"answerUser\":5,\"id\":14}','{\"msg\":\"æ“ä½œæˆåŠŸ\",\"code\":200}',0,NULL,'2021-05-06 10:27:49'),(165,'ã€è¯„è®ºã€‘',1,'com.ruoyi.web.controller.busi.BusiCommentController.add()','POST',1,'tanhongq',NULL,'/system/comment','127.0.0.1','å†…ç½‘IP','{\"imgs\":[],\"articleId\":11,\"params\":{},\"content\":\"é€åˆ°fig\",\"parentId\":9,\"createBy\":\"tanhongq\",\"createTime\":1620268085943,\"answerUser\":1,\"id\":15}','{\"msg\":\"æ“ä½œæˆåŠŸ\",\"code\":200}',0,NULL,'2021-05-06 10:28:05'),(166,'ã€è¯„è®ºã€‘',1,'com.ruoyi.web.controller.busi.BusiCommentController.add()','POST',1,'tanhongq',NULL,'/system/comment','127.0.0.1','å†…ç½‘IP','{\"imgs\":[],\"articleId\":11,\"params\":{},\"content\":\"æ”¶åˆ°å‘ç¥¨ç»™iéƒ½ååˆ†\",\"parentId\":9,\"createBy\":\"tanhongq\",\"createTime\":1620268102530,\"answerUser\":2,\"id\":16}','{\"msg\":\"æ“ä½œæˆåŠŸ\",\"code\":200}',0,NULL,'2021-05-06 10:28:22'),(167,'å…³æ³¨ä¿¡æ¯',1,'com.ruoyi.web.controller.busi.BusiFollowsController.add()','POST',1,'tanhongq',NULL,'/system/follows','127.0.0.1','å†…ç½‘IP','{\"followId\":12,\"createBy\":\"tanhongq\",\"createTime\":1620268115001,\"id\":7,\"params\":{},\"userId\":2}','{\"msg\":\"æ“ä½œæˆåŠŸ\",\"code\":200}',0,NULL,'2021-05-06 10:28:35'),(168,'ã€è¯„è®ºã€‘',1,'com.ruoyi.web.controller.busi.BusiCommentController.add()','POST',1,'tanhongw',NULL,'/system/comment','127.0.0.1','å†…ç½‘IP','{\"imgs\":[],\"articleId\":16,\"params\":{},\"content\":\"è§£å¼€äº†åˆ»å½•æœº\",\"createBy\":\"tanhongw\",\"createTime\":1620268483907,\"answerUser\":6,\"id\":17}','{\"msg\":\"æ“ä½œæˆåŠŸ\",\"code\":200}',0,NULL,'2021-05-06 10:34:43'),(169,'ç”¨æˆ·å¤´åƒ',2,'com.ruoyi.web.controller.system.SysProfileController.avatar()','POST',1,'tanhongw',NULL,'/system/user/profile/avatar','127.0.0.1','å†…ç½‘IP','','{\"msg\":\"æ“ä½œæˆåŠŸ\",\"imgUrl\":\"/profile/avatar/2021/05/06/3d1efdd9-b02e-40b5-94c7-d9eebced96af.jpeg\",\"code\":200}',0,NULL,'2021-05-06 10:35:00'),(170,'ã€è¯„è®ºã€‘',1,'com.ruoyi.web.controller.busi.BusiCommentController.add()','POST',1,'tanhongw',NULL,'/system/comment','127.0.0.1','å†…ç½‘IP','{\"imgs\":[],\"articleId\":13,\"params\":{},\"content\":\"å“¦é˜¿æ–¯é¡¿å‘ä½ äº†\",\"createBy\":\"tanhongw\",\"createTime\":1620268515743,\"answerUser\":3,\"id\":18}','{\"msg\":\"æ“ä½œæˆåŠŸ\",\"code\":200}',0,NULL,'2021-05-06 10:35:15'),(171,'ã€æ–°å¢ã€æ–‡ç« ã€‘ã€‘',1,'com.ruoyi.web.controller.busi.BusiArticleController.add()','POST',1,'tanhongw',NULL,'/system/article','127.0.0.1','å†…ç½‘IP','{\"imgs\":[],\"articleTitle\":\"å¶çˆ±ä½ çš„æ³•å¾‹çœ‹\",\"vedios\":[],\"articleId\":24,\"articleVediourls\":\"http://localhost:8080/profile/upload/2021/05/06/cacff88c-026d-4cda-b8ad-c1ac73924822.mp4\",\"params\":{},\"createTime\":1620268568232,\"articleContent\":\"OKæ‰“ç¿»äº†å¯èƒ½è¿ªæ–¯ç§‘æµªè´¹\",\"createUser\":\"tanhongw\",\"articleLable\":\"\"}','{\"msg\":\"æ“ä½œæˆåŠŸ\",\"code\":200}',0,NULL,'2021-05-06 10:36:08'),(172,'å…³æ³¨ä¿¡æ¯',1,'com.ruoyi.web.controller.busi.BusiFollowsController.add()','POST',1,'tanhongw',NULL,'/system/follows','127.0.0.1','å†…ç½‘IP','{\"followId\":13,\"createBy\":\"tanhongw\",\"createTime\":1620268601784,\"id\":8,\"params\":{},\"userId\":5}','{\"msg\":\"æ“ä½œæˆåŠŸ\",\"code\":200}',0,NULL,'2021-05-06 10:36:41'),(173,'ã€æ–°å¢ã€æ–‡ç« ã€‘ã€‘',1,'com.ruoyi.web.controller.busi.BusiArticleController.add()','POST',1,'tanhong',NULL,'/system/article','127.0.0.1','å†…ç½‘IP','{\"imgs\":[\"http://localhost:8080/profile/upload/2021/05/06/37891ca0-f326-4113-bc26-1a95ab7c5b0e.png\"],\"articleTitle\":\"å¡çš„ä½ å‘äº†å¤šå°‘çœ‹æ³•å¡å•å\",\"vedios\":[],\"articleImgurls\":\"http://localhost:8080/profile/upload/2021/05/06/37891ca0-f326-4113-bc26-1a95ab7c5b0e.png\",\"articleId\":25,\"params\":{},\"createTime\":1620269051899,\"articleContent\":\"å¥åº·çš„ä¸‰ç©ºé—´ä¸¹æ±Ÿå£è¨èŠ¬é˜¿è¿ªæ–¯vå¡åˆ·é“å…·å¡å‰è¨å¤§v\\né˜¿æ–¯é¡¿vç¦»å¼€ä½ çš„æ’’vä½ æ‡‚æ’’é˜¿æ–¯é¡¿vå°½å¿«çš„VS\\né˜¿æ–¯é¡¿vè‚¯å®šæ˜¯vå¿«ä¹å¥³å£°çš„v\\nç¦»å¼€æ‹‰è¨çš„væ¿€åŠ¨æ’’v\",\"createUser\":\"tanhong\",\"articleLable\":\"\"}','{\"msg\":\"æ“ä½œæˆåŠŸ\",\"code\":200}',0,NULL,'2021-05-06 10:44:11'),(174,'å…³æ³¨ä¿¡æ¯',1,'com.ruoyi.web.controller.busi.BusiFollowsController.add()','POST',1,'tanhong',NULL,'/system/follows','127.0.0.1','å†…ç½‘IP','{\"followId\":6,\"createBy\":\"tanhong\",\"createTime\":1620269092639,\"id\":9,\"params\":{},\"userId\":2}','{\"msg\":\"æ“ä½œæˆåŠŸ\",\"code\":200}',0,NULL,'2021-05-06 10:44:52'),(175,'ã€æ–°å¢ã€æ–‡ç« ã€‘ã€‘',1,'com.ruoyi.web.controller.busi.BusiArticleController.add()','POST',1,'tanhong',NULL,'/system/article','127.0.0.1','å†…ç½‘IP','{\"imgs\":[\"http://localhost:8080/profile/upload/2021/05/06/592d4b43-6601-49c5-ab24-790bb3e37b01.png\",\"http://localhost:8080/profile/upload/2021/05/06/ada2a287-18a4-4e94-93d2-a1b88524a53d.png\",\"http://localhost:8080/profile/upload/2021/05/06/fabba868-03d0-45a0-8af7-f17699755b85.png\"],\"articleTitle\":\"å—²å—²æ–¯æ´›ä¼å…‹ä½ å¤šå°‘ç©ºé—´\",\"vedios\":[],\"articleImgurls\":\"http://localhost:8080/profile/upload/2021/05/06/592d4b43-6601-49c5-ab24-790bb3e37b01.png,http://localhost:8080/profile/upload/2021/05/06/ada2a287-18a4-4e94-93d2-a1b88524a53d.png,http://localhost:8080/profile/upload/2021/05/06/fabba868-03d0-45a0-8af7-f17699755b85.png\",\"articleId\":26,\"params\":{},\"createTime\":1620269671787,\"articleContent\":\"è§åˆ°ä½ çš„ç§‘æŠ€ç¤ºèŒƒä»˜æ¬¾æ—¶é—´çš„é‚£ä»½ç§‘æŠ€å¤§å¦å‘\\næ’’æ—¦ç«‹åˆ»åå‡»ä½ æ‰“ç®—ä¼šè®¡æ³•\\nADSLç–¯ç‹‚ä¹ç‚¹ä¸‰ä¹å¹´é™„ä»¶æ˜¯å¡å•åå¢å¡æ–¯å¤§å®¶é˜¿æ–¯è¾¾å…‹è­¦æ–¹çº³æ–¯è¾¾å…‹å°±æœä½ åœ°æ–¹æ’’ç«‹åˆ»æ­è¡—åŠçš„æ’’\\nå•Šæ”¶åˆ°äº†ç–¯ç‹‚æ‡’å¾—è¯´äº†å¼€å‘ä½ å¡è¨ä¸å—æ–¹çš„\",\"createUser\":\"tanhong\",\"articleLable\":\"iå®‰ä¸œå°¼çš„ç©ºé—´æ˜¯å¦èƒ½\"}','{\"msg\":\"æ“ä½œæˆåŠŸ\",\"code\":200}',0,NULL,'2021-05-06 10:54:31'),(176,'ã€æ–°å¢ã€æ–‡ç« ã€‘ã€‘',1,'com.ruoyi.web.controller.busi.BusiArticleController.add()','POST',1,'tanhong',NULL,'/system/article','127.0.0.1','å†…ç½‘IP','{\"imgs\":[\"http://localhost:8080/profile/upload/2021/05/06/84b1af7c-f691-456b-bb9c-fd4a65229b9d.png\",\"http://localhost:8080/profile/upload/2021/05/06/077081c3-1b70-4557-9fdb-45d8a6346fd6.png\",\"http://localhost:8080/profile/upload/2021/05/06/9f5306a0-a4fe-4457-9e72-d58e44df886d.png\"],\"articleTitle\":\"å¥¥çš„æ–¯æ”¾å‡å“¦iæ˜¯å¤§å®¶å¹…åº¦è¨èŠ¬\",\"vedios\":[],\"articleImgurls\":\"http://localhost:8080/profile/upload/2021/05/06/84b1af7c-f691-456b-bb9c-fd4a65229b9d.png,http://localhost:8080/profile/upload/2021/05/06/077081c3-1b70-4557-9fdb-45d8a6346fd6.png,http://localhost:8080/profile/upload/2021/05/06/9f5306a0-a4fe-4457-9e72-d58e44df886d.png\",\"articleId\":27,\"articleVediourls\":\"\",\"params\":{},\"createTime\":1620269694438,\"articleContent\":\"æ¬§èµ›å°†å¤§å¹…æ‹‰å‡é˜¶æ®µäº†åæŠ—æ’’æ—¦å®¶ä¹ç¦çš„æ˜¯\",\"createUser\":\"tanhong\",\"articleLable\":\"iå®‰ä¸œå°¼çš„ç©ºé—´æ˜¯å¦èƒ½\"}','{\"msg\":\"æ“ä½œæˆåŠŸ\",\"code\":200}',0,NULL,'2021-05-06 10:54:54'),(177,'ã€æ–°å¢ã€æ–‡ç« ã€‘ã€‘',1,'com.ruoyi.web.controller.busi.BusiArticleController.add()','POST',1,'tanhong',NULL,'/system/article','127.0.0.1','å†…ç½‘IP','{\"imgs\":[],\"articleTitle\":\"é˜¿æ¾åœ°æ–¹éƒ½æ˜¯åƒåœ¾ä»˜æ¬¾äº†æ’’æ—¦è§£æ”¾\",\"vedios\":[],\"articleId\":28,\"articleVediourls\":\"\",\"params\":{},\"createTime\":1620269705446,\"articleContent\":\"å“¦iè§£æ”¾å†›å•Šå¯æ˜¯å¯¹æ–¹è€ƒè™‘çš„è¨èŠ¬ç»¿å¡çš„æ’’\",\"createUser\":\"tanhong\",\"articleLable\":\"iå®‰ä¸œå°¼çš„ç©ºé—´æ˜¯å¦èƒ½\"}','{\"msg\":\"æ“ä½œæˆåŠŸ\",\"code\":200}',0,NULL,'2021-05-06 10:55:05'),(178,'ã€æ–°å¢ã€æ–‡ç« ã€‘ã€‘',1,'com.ruoyi.web.controller.busi.BusiArticleController.add()','POST',1,'tanhong',NULL,'/system/article','127.0.0.1','å†…ç½‘IP','{\"imgs\":[],\"articleTitle\":\"é˜¿æ–¯é¡¿ä½›ä¸•ä¹ç‚¹ä¸‰é›¶é™„è¿‘çš„æ’’å¼€å‘\",\"vedios\":[],\"articleId\":29,\"articleVediourls\":\"http://localhost:8080/profile/upload/2021/05/06/9d6df790-1baf-4345-963c-50adfdb6de91.mp4\",\"params\":{},\"createTime\":1620269718674,\"articleContent\":\"å•Špodsé‡‘ä½›içš„äº‹ä»¶åˆ†çº§è€ƒè¯•çš„é“¾æ¥å‘æ¥çš„æ˜¯\",\"createUser\":\"tanhong\",\"articleLable\":\"\"}','{\"msg\":\"æ“ä½œæˆåŠŸ\",\"code\":200}',0,NULL,'2021-05-06 10:55:18'),(179,'ã€æ–°å¢ã€æ–‡ç« ã€‘ã€‘',1,'com.ruoyi.web.controller.busi.BusiArticleController.add()','POST',1,'tanhong',NULL,'/system/article','127.0.0.1','å†…ç½‘IP','{\"imgs\":[],\"articleTitle\":\"é˜¿ç‘Ÿä¸œè¦…çš„è¯´æ³•éƒ½æ˜¯å’–å•¡ç¢±æ’’æ³•\",\"vedios\":[],\"articleId\":30,\"articleVediourls\":\"\",\"params\":{},\"createTime\":1620269725465,\"articleContent\":\"å¥¥çš„æ–¯ä¹åˆ†é›¶å››å¤§å®¶åˆ†å˜å¡è¿ªæ–¯ç§‘æµªè´¹\",\"createUser\":\"tanhong\",\"articleLable\":\"\"}','{\"msg\":\"æ“ä½œæˆåŠŸ\",\"code\":200}',0,NULL,'2021-05-06 10:55:25'),(180,'ã€æ–°å¢ã€æ–‡ç« ã€‘ã€‘',1,'com.ruoyi.web.controller.busi.BusiArticleController.add()','POST',1,'tanhong',NULL,'/system/article','127.0.0.1','å†…ç½‘IP','{\"imgs\":[],\"articleTitle\":\"ç››å¤§èŒƒå¾·è¨å‘äº†å¡å•åçœ‹ç‚¹ä¸‰é›¶åˆ†\",\"vedios\":[],\"articleId\":31,\"articleVediourls\":\"http://localhost:8080/profile/upload/2021/05/06/812695e1-b35a-4c4c-a90f-42d881f02210.mp4\",\"params\":{},\"createTime\":1620269738558,\"articleContent\":\"å•Šç©ºé—´çš„å—éå½“å±€é‡Šæ”¾æŠ€èƒ½çš„è®¾è®¡å¼€å‘ä½ çœ‹\",\"createUser\":\"tanhong\",\"articleLable\":\"\"}','{\"msg\":\"æ“ä½œæˆåŠŸ\",\"code\":200}',0,NULL,'2021-05-06 10:55:38'),(181,'ã€æ–°å¢ã€æ–‡ç« ã€‘ã€‘',1,'com.ruoyi.web.controller.busi.BusiArticleController.add()','POST',1,'tanhong',NULL,'/system/article','127.0.0.1','å†…ç½‘IP','{\"imgs\":[],\"articleTitle\":\"é˜¿è¨çš„ä½›æ•™å¤§å«‚è¦…ç»å…¸èµ›è²\",\"vedios\":[],\"articleId\":32,\"articleVediourls\":\"http://localhost:8080/profile/upload/2021/05/06/518dc2f1-773b-41bf-90eb-0bb3ed1ba376.mp4\",\"params\":{},\"createTime\":1620269756079,\"articleContent\":\"é™„è¿‘çš„æŠ€æœ¯æ¡†æ¶è¨å¼—å…‹æ‹‰çš„æ—¶é—´\",\"createUser\":\"tanhong\",\"articleLable\":\"iå®‰ä¸œå°¼çš„ç©ºé—´æ˜¯å¦èƒ½\"}','{\"msg\":\"æ“ä½œæˆåŠŸ\",\"code\":200}',0,NULL,'2021-05-06 10:55:56'),(182,'ã€è¯„è®ºã€‘',1,'com.ruoyi.web.controller.busi.BusiCommentController.add()','POST',1,'tanhong',NULL,'/system/comment','127.0.0.1','å†…ç½‘IP','{\"imgs\":[\"http://localhost:8080/profile/upload/2021/05/06/0afad688-82d8-4e9b-bfe6-7b3305f8efd6.png\"],\"articleId\":11,\"params\":{},\"content\":\"å¶æ»´æ¿€å‘ä½†æ˜¯å¯èƒ½ä»˜æ¬¾æ°´å•\",\"parentId\":9,\"createBy\":\"tanhong\",\"createTime\":1620269820624,\"imgurls\":\"http://localhost:8080/profile/upload/2021/05/06/0afad688-82d8-4e9b-bfe6-7b3305f8efd6.png\",\"answerUser\":2,\"id\":19}','{\"msg\":\"æ“ä½œæˆåŠŸ\",\"code\":200}',0,NULL,'2021-05-06 10:57:00'),(183,'å…³æ³¨ä¿¡æ¯',1,'com.ruoyi.web.controller.busi.BusiFollowsController.add()','POST',1,'admin',NULL,'/system/follows','127.0.0.1','å†…ç½‘IP','{\"followId\":1,\"createBy\":\"admin\",\"createTime\":1620269975674,\"id\":10,\"params\":{},\"userId\":1}','{\"msg\":\"æ“ä½œæˆåŠŸ\",\"code\":200}',0,NULL,'2021-05-06 10:59:35'),(184,'ã€è¯„è®ºã€‘',1,'com.ruoyi.web.controller.busi.BusiCommentController.add()','POST',1,'admin',NULL,'/system/comment','127.0.0.1','å†…ç½‘IP','{\"imgs\":[],\"articleId\":11,\"params\":{},\"content\":\"iusadyfisd\",\"createBy\":\"admin\",\"createTime\":1620271569239,\"answerUser\":5,\"id\":20}','{\"msg\":\"æ“ä½œæˆåŠŸ\",\"code\":200}',0,NULL,'2021-05-06 11:26:09'),(185,'å…³æ³¨ä¿¡æ¯',1,'com.ruoyi.web.controller.busi.BusiFollowsController.add()','POST',1,'admin',NULL,'/system/follows','127.0.0.1','å†…ç½‘IP','{\"followId\":1,\"createBy\":\"admin\",\"createTime\":1620271573532,\"id\":11,\"params\":{},\"userId\":5}','{\"msg\":\"æ“ä½œæˆåŠŸ\",\"code\":200}',0,NULL,'2021-05-06 11:26:13'),(186,'ç”¨æˆ·ç®¡ç†',3,'com.ruoyi.web.controller.system.SysUserController.remove()','DELETE',1,'admin',NULL,'/system/user/7','127.0.0.1','å†…ç½‘IP','{userIds=7}','{\"msg\":\"æ“ä½œæˆåŠŸ\",\"code\":200}',0,NULL,'2021-05-06 11:34:19'),(187,'èœå•ç®¡ç†',2,'com.ruoyi.web.controller.system.SysMenuController.edit()','PUT',1,'admin',NULL,'/system/menu','127.0.0.1','å†…ç½‘IP','{\"visible\":\"1\",\"icon\":\"druid\",\"orderNum\":\"3\",\"menuName\":\"æ•°æ®ç›‘æ§\",\"params\":{},\"parentId\":2,\"isCache\":\"0\",\"path\":\"druid\",\"component\":\"monitor/druid/index\",\"children\":[],\"createTime\":1620227922000,\"updateBy\":\"admin\",\"isFrame\":\"1\",\"menuId\":111,\"menuType\":\"C\",\"perms\":\"monitor:druid:list\",\"status\":\"0\"}','{\"msg\":\"æ“ä½œæˆåŠŸ\",\"code\":200}',0,NULL,'2021-05-06 11:34:57'),(188,'èœå•ç®¡ç†',2,'com.ruoyi.web.controller.system.SysMenuController.edit()','PUT',1,'admin',NULL,'/system/menu','127.0.0.1','å†…ç½‘IP','{\"visible\":\"1\",\"icon\":\"server\",\"orderNum\":\"4\",\"menuName\":\"æœåŠ¡ç›‘æ§\",\"params\":{},\"parentId\":2,\"isCache\":\"0\",\"path\":\"server\",\"component\":\"monitor/server/index\",\"children\":[],\"createTime\":1620227923000,\"updateBy\":\"admin\",\"isFrame\":\"1\",\"menuId\":112,\"menuType\":\"C\",\"perms\":\"monitor:server:list\",\"status\":\"0\"}','{\"msg\":\"æ“ä½œæˆåŠŸ\",\"code\":200}',0,NULL,'2021-05-06 11:35:02'),(189,'ç”¨æˆ·ç®¡ç†',3,'com.ruoyi.web.controller.system.SysUserController.remove()','DELETE',1,'admin',NULL,'/system/user/4','127.0.0.1','å†…ç½‘IP','{userIds=4}','{\"msg\":\"æ“ä½œæˆåŠŸ\",\"code\":200}',0,NULL,'2021-05-06 11:37:45'),(190,'ä¸ªäººä¿¡æ¯',2,'com.ruoyi.web.controller.system.SysProfileController.updateProfile()','PUT',1,'admin',NULL,'/system/user/profile','127.0.0.1','å†…ç½‘IP','{\"roles\":[{\"flag\":false,\"roleId\":1,\"admin\":true,\"dataScope\":\"1\",\"params\":{},\"roleSort\":\"1\",\"deptCheckStrictly\":false,\"menuCheckStrictly\":false,\"roleKey\":\"admin\",\"roleName\":\"è¶…çº§ç®¡ç†å‘˜\",\"status\":\"0\"}],\"phonenumber\":\"15888888888\",\"admin\":true,\"loginDate\":1620211727000,\"remark\":\"ç®¡ç†å‘˜\",\"delFlag\":\"0\",\"loginIp\":\"127.0.0.1\",\"email\":\"ry@163.com\",\"nickName\":\"çœŸä¸€\",\"sex\":\"0\",\"deptId\":103,\"avatar\":\"/profile/avatar/2021/05/06/0ec1a57d-6c1c-457c-b85d-67b63e1fd616.jpeg\",\"dept\":{\"deptName\":\"åç«¯ç ”å‘\",\"leader\":\"admin\",\"deptId\":103,\"orderNum\":\"1\",\"params\":{},\"parentId\":101,\"children\":[],\"status\":\"0\"},\"params\":{},\"userName\":\"admin\",\"userId\":1,\"createBy\":\"admin\",\"createTime\":1620211852000,\"status\":\"0\"}','{\"msg\":\"æ“ä½œæˆåŠŸ\",\"code\":200}',0,NULL,'2021-05-06 11:46:19'),(191,'ç”¨æˆ·ç®¡ç†',3,'com.ruoyi.web.controller.system.SysUserController.remove()','DELETE',1,'admin',NULL,'/system/user/5','127.0.0.1','å†…ç½‘IP','{userIds=5}','{\"msg\":\"æ“ä½œæˆåŠŸ\",\"code\":200}',0,NULL,'2021-05-06 13:16:14'),(192,'ç”¨æˆ·å¤´åƒ',2,'com.ruoyi.web.controller.system.SysProfileController.avatar()','POST',1,'admin',NULL,'/system/user/profile/avatar','127.0.0.1','å†…ç½‘IP','','{\"msg\":\"æ“ä½œæˆåŠŸ\",\"imgUrl\":\"/profile/avatar/2021/05/06/70a93ff3-f573-4f74-8d84-fac649c321fe.jpeg\",\"code\":200}',0,NULL,'2021-05-06 13:16:55'),(193,'ã€è¯„è®ºã€‘',1,'com.ruoyi.web.controller.busi.BusiCommentController.add()','POST',1,'admin',NULL,'/system/comment','127.0.0.1','å†…ç½‘IP','{\"imgs\":[],\"articleId\":11,\"params\":{},\"content\":\"çš„væ•¢æ­»é˜Ÿé£æ ¼\",\"parentId\":20,\"createBy\":\"admin\",\"createTime\":1620278515017,\"answerUser\":1,\"id\":21}','{\"msg\":\"æ“ä½œæˆåŠŸ\",\"code\":200}',0,NULL,'2021-05-06 13:21:55'),(194,'ç”¨æˆ·å¤´åƒ',2,'com.ruoyi.web.controller.system.SysProfileController.avatar()','POST',1,'admin',NULL,'/system/user/profile/avatar','127.0.0.1','å†…ç½‘IP','','{\"msg\":\"æ“ä½œæˆåŠŸ\",\"imgUrl\":\"/profile/avatar/2021/05/06/cc0b4ad5-5921-44a6-966c-66a0cb8b4b45.jpeg\",\"code\":200}',0,NULL,'2021-05-06 13:23:25'),(195,'ç”¨æˆ·ç®¡ç†',3,'com.ruoyi.web.controller.system.SysUserController.remove()','DELETE',1,'admin',NULL,'/system/user/9','127.0.0.1','å†…ç½‘IP','{userIds=9}','{\"msg\":\"æ“ä½œæˆåŠŸ\",\"code\":200}',0,NULL,'2021-05-06 13:24:02'),(196,'ã€è¯„è®ºã€‘',1,'com.ruoyi.web.controller.busi.BusiCommentController.add()','POST',1,'admin',NULL,'/system/comment','127.0.0.1','å†…ç½‘IP','{\"imgs\":[],\"articleId\":11,\"params\":{},\"content\":\"é£æ ¼çš„æœé¥°éƒ¨åˆ†\",\"parentId\":9,\"createBy\":\"admin\",\"createTime\":1620279001849,\"answerUser\":12,\"id\":22}','{\"msg\":\"æ“ä½œæˆåŠŸ\",\"code\":200}',0,NULL,'2021-05-06 13:30:01'),(197,'ã€æ ‡ç­¾ã€‘',1,'com.ruoyi.web.controller.busi.BusiLableController.add()','POST',1,'admin',NULL,'/system/lable','127.0.0.1','å†…ç½‘IP','{\"createBy\":\"admin\",\"lableName\":\"è¯¥æ–¹æ³•\",\"createTime\":1620279058807,\"lableDescription\":\"æ–¹å¼ç»™\",\"lableImg\":\"http://localhost:8080/profile/upload/2021/05/06/c034d4fb-2653-450a-b75d-b6927bfae9bd.png\",\"params\":{},\"lableId\":12}','{\"msg\":\"æ“ä½œæˆåŠŸ\",\"code\":200}',0,NULL,'2021-05-06 13:30:58'),(198,'ã€è¯„è®ºã€‘',1,'com.ruoyi.web.controller.busi.BusiCommentController.add()','POST',1,'admin',NULL,'/system/comment','127.0.0.1','å†…ç½‘IP','{\"imgs\":[],\"articleId\":11,\"params\":{},\"content\":\"uiwenfjren\",\"parentId\":20,\"createBy\":\"admin\",\"createTime\":1620279194062,\"answerUser\":1,\"id\":23}','{\"msg\":\"æ“ä½œæˆåŠŸ\",\"code\":200}',0,NULL,'2021-05-06 13:33:14');
/*!40000 ALTER TABLE `sys_oper_log` ENABLE KEYS */;
UNLOCK TABLES;

--
-- Table structure for table `sys_post`
--

DROP TABLE IF EXISTS `sys_post`;
/*!40101 SET @saved_cs_client     = @@character_set_client */;
/*!50503 SET character_set_client = utf8mb4 */;
CREATE TABLE `sys_post` (
  `post_id` bigint NOT NULL AUTO_INCREMENT COMMENT 'å²—ä½ID',
  `post_code` varchar(64) CHARACTER SET utf8 COLLATE utf8_general_ci NOT NULL COMMENT 'å²—ä½ç¼–ç ',
  `post_name` varchar(50) CHARACTER SET utf8 COLLATE utf8_general_ci NOT NULL COMMENT 'å²—ä½åç§°',
  `post_sort` int NOT NULL COMMENT 'æ˜¾ç¤ºé¡ºåº',
  `status` char(1) CHARACTER SET utf8 COLLATE utf8_general_ci NOT NULL COMMENT 'çŠ¶æ€ï¼ˆ0æ­£å¸¸ 1åœç”¨ï¼‰',
  `create_by` varchar(64) CHARACTER SET utf8 COLLATE utf8_general_ci DEFAULT '' COMMENT 'åˆ›å»ºè€…',
  `create_time` datetime DEFAULT NULL COMMENT 'åˆ›å»ºæ—¶é—´',
  `update_by` varchar(64) CHARACTER SET utf8 COLLATE utf8_general_ci DEFAULT '' COMMENT 'æ›´æ–°è€…',
  `update_time` datetime DEFAULT NULL COMMENT 'æ›´æ–°æ—¶é—´',
  `remark` varchar(500) CHARACTER SET utf8 COLLATE utf8_general_ci DEFAULT NULL COMMENT 'å¤‡æ³¨',
  PRIMARY KEY (`post_id`) USING BTREE
) ENGINE=InnoDB AUTO_INCREMENT=5 DEFAULT CHARSET=utf8 ROW_FORMAT=DYNAMIC COMMENT='å²—ä½ä¿¡æ¯è¡¨';
/*!40101 SET character_set_client = @saved_cs_client */;

--
-- Dumping data for table `sys_post`
--

LOCK TABLES `sys_post` WRITE;
/*!40000 ALTER TABLE `sys_post` DISABLE KEYS */;
INSERT INTO `sys_post` VALUES (1,'ceo','è‘£äº‹é•¿',1,'0','admin','2018-03-16 11:33:00','ry','2018-03-16 11:33:00',''),(2,'se','é¡¹ç›®ç»ç†',2,'0','admin','2018-03-16 11:33:00','ry','2018-03-16 11:33:00',''),(3,'hr','äººåŠ›èµ„æº',3,'0','admin','2018-03-16 11:33:00','ry','2018-03-16 11:33:00',''),(4,'user','æ™®é€šå‘˜å·¥',4,'0','admin','2018-03-16 11:33:00','ry','2018-03-16 11:33:00','');
/*!40000 ALTER TABLE `sys_post` ENABLE KEYS */;
UNLOCK TABLES;

--
-- Table structure for table `sys_role`
--

DROP TABLE IF EXISTS `sys_role`;
/*!40101 SET @saved_cs_client     = @@character_set_client */;
/*!50503 SET character_set_client = utf8mb4 */;
CREATE TABLE `sys_role` (
  `role_id` bigint NOT NULL AUTO_INCREMENT COMMENT 'è§’è‰²ID',
  `role_name` varchar(30) CHARACTER SET utf8 COLLATE utf8_general_ci NOT NULL COMMENT 'è§’è‰²åç§°',
  `role_key` varchar(100) CHARACTER SET utf8 COLLATE utf8_general_ci NOT NULL COMMENT 'è§’è‰²æƒé™å­—ç¬¦ä¸²',
  `role_sort` int NOT NULL COMMENT 'æ˜¾ç¤ºé¡ºåº',
  `data_scope` char(1) CHARACTER SET utf8 COLLATE utf8_general_ci DEFAULT '1' COMMENT 'æ•°æ®èŒƒå›´ï¼ˆ1ï¼šå…¨éƒ¨æ•°æ®æƒé™ 2ï¼šè‡ªå®šæ•°æ®æƒé™ 3ï¼šæœ¬éƒ¨é—¨æ•°æ®æƒé™ 4ï¼šæœ¬éƒ¨é—¨åŠä»¥ä¸‹æ•°æ®æƒé™ï¼‰',
  `menu_check_strictly` tinyint(1) DEFAULT '1' COMMENT 'èœå•æ ‘é€‰æ‹©é¡¹æ˜¯å¦å…³è”æ˜¾ç¤º',
  `dept_check_strictly` tinyint(1) DEFAULT '1' COMMENT 'éƒ¨é—¨æ ‘é€‰æ‹©é¡¹æ˜¯å¦å…³è”æ˜¾ç¤º',
  `status` char(1) CHARACTER SET utf8 COLLATE utf8_general_ci NOT NULL COMMENT 'è§’è‰²çŠ¶æ€ï¼ˆ0æ­£å¸¸ 1åœç”¨ï¼‰',
  `del_flag` char(1) CHARACTER SET utf8 COLLATE utf8_general_ci DEFAULT '0' COMMENT 'åˆ é™¤æ ‡å¿—ï¼ˆ0ä»£è¡¨å­˜åœ¨ 2ä»£è¡¨åˆ é™¤ï¼‰',
  `create_by` varchar(64) CHARACTER SET utf8 COLLATE utf8_general_ci DEFAULT '' COMMENT 'åˆ›å»ºè€…',
  `create_time` datetime DEFAULT NULL COMMENT 'åˆ›å»ºæ—¶é—´',
  `update_by` varchar(64) CHARACTER SET utf8 COLLATE utf8_general_ci DEFAULT '' COMMENT 'æ›´æ–°è€…',
  `update_time` datetime DEFAULT NULL COMMENT 'æ›´æ–°æ—¶é—´',
  `remark` varchar(500) CHARACTER SET utf8 COLLATE utf8_general_ci DEFAULT NULL COMMENT 'å¤‡æ³¨',
  PRIMARY KEY (`role_id`) USING BTREE
) ENGINE=InnoDB AUTO_INCREMENT=3 DEFAULT CHARSET=utf8 ROW_FORMAT=DYNAMIC COMMENT='è§’è‰²ä¿¡æ¯è¡¨';
/*!40101 SET character_set_client = @saved_cs_client */;

--
-- Dumping data for table `sys_role`
--

LOCK TABLES `sys_role` WRITE;
/*!40000 ALTER TABLE `sys_role` DISABLE KEYS */;
INSERT INTO `sys_role` VALUES (1,'è¶…çº§ç®¡ç†å‘˜','admin',1,'1',1,1,'0','0','admin','2018-03-16 11:33:00','ry','2018-03-16 11:33:00','è¶…çº§ç®¡ç†å‘˜'),(2,'æ™®é€šè§’è‰²','common',2,'2',1,1,'0','0','admin','2018-03-16 11:33:00','admin','2021-05-05 15:41:35','æ™®é€šè§’è‰²');
/*!40000 ALTER TABLE `sys_role` ENABLE KEYS */;
UNLOCK TABLES;

--
-- Table structure for table `sys_role_dept`
--

DROP TABLE IF EXISTS `sys_role_dept`;
/*!40101 SET @saved_cs_client     = @@character_set_client */;
/*!50503 SET character_set_client = utf8mb4 */;
CREATE TABLE `sys_role_dept` (
  `role_id` bigint NOT NULL COMMENT 'è§’è‰²ID',
  `dept_id` bigint NOT NULL COMMENT 'éƒ¨é—¨ID',
  PRIMARY KEY (`role_id`,`dept_id`) USING BTREE
) ENGINE=InnoDB DEFAULT CHARSET=utf8 ROW_FORMAT=DYNAMIC COMMENT='è§’è‰²å’Œéƒ¨é—¨å…³è”è¡¨';
/*!40101 SET character_set_client = @saved_cs_client */;

--
-- Dumping data for table `sys_role_dept`
--

LOCK TABLES `sys_role_dept` WRITE;
/*!40000 ALTER TABLE `sys_role_dept` DISABLE KEYS */;
INSERT INTO `sys_role_dept` VALUES (2,100),(2,110);
/*!40000 ALTER TABLE `sys_role_dept` ENABLE KEYS */;
UNLOCK TABLES;

--
-- Table structure for table `sys_role_menu`
--

DROP TABLE IF EXISTS `sys_role_menu`;
/*!40101 SET @saved_cs_client     = @@character_set_client */;
/*!50503 SET character_set_client = utf8mb4 */;
CREATE TABLE `sys_role_menu` (
  `role_id` bigint NOT NULL COMMENT 'è§’è‰²ID',
  `menu_id` bigint NOT NULL COMMENT 'èœå•ID',
  PRIMARY KEY (`role_id`,`menu_id`) USING BTREE
) ENGINE=InnoDB DEFAULT CHARSET=utf8 ROW_FORMAT=DYNAMIC COMMENT='è§’è‰²å’Œèœå•å…³è”è¡¨';
/*!40101 SET character_set_client = @saved_cs_client */;

--
-- Dumping data for table `sys_role_menu`
--

LOCK TABLES `sys_role_menu` WRITE;
/*!40000 ALTER TABLE `sys_role_menu` DISABLE KEYS */;
INSERT INTO `sys_role_menu` VALUES (2,1),(2,100),(2,101),(2,102),(2,103),(2,104),(2,105),(2,106),(2,107),(2,108),(2,500),(2,501),(2,1001),(2,1002),(2,1003),(2,1004),(2,1005),(2,1006),(2,1007),(2,1008),(2,1009),(2,1010),(2,1011),(2,1012),(2,1013),(2,1014),(2,1015),(2,1016),(2,1017),(2,1018),(2,1019),(2,1020),(2,1021),(2,1022),(2,1023),(2,1024),(2,1025),(2,1026),(2,1027),(2,1028),(2,1029),(2,1030),(2,1031),(2,1032),(2,1033),(2,1034),(2,1035),(2,1036),(2,1037),(2,1038),(2,1039),(2,1040),(2,1041),(2,1042),(2,1043),(2,1044),(2,1045),(2,1061),(2,1062),(2,1063),(2,1064),(2,1065),(2,1066),(2,1067),(2,1068),(2,1069),(2,1070),(2,1071),(2,1072),(2,1073),(2,1074),(2,1075),(2,1076),(2,1077),(2,1078),(2,1079),(2,1080),(2,1081),(2,1082),(2,1083),(2,1084),(2,1085),(2,1086),(2,1087),(2,1088),(2,1089),(2,1090),(2,1091),(2,1092),(2,1093),(2,1094),(2,1095),(2,1096),(2,1103),(2,1104),(2,1105),(2,1106),(2,1107),(2,1108);
/*!40000 ALTER TABLE `sys_role_menu` ENABLE KEYS */;
UNLOCK TABLES;

--
-- Table structure for table `sys_user`
--

DROP TABLE IF EXISTS `sys_user`;
/*!40101 SET @saved_cs_client     = @@character_set_client */;
/*!50503 SET character_set_client = utf8mb4 */;
CREATE TABLE `sys_user` (
  `user_id` bigint NOT NULL AUTO_INCREMENT COMMENT 'ç”¨æˆ·ID',
  `dept_id` bigint DEFAULT NULL COMMENT 'éƒ¨é—¨ID',
  `user_name` varchar(30) CHARACTER SET utf8 COLLATE utf8_general_ci NOT NULL COMMENT 'ç”¨æˆ·è´¦å·',
  `nick_name` varchar(30) CHARACTER SET utf8 COLLATE utf8_general_ci NOT NULL COMMENT 'ç”¨æˆ·æ˜µç§°',
  `user_type` varchar(2) CHARACTER SET utf8 COLLATE utf8_general_ci DEFAULT '00' COMMENT 'ç”¨æˆ·ç±»å‹ï¼ˆ00ç³»ç»Ÿç”¨æˆ·ï¼‰',
  `email` varchar(50) CHARACTER SET utf8 COLLATE utf8_general_ci DEFAULT '' COMMENT 'ç”¨æˆ·é‚®ç®±',
  `phonenumber` varchar(11) CHARACTER SET utf8 COLLATE utf8_general_ci DEFAULT '' COMMENT 'æ‰‹æœºå·ç ',
  `sex` char(1) CHARACTER SET utf8 COLLATE utf8_general_ci DEFAULT '0' COMMENT 'ç”¨æˆ·æ€§åˆ«ï¼ˆ0ç”· 1å¥³ 2æœªçŸ¥ï¼‰',
  `avatar` varchar(100) CHARACTER SET utf8 COLLATE utf8_general_ci DEFAULT '' COMMENT 'å¤´åƒåœ°å€',
  `password` varchar(100) CHARACTER SET utf8 COLLATE utf8_general_ci DEFAULT '' COMMENT 'å¯†ç ',
  `status` char(1) CHARACTER SET utf8 COLLATE utf8_general_ci DEFAULT '0' COMMENT 'å¸å·çŠ¶æ€ï¼ˆ0æ­£å¸¸ 1åœç”¨ï¼‰',
  `del_flag` char(1) CHARACTER SET utf8 COLLATE utf8_general_ci DEFAULT '0' COMMENT 'åˆ é™¤æ ‡å¿—ï¼ˆ0ä»£è¡¨å­˜åœ¨ 2ä»£è¡¨åˆ é™¤ï¼‰',
  `login_ip` varchar(50) CHARACTER SET utf8 COLLATE utf8_general_ci DEFAULT '' COMMENT 'æœ€åç™»å½•IP',
  `login_date` datetime DEFAULT NULL COMMENT 'æœ€åç™»å½•æ—¶é—´',
  `create_by` varchar(64) CHARACTER SET utf8 COLLATE utf8_general_ci DEFAULT '' COMMENT 'åˆ›å»ºè€…',
  `create_time` datetime DEFAULT NULL COMMENT 'åˆ›å»ºæ—¶é—´',
  `update_by` varchar(64) CHARACTER SET utf8 COLLATE utf8_general_ci DEFAULT '' COMMENT 'æ›´æ–°è€…',
  `update_time` datetime DEFAULT NULL COMMENT 'æ›´æ–°æ—¶é—´',
  `remark` varchar(500) CHARACTER SET utf8 COLLATE utf8_general_ci DEFAULT NULL COMMENT 'å¤‡æ³¨',
  PRIMARY KEY (`user_id`) USING BTREE
) ENGINE=InnoDB AUTO_INCREMENT=14 DEFAULT CHARSET=utf8 ROW_FORMAT=DYNAMIC COMMENT='ç”¨æˆ·ä¿¡æ¯è¡¨';
/*!40101 SET character_set_client = @saved_cs_client */;

--
-- Dumping data for table `sys_user`
--

LOCK TABLES `sys_user` WRITE;
/*!40000 ALTER TABLE `sys_user` DISABLE KEYS */;
INSERT INTO `sys_user` VALUES (1,103,'admin','çœŸä¸€','00','ry@163.com','15888888888','0','/profile/avatar/2021/05/06/cc0b4ad5-5921-44a6-966c-66a0cb8b4b45.jpeg','$2a$10$7JB720yubVSZvUI0rEqK/.VqGOZTH.ulu33dHOiBE8ByOhJIrdAu2','0','0','127.0.0.1','2021-05-05 18:48:47','admin','2021-05-05 18:50:52','ry','2021-05-06 11:46:19','ç®¡ç†å‘˜'),(2,110,'ry','å¼ ä¸‰','00','ry@qq.com','15666666666','1','/profile/avatar/2021/05/06/0ec1a57d-6c1c-457c-b85d-67b63e1fd616.jpeg','$2a$10$7JB720yubVSZvUI0rEqK/.VqGOZTH.ulu33dHOiBE8ByOhJIrdAu2','0','0','127.0.0.1','2021-05-05 18:48:49','admin','2021-05-05 18:50:48','admin','2021-05-05 15:11:54','æµ‹è¯•å‘˜'),(3,110,'dfm','æå››','00','','','1','/profile/avatar/2021/05/06/0ec1a57d-6c1c-457c-b85d-67b63e1fd616.jpeg','$2a$10$7JB720yubVSZvUI0rEqK/.VqGOZTH.ulu33dHOiBE8ByOhJIrdAu2','0','0','','2021-05-05 18:48:50','admin','2021-05-05 18:50:50','',NULL,'ç”¨æˆ·'),(4,110,'ç”¨æˆ·åç§°','ç‹äºŒ','00','','','0','/profile/avatar/2021/05/06/0ec1a57d-6c1c-457c-b85d-67b63e1fd616.jpeg','$2a$10$azcRVTGkYXf0B9PyMuf0FOkn7X7B0Q5iFgZp.9Y8dxjseb.Xkk.Cu','0','2','','2021-05-05 18:48:52','admin','2021-05-05 14:35:48','',NULL,NULL),(5,110,'qwerty','ç§‘æŠ€å¤§å¦','00','','','0','/profile/avatar/2021/05/06/ad236f19-7048-45a1-a35c-404c52f6680c.jpeg','$2a$10$JfEIYOgFPhcnDl0YMr2OV.cHZphGz2FB/cVj5qwl6vySrEIbgVWLS','0','2','','2021-05-05 18:48:54','admin','2021-05-06 02:30:00','',NULL,NULL),(6,110,'tanhong','é˜¿åŸºè¯ºæŸ¥çœ‹','00','','','0','/profile/avatar/2021/05/06/9ac015e7-92cd-4c92-a633-5ffbbba576ed.jpeg','$2a$10$PmLQQlPx0PDyzpcgGTxsKOdImPo..vfwDRJurhRAczTc077jS4JFi','0','0','','2021-05-05 18:48:55','admin','2021-05-06 02:31:24','',NULL,NULL),(7,110,'qwertyui','é˜¿æ–¯å…°çš„æ˜¯','00','','','0','','$2a$10$FR/3iPLANP9ccyeb5.V2AeIhGiVoDYIHiI/a/JryKQMKvIM0ij3Ay','0','2','',NULL,'qwertyui','2021-05-06 10:19:07','',NULL,NULL),(8,110,'zxcvb','å“¦çœ‹çœ‹','00','','','0','','$2a$10$Srt6.lZg6svr8zoKEpLZrukmeKQPZFCHuXer5dbnjwr0tSV8vkRV2','0','0','',NULL,'zxcvb','2021-05-06 10:20:18','',NULL,NULL),(9,110,'asdfg','123456','00','','','0','','$2a$10$A22aDEedRSjDsopD2G666..aDRRkSz9A7.ijGFXyioJ3TcCiY5Ya.','0','2','',NULL,'asdfg','2021-05-06 10:21:40','',NULL,NULL),(10,110,'plmokn','Ininin','00','','','0','','$2a$10$5kImwzgMiFRKcOAkAFFaseVDD8T/e5hIkapUjRX7pFdlXJhzdeTM.','0','0','',NULL,'plmokn','2021-05-06 10:23:08','',NULL,NULL),(11,110,'okmijn','okmijn','00','','','0','','$2a$10$fGkNOYjLc8qFMPsrgUnbreZsIg1Y8nPAKCvhHIBJyjuMim17p8/.u','0','0','',NULL,'okmijn','2021-05-06 10:24:53','',NULL,NULL),(12,110,'tanhongq','çœ‹è§ä½ ','00','','','0','/profile/avatar/2021/05/06/6e554dde-826b-4d52-951f-fdf30715d867.jpeg','$2a$10$asYQBO.j7QtlpT5Xbieh1u0heA19ekxr8vyPm6B5BKEQpyfVWWATy','0','0','',NULL,'tanhongq','2021-05-06 10:25:48','',NULL,NULL),(13,110,'tanhongw','lknç¦»å¼€','00','','','0','/profile/avatar/2021/05/06/3d1efdd9-b02e-40b5-94c7-d9eebced96af.jpeg','$2a$10$mt8upc4rwEH15cEfOdalhupLOvkNL1iDHRuoVEPOTR7Nlo8RHXYaO','0','0','',NULL,'tanhongw','2021-05-06 10:33:45','',NULL,NULL);
/*!40000 ALTER TABLE `sys_user` ENABLE KEYS */;
UNLOCK TABLES;

--
-- Table structure for table `sys_user_post`
--

DROP TABLE IF EXISTS `sys_user_post`;
/*!40101 SET @saved_cs_client     = @@character_set_client */;
/*!50503 SET character_set_client = utf8mb4 */;
CREATE TABLE `sys_user_post` (
  `user_id` bigint NOT NULL COMMENT 'ç”¨æˆ·ID',
  `post_id` bigint NOT NULL COMMENT 'å²—ä½ID',
  PRIMARY KEY (`user_id`,`post_id`) USING BTREE
) ENGINE=InnoDB DEFAULT CHARSET=utf8 ROW_FORMAT=DYNAMIC COMMENT='ç”¨æˆ·ä¸å²—ä½å…³è”è¡¨';
/*!40101 SET character_set_client = @saved_cs_client */;

--
-- Dumping data for table `sys_user_post`
--

LOCK TABLES `sys_user_post` WRITE;
/*!40000 ALTER TABLE `sys_user_post` DISABLE KEYS */;
INSERT INTO `sys_user_post` VALUES (1,1),(2,2);
/*!40000 ALTER TABLE `sys_user_post` ENABLE KEYS */;
UNLOCK TABLES;

--
-- Table structure for table `sys_user_role`
--

DROP TABLE IF EXISTS `sys_user_role`;
/*!40101 SET @saved_cs_client     = @@character_set_client */;
/*!50503 SET character_set_client = utf8mb4 */;
CREATE TABLE `sys_user_role` (
  `user_id` bigint NOT NULL COMMENT 'ç”¨æˆ·ID',
  `role_id` bigint NOT NULL COMMENT 'è§’è‰²ID',
  PRIMARY KEY (`user_id`,`role_id`) USING BTREE
) ENGINE=InnoDB DEFAULT CHARSET=utf8 ROW_FORMAT=DYNAMIC COMMENT='ç”¨æˆ·å’Œè§’è‰²å…³è”è¡¨';
/*!40101 SET character_set_client = @saved_cs_client */;

--
-- Dumping data for table `sys_user_role`
--

LOCK TABLES `sys_user_role` WRITE;
/*!40000 ALTER TABLE `sys_user_role` DISABLE KEYS */;
INSERT INTO `sys_user_role` VALUES (1,1),(2,2),(3,1),(6,2),(8,2),(10,2),(11,2),(12,2),(13,2);
/*!40000 ALTER TABLE `sys_user_role` ENABLE KEYS */;
UNLOCK TABLES;

--
-- Dumping routines for database 'ry_vue'
--
/*!40103 SET TIME_ZONE=@OLD_TIME_ZONE */;

/*!40101 SET SQL_MODE=@OLD_SQL_MODE */;
/*!40014 SET FOREIGN_KEY_CHECKS=@OLD_FOREIGN_KEY_CHECKS */;
/*!40014 SET UNIQUE_CHECKS=@OLD_UNIQUE_CHECKS */;
/*!40101 SET CHARACTER_SET_CLIENT=@OLD_CHARACTER_SET_CLIENT */;
/*!40101 SET CHARACTER_SET_RESULTS=@OLD_CHARACTER_SET_RESULTS */;
/*!40101 SET COLLATION_CONNECTION=@OLD_COLLATION_CONNECTION */;
/*!40111 SET SQL_NOTES=@OLD_SQL_NOTES */;

-- Dump completed on 2021-05-10  0:21:50
